captain_id,city_id,joined_date,vehicle_class,first_week_trips,status,churn_date
CPT00001,AUH,2025-11-22,Business,5,active,
CPT00002,DXB,2025-12-27,Go Plus,26,active,
CPT00003,AUH,2025-11-23,Business,11,active,
CPT00004,DXB,2025-12-11,Go,6,active,
CPT00005,DXB,2025-08-13,Go,17,churned,2025-08-22
CPT00007,SHJ,2025-10-25,Max,3,active,
CPT00008,DXB,2026-01-13,Go,9,active,
CPT00009,DXB,2025-11-26,Go Plus,24,active,
CPT00010,DXB,2025-11-19,Go,20,active,
CPT00013,AUH,2025-10-03,Business,28,churned,2025-10-28
CPT00014,DXB,2025-10-23,Go Plus,28,active,
CPT00016,DXB,2025-12-28,Go Plus,19,active,
CPT00017,DXB,2026-03-09,Business,9,churned,2026-03-28
CPT00018,AUH,2025-09-17,Business,27,churned,2025-10-17
CPT00020,DXB,2025-09-09,Go,16,active,
CPT00021,AUH,2025-08-10,Go Plus,15,active,
CPT00022,DXB,2025-11-05,Go Plus,27,active,
CPT00024,AUH,2025-12-01,Business,22,active,
CPT00025,DXB,2025-08-10,Go,17,churned,2025-09-01
CPT00026,SHJ,2025-09-24,Go,42,active,
CPT00027,AUH,2025-10-31,Go Plus,3,churned,2025-11-16
CPT00028,AUH,2025-11-23,Go,29,active,
CPT00029,SHJ,2025-12-16,Go,67,active,
CPT00031,DXB,2026-03-30,Go Plus,9,active,
CPT00033,SHJ,2025-07-27,Go,15,active,
CPT00035,DXB,2025-08-05,Go Plus,28,active,
CPT00036,DXB,2025-12-15,Max,37,active,
CPT00037,DXB,2025-09-28,Go,18,active,
CPT00038,SHJ,2025-12-20,Go,16,active,
CPT00039,DXB,2025-09-08,Go,11,active,
CPT00041,DXB,2026-03-29,Go Plus,12,churned,2026-04-06
CPT00042,AUH,2025-09-08,Go,43,active,
CPT00043,AUH,2025-12-05,Go,41,active,
CPT00044,AUH,2025-09-18,Go Plus,7,active,
CPT00047,AUH,2025-11-14,Go,9,active,
CPT00049,DXB,2025-12-06,Max,18,active,
CPT00052,DXB,2025-10-03,Business,13,churned,2025-10-26
CPT00054,AUH,2025-11-14,Business,14,active,
CPT00055,SHJ,2026-01-02,Go Plus,37,active,
CPT00056,AUH,2025-09-03,Go,14,active,
CPT00057,DXB,2025-12-18,Go,16,active,
CPT00058,AUH,2025-11-11,Go,5,active,
CPT00059,SHJ,2025-07-17,Go,26,active,
CPT00060,AUH,2025-11-08,Go,47,active,
CPT00061,DXB,2025-09-02,Go,22,active,
CPT00062,DXB,2025-09-19,Max,18,active,
CPT00063,DXB,2025-10-26,Go Plus,29,active,
CPT00064,AUH,2025-08-03,Go,5,active,
CPT00066,AUH,2026-01-14,Go,53,active,
CPT00068,DXB,2026-05-08,Go,18,active,
CPT00069,DXB,2025-12-31,Go,10,active,
CPT00071,DXB,2025-11-10,Go,16,active,
CPT00072,DXB,2025-08-23,Go,25,active,
CPT00073,DXB,2025-10-12,Business,23,active,
CPT00074,DXB,2025-12-28,Go,15,active,
CPT00075,AUH,2025-11-23,Business,38,active,
CPT00076,SHJ,2025-10-02,Business,19,active,
CPT00079,SHJ,2026-01-13,Go,15,active,
CPT00080,SHJ,2026-01-23,Go Plus,10,active,
CPT00081,DXB,2025-07-25,Go Plus,17,active,
CPT00082,SHJ,2025-09-25,Go,15,active,
CPT00084,DXB,2026-01-31,Go,14,active,
CPT00087,SHJ,2025-11-26,Business,13,active,
CPT00088,DXB,2025-09-09,Go,29,active,
CPT00089,AUH,2025-09-12,Go,18,churned,2025-09-22
CPT00090,DXB,2025-08-21,Go Plus,41,active,
CPT00095,DXB,2025-12-07,Go,22,active,
CPT00096,DXB,2025-11-12,Go,14,active,
CPT00097,SHJ,2025-08-12,Go,29,active,
CPT00098,AUH,2025-11-19,Go,15,active,
CPT00099,AUH,2026-01-01,Business,12,active,
CPT00100,DXB,2025-12-18,Go Plus,33,active,
CPT00101,SHJ,2025-12-31,Go,7,churned,2026-01-18
CPT00102,DXB,2025-11-30,Business,11,active,
CPT00103,DXB,2025-10-11,Business,37,active,
CPT00104,DXB,2025-08-10,Go Plus,20,active,
CPT00106,AUH,2025-12-07,Go,2,active,
CPT00108,DXB,2025-12-17,Business,29,active,
CPT00109,AUH,2025-10-10,Business,15,active,
CPT00110,DXB,2026-01-13,Max,10,churned,2026-01-20
CPT00111,DXB,2026-02-25,Go Plus,28,active,
CPT00112,DXB,2025-08-17,Max,3,active,
CPT00113,DXB,2025-09-10,Go,36,active,
CPT00114,DXB,2025-11-11,Go,43,active,
CPT00116,SHJ,2026-01-05,Go,28,active,
CPT00117,AUH,2026-03-10,Go Plus,11,active,
CPT00118,AUH,2026-02-20,Go Plus,26,active,
CPT00119,DXB,2025-08-30,Go,44,active,
CPT00122,SHJ,2026-01-20,Max,14,churned,2026-02-06
CPT00123,DXB,2025-11-06,Go Plus,28,active,
CPT00124,SHJ,2025-10-27,Business,11,active,
CPT00126,DXB,2025-10-27,Go,29,active,
CPT00127,SHJ,2025-08-20,Max,11,active,
CPT00128,DXB,2026-03-22,Business,10,churned,2026-04-13
CPT00129,DXB,2025-08-09,Go,19,churned,2025-08-25
CPT00130,DXB,2025-10-10,Go,2,active,
CPT00131,DXB,2025-12-29,Go,31,active,
CPT00132,DXB,2025-09-11,Business,10,churned,2025-10-06
CPT00133,AUH,2026-01-06,Business,48,active,
CPT00135,DXB,2025-10-23,Go Plus,15,active,
CPT00136,SHJ,2026-02-23,Go Plus,29,active,
CPT00137,DXB,2025-11-05,Go,18,active,
CPT00138,DXB,2025-09-02,Go Plus,23,churned,2025-09-26
CPT00139,DXB,2025-09-30,Go,16,active,
CPT00140,SHJ,2026-01-08,Business,48,active,
CPT00141,DXB,2025-08-07,Business,26,active,
CPT00142,AUH,2026-02-08,Go,13,churned,2026-02-15
CPT00143,DXB,2025-11-20,Go,20,churned,2025-12-18
CPT00144,SHJ,2025-11-16,Go Plus,12,active,
CPT00147,AUH,2025-10-25,Go Plus,19,active,
CPT00148,SHJ,2025-09-15,Go,23,active,
CPT00149,DXB,2025-08-28,Go Plus,11,active,
CPT00151,DXB,2025-08-28,Go Plus,42,active,
CPT00152,DXB,2025-07-24,Go,18,churned,2025-08-08
CPT00153,SHJ,2025-11-09,Business,20,active,
CPT00154,DXB,2025-09-15,Go,22,active,
CPT00158,AUH,2025-10-19,Go,4,active,
CPT00159,DXB,2025-10-10,Go,31,active,
CPT00160,DXB,2025-09-28,Go,25,active,
CPT00161,AUH,2025-10-24,Go,8,active,
CPT00163,DXB,2025-08-14,Go Plus,25,active,
CPT00164,AUH,2025-12-22,Go,19,active,
CPT00165,DXB,2025-09-16,Max,5,active,
CPT00167,DXB,2025-08-31,Go Plus,18,churned,2025-09-11
CPT00168,DXB,2025-07-18,Go,35,churned,2025-07-27
CPT00169,SHJ,2025-08-20,Go,22,active,
CPT00171,AUH,2025-08-22,Go,8,active,
CPT00172,DXB,2026-03-22,Go,18,active,
CPT00173,DXB,2025-08-13,Go,26,active,
CPT00174,DXB,2025-08-10,Go Plus,11,churned,2025-08-23
CPT00178,AUH,2026-04-06,Business,15,active,
CPT00179,AUH,2025-12-13,Go,12,active,
CPT00180,DXB,2026-01-10,Go,57,active,
CPT00181,DXB,2025-10-09,Go Plus,24,active,
CPT00182,DXB,2025-10-07,Go Plus,8,active,
CPT00186,SHJ,2025-09-08,Go Plus,19,active,
CPT00187,SHJ,2025-08-03,Go,2,churned,2025-08-24
CPT00188,AUH,2026-03-07,Go,32,active,
CPT00189,AUH,2026-01-29,Go,24,active,
CPT00190,SHJ,2026-01-21,Go,20,active,
CPT00191,DXB,2025-12-01,Go Plus,19,active,
CPT00192,DXB,2025-09-20,Go,5,active,
CPT00193,DXB,2026-03-01,Business,18,active,
CPT00194,DXB,2026-01-03,Go,13,churned,2026-01-24
CPT00195,DXB,2025-09-09,Max,9,active,
CPT00196,SHJ,2025-07-21,Go,44,active,
CPT00197,DXB,2025-11-19,Go,19,active,
CPT00199,DXB,2026-02-07,Go,27,active,
CPT00200,AUH,2025-09-16,Go Plus,15,active,
CPT00201,DXB,2026-01-09,Go,15,churned,2026-02-05
CPT00202,SHJ,2025-10-20,Business,9,active,
CPT00203,DXB,2025-07-24,Go,9,active,
CPT00205,DXB,2025-10-24,Go Plus,15,active,
CPT00206,DXB,2025-09-17,Go Plus,10,active,
CPT00207,AUH,2025-12-03,Business,19,active,
CPT00208,AUH,2026-03-01,Business,44,active,
CPT00209,SHJ,2025-08-28,Go Plus,6,active,
CPT00210,DXB,2025-10-20,Go,13,churned,2025-11-02
CPT00211,AUH,2025-07-22,Business,31,churned,2025-08-14
CPT00214,DXB,2025-08-12,Go,39,churned,2025-08-19
CPT00215,DXB,2025-08-18,Go,12,active,
CPT00216,DXB,2025-11-20,Go,8,active,
CPT00217,DXB,2025-12-02,Go,50,active,
CPT00218,SHJ,2025-08-16,Go Plus,22,active,
CPT00220,DXB,2025-12-29,Go,17,active,
CPT00221,SHJ,2025-11-07,Go Plus,20,active,
CPT00222,DXB,2025-09-15,Go Plus,14,active,
CPT00223,AUH,2025-09-06,Business,21,active,
CPT00225,DXB,2025-08-31,Go,1,active,
CPT00226,DXB,2025-08-04,Go Plus,19,churned,2025-08-28
CPT00227,DXB,2025-11-25,Go,38,active,
CPT00228,SHJ,2025-09-26,Go,13,churned,2025-10-09
CPT00229,DXB,2025-11-12,Go,17,active,
CPT00230,AUH,2026-04-07,Business,7,active,
CPT00232,SHJ,2025-09-15,Go Plus,9,active,
CPT00233,AUH,2025-09-23,Business,32,active,
CPT00238,AUH,2025-09-12,Go Plus,13,active,
CPT00241,SHJ,2026-01-06,Go Plus,31,active,
CPT00242,SHJ,2025-08-12,Go,11,active,
CPT00243,DXB,2025-09-24,Go Plus,11,active,
CPT00244,DXB,2026-03-13,Go,11,active,
CPT00245,DXB,2025-12-10,Go,4,active,
CPT00247,SHJ,2025-12-02,Go Plus,12,active,
CPT00250,SHJ,2026-02-07,Go,20,active,
CPT00251,DXB,2025-07-10,Business,3,churned,2025-07-19
CPT00252,SHJ,2025-10-01,Go Plus,10,active,
CPT00253,SHJ,2025-08-02,Go,20,active,
CPT00254,DXB,2025-11-20,Go,17,active,
CPT00256,DXB,2025-09-12,Business,6,active,
CPT00257,DXB,2025-11-12,Go,27,churned,2025-12-11
CPT00259,DXB,2025-11-06,Go,24,active,
CPT00260,DXB,2026-04-26,Go Plus,27,active,
CPT00262,DXB,2026-02-15,Max,45,active,
CPT00263,AUH,2025-12-07,Go,16,active,
CPT00264,AUH,2026-03-26,Go,5,active,
CPT00265,DXB,2025-11-11,Business,8,active,
CPT00267,DXB,2025-07-25,Go Plus,18,active,
CPT00268,DXB,2025-10-28,Go,33,churned,2025-11-10
CPT00269,DXB,2026-02-02,Go,41,churned,2026-02-18
CPT00271,DXB,2026-01-26,Business,2,churned,2026-02-17
CPT00272,DXB,2025-12-01,Go Plus,31,active,
CPT00273,SHJ,2025-11-19,Go,26,active,
CPT00275,DXB,2025-08-07,Go,27,churned,2025-09-04
CPT00276,DXB,2025-12-06,Go Plus,7,active,
CPT00278,SHJ,2025-07-20,Go,36,active,
CPT00279,DXB,2025-08-24,Go,3,churned,2025-09-07
CPT00280,DXB,2026-02-28,Go,15,active,
CPT00281,SHJ,2026-02-27,Business,8,churned,2026-03-28
CPT00282,SHJ,2026-03-09,Go,10,active,
CPT00283,DXB,2025-10-08,Business,18,active,
CPT00284,SHJ,2025-10-16,Go Plus,80,active,
CPT00285,DXB,2026-02-10,Business,35,active,
CPT00286,DXB,2025-08-15,Go,37,active,
CPT00287,SHJ,2026-01-15,Max,13,active,
CPT00288,DXB,2026-01-25,Go Plus,20,active,
CPT00290,DXB,2025-11-12,Go,73,active,
CPT00292,DXB,2025-10-18,Go,16,churned,2025-11-02
CPT00294,AUH,2025-09-02,Go Plus,14,active,
CPT00295,DXB,2025-10-21,Max,19,churned,2025-11-08
CPT00296,AUH,2026-02-10,Go,58,active,
CPT00297,AUH,2025-07-16,Go,80,active,
CPT00298,SHJ,2025-11-02,Go Plus,8,active,
CPT00299,DXB,2025-08-12,Go,9,active,
CPT00300,DXB,2025-10-11,Go,7,active,
CPT00301,DXB,2026-02-20,Go Plus,15,active,
CPT00302,DXB,2025-10-22,Go,28,active,
CPT00303,DXB,2025-10-12,Go,69,active,
CPT00304,DXB,2025-11-28,Go,13,active,
CPT00305,DXB,2025-08-16,Go,21,active,
CPT00306,SHJ,2025-11-09,Go Plus,33,active,
CPT00307,SHJ,2025-07-10,Go Plus,11,active,
CPT00308,DXB,2025-10-27,Go Plus,23,active,
CPT00309,AUH,2025-12-18,Max,31,active,
CPT00312,DXB,2025-12-16,Max,41,active,
CPT00314,SHJ,2025-10-19,Go Plus,10,active,
CPT00315,SHJ,2026-02-04,Go Plus,27,active,
CPT00316,DXB,2025-11-20,Go Plus,23,active,
CPT00317,DXB,2026-04-06,Go,20,active,
CPT00318,SHJ,2025-10-17,Go,17,active,
CPT00319,DXB,2025-10-09,Go Plus,42,active,
CPT00320,DXB,2025-11-26,Go Plus,35,active,
CPT00321,DXB,2025-10-21,Max,18,active,
CPT00322,DXB,2026-01-04,Go,4,churned,2026-01-26
CPT00325,DXB,2026-02-06,Go Plus,6,active,
CPT00326,DXB,2025-10-26,Go Plus,8,active,
CPT00327,AUH,2025-12-14,Go,3,active,
CPT00328,DXB,2025-07-27,Max,4,churned,2025-08-07
CPT00329,DXB,2025-09-20,Business,32,active,
CPT00330,AUH,2025-08-02,Go,8,active,
CPT00331,DXB,2025-08-23,Go,6,active,
CPT00333,DXB,2026-01-28,Go,12,churned,2026-02-20
CPT00334,SHJ,2026-05-18,Go Plus,27,active,
CPT00335,DXB,2025-11-03,Go,31,active,
CPT00336,SHJ,2026-03-25,Go,16,active,
CPT00337,SHJ,2025-09-27,Go,9,active,
CPT00339,AUH,2025-11-04,Business,45,active,
CPT00340,DXB,2025-10-05,Max,44,active,
CPT00341,DXB,2025-08-20,Go,6,active,
CPT00342,SHJ,2025-12-21,Go,22,active,
CPT00345,SHJ,2026-04-04,Go Plus,18,active,
CPT00347,AUH,2025-07-31,Go,13,active,
CPT00348,DXB,2025-09-02,Go,33,active,
CPT00349,DXB,2026-02-07,Go,46,active,
CPT00351,DXB,2025-10-22,Go Plus,15,churned,2025-11-02
CPT00352,DXB,2025-10-23,Go Plus,7,active,
CPT00353,DXB,2026-03-12,Go,59,churned,2026-04-02
CPT00354,DXB,2025-09-24,Go,46,active,
CPT00355,SHJ,2026-02-18,Go,25,active,
CPT00356,SHJ,2025-10-07,Go Plus,30,active,
CPT00357,DXB,2025-10-12,Go,16,churned,2025-11-05
CPT00358,DXB,2025-11-20,Business,23,active,
CPT00359,DXB,2026-01-25,Go,7,churned,2026-02-23
CPT00360,DXB,2025-08-17,Business,21,active,
CPT00361,DXB,2025-10-06,Go,24,active,
CPT00362,DXB,2025-08-24,Go Plus,6,active,
CPT00363,AUH,2025-10-08,Go Plus,20,active,
CPT00364,SHJ,2026-01-03,Go,26,active,
CPT00365,AUH,2025-07-31,Go Plus,4,active,
CPT00366,DXB,2025-11-12,Go,5,churned,2025-12-12
CPT00368,DXB,2025-12-07,Go Plus,29,active,
CPT00369,DXB,2026-01-08,Business,23,churned,2026-01-24
CPT00370,AUH,2026-01-06,Go Plus,15,churned,2026-01-14
CPT00371,AUH,2025-11-23,Business,37,active,
CPT00373,AUH,2026-01-23,Go,17,active,
CPT00375,AUH,2025-11-18,Go,16,active,
CPT00376,DXB,2025-09-23,Go,16,active,
CPT00377,AUH,2025-11-10,Go,52,active,
CPT00378,DXB,2025-10-25,Go,7,active,
CPT00379,SHJ,2025-07-22,Go,11,active,
CPT00380,DXB,2025-08-07,Go Plus,12,active,
CPT00381,SHJ,2025-08-15,Go,16,active,
CPT00382,AUH,2025-08-29,Go,12,active,
CPT00383,SHJ,2025-12-27,Go,54,active,
CPT00384,DXB,2026-01-26,Business,8,active,
CPT00385,SHJ,2026-02-15,Go Plus,21,active,
CPT00386,DXB,2025-11-13,Go,23,active,
CPT00387,DXB,2025-10-22,Go,1,active,
CPT00388,SHJ,2025-11-09,Max,21,active,
CPT00390,AUH,2026-01-16,Business,12,active,
CPT00393,SHJ,2025-10-27,Go,24,active,
CPT00395,AUH,2026-01-06,Go,4,churned,2026-01-23
CPT00396,DXB,2026-01-16,Go,7,churned,2026-01-24
CPT00397,DXB,2025-10-27,Go Plus,17,churned,2025-11-09
CPT00398,DXB,2025-07-31,Go,22,active,
CPT00399,AUH,2025-07-23,Go,30,active,
CPT00400,DXB,2025-09-29,Business,17,active,
CPT00401,DXB,2025-12-01,Go Plus,11,active,
CPT00404,DXB,2025-08-19,Business,39,active,
CPT00405,AUH,2026-01-16,Business,8,active,
CPT00408,SHJ,2025-07-17,Business,19,active,
CPT00409,DXB,2025-07-24,Go Plus,18,active,
CPT00410,DXB,2025-11-13,Go,28,active,
CPT00411,AUH,2025-10-10,Go,4,active,
CPT00412,DXB,2025-11-28,Go,23,active,
CPT00413,AUH,2025-10-09,Go,9,active,
CPT00415,AUH,2025-08-14,Go,36,active,
CPT00416,DXB,2026-02-22,Go,18,active,
CPT00417,AUH,2025-10-30,Go Plus,17,active,
CPT00419,DXB,2026-01-08,Go Plus,30,active,
CPT00420,AUH,2026-03-24,Go Plus,2,churned,2026-04-10
CPT00421,AUH,2025-12-03,Go Plus,13,active,
CPT00422,DXB,2025-09-30,Go Plus,2,active,
CPT00423,SHJ,2025-12-10,Go,6,churned,2025-12-21
CPT00424,SHJ,2025-09-24,Go Plus,9,active,
CPT00426,DXB,2026-03-04,Go,11,active,
CPT00427,DXB,2025-12-24,Go Plus,32,active,
CPT00428,DXB,2025-09-17,Business,28,active,
CPT00429,DXB,2026-01-28,Go Plus,18,churned,2026-02-18
CPT00430,AUH,2025-10-26,Business,28,active,
CPT00431,AUH,2025-09-21,Go,4,active,
CPT00432,DXB,2026-02-15,Go Plus,27,active,
CPT00433,DXB,2025-09-12,Go,38,active,
CPT00434,DXB,2026-02-02,Business,21,active,
CPT00436,SHJ,2025-08-26,Go,3,active,
CPT00437,DXB,2025-08-26,Business,18,active,
CPT00439,SHJ,2026-02-03,Max,12,active,
CPT00440,DXB,2026-03-06,Go Plus,16,active,
CPT00441,DXB,2025-11-04,Go,5,churned,2025-11-21
CPT00442,DXB,2026-01-10,Go,2,active,
CPT00443,SHJ,2025-09-20,Go Plus,42,active,
CPT00445,DXB,2025-11-26,Go,23,churned,2025-12-21
CPT00446,AUH,2025-09-11,Go Plus,13,active,
CPT00447,DXB,2026-01-07,Go Plus,6,active,
CPT00448,DXB,2026-01-25,Go Plus,19,active,
CPT00449,AUH,2025-08-26,Go,19,churned,2025-09-19
CPT00450,DXB,2025-08-10,Go Plus,29,active,
CPT00451,AUH,2026-01-05,Go Plus,52,active,
CPT00452,DXB,2026-03-04,Go,11,active,
CPT00453,AUH,2025-09-08,Go,10,active,
CPT00454,DXB,2025-11-03,Business,12,active,
CPT00455,DXB,2025-08-27,Go,0,active,
CPT00456,DXB,2025-10-14,Go,20,active,
CPT00457,DXB,2025-12-11,Go,31,active,
CPT00458,DXB,2025-11-11,Business,16,active,
CPT00459,SHJ,2026-01-18,Go Plus,19,churned,2026-02-13
CPT00460,DXB,2025-12-23,Max,16,active,
CPT00463,SHJ,2026-02-11,Max,15,active,
CPT00464,DXB,2026-02-22,Go,19,active,
CPT00465,DXB,2025-07-31,Go,19,active,
CPT00466,AUH,2025-08-30,Go Plus,41,active,
CPT00467,DXB,2025-09-27,Go Plus,7,active,
CPT00468,SHJ,2025-08-24,Go Plus,4,churned,2025-09-03
CPT00469,SHJ,2026-03-26,Go,30,active,
CPT00471,AUH,2026-03-09,Business,26,active,
CPT00472,DXB,2025-11-03,Go,37,active,
CPT00473,AUH,2025-09-07,Go Plus,12,active,
CPT00474,SHJ,2026-01-28,Go,7,churned,2026-02-26
CPT00475,DXB,2025-08-26,Go Plus,14,churned,2025-09-02
CPT00477,DXB,2026-01-17,Go,23,churned,2026-01-27
CPT00478,AUH,2026-01-16,Go Plus,24,active,
CPT00479,DXB,2025-10-12,Go Plus,11,churned,2025-11-01
CPT00480,SHJ,2025-09-25,Go Plus,20,active,
CPT00484,DXB,2025-10-17,Go,23,active,
CPT00485,DXB,2025-11-10,Business,18,active,
CPT00486,AUH,2025-08-17,Go,2,active,
CPT00488,AUH,2026-02-26,Go,18,active,
CPT00489,AUH,2025-12-07,Go,21,churned,2026-01-02
CPT00490,DXB,2026-02-12,Go Plus,12,active,
CPT00491,AUH,2025-10-27,Go,35,active,
CPT00493,SHJ,2025-08-02,Go Plus,38,active,
CPT00494,DXB,2025-07-29,Go Plus,29,active,
CPT00498,DXB,2025-09-25,Go Plus,24,active,
CPT00499,SHJ,2025-08-13,Go,49,active,
CPT00501,DXB,2026-01-16,Go,13,active,
CPT00502,SHJ,2026-01-09,Go,29,active,
CPT00503,SHJ,2025-09-07,Business,33,active,
CPT00504,DXB,2025-11-13,Go,10,active,
CPT00505,DXB,2025-07-15,Go,19,active,
CPT00506,AUH,2025-07-21,Go,27,active,
CPT00507,DXB,2025-09-11,Max,25,active,
CPT00508,AUH,2026-04-06,Go,14,churned,2026-04-25
CPT00509,AUH,2026-02-06,Go Plus,10,churned,2026-02-17
CPT00510,SHJ,2026-01-27,Go,24,active,
CPT00511,AUH,2025-12-02,Go,6,active,
CPT00512,DXB,2025-12-03,Go,24,active,
CPT00513,DXB,2026-01-12,Go Plus,11,active,
CPT00514,SHJ,2025-09-24,Go,14,churned,2025-10-19
CPT00515,DXB,2025-11-28,Go Plus,18,active,
CPT00516,DXB,2025-10-08,Business,20,active,
CPT00517,SHJ,2025-11-19,Go,5,active,
CPT00518,SHJ,2025-10-14,Go Plus,18,active,
CPT00519,DXB,2026-01-21,Go,20,active,
CPT00520,DXB,2025-11-03,Go,48,active,
CPT00522,SHJ,2025-10-23,Go Plus,16,active,
CPT00523,DXB,2026-02-21,Go Plus,18,active,
CPT00524,SHJ,2025-10-16,Business,11,churned,2025-11-09
CPT00525,AUH,2025-12-24,Go Plus,21,active,
CPT00526,DXB,2025-10-16,Go,44,active,
CPT00527,DXB,2025-10-07,Go Plus,7,active,
CPT00528,DXB,2025-10-05,Go,38,active,
CPT00529,DXB,2025-10-29,Go Plus,26,active,
CPT00531,DXB,2026-02-20,Go Plus,10,churned,2026-03-08
CPT00532,DXB,2026-02-14,Go,19,active,
CPT00533,SHJ,2025-08-24,Go Plus,24,active,
CPT00534,SHJ,2025-08-25,Go,7,active,
CPT00535,DXB,2026-02-26,Go,10,churned,2026-03-16
CPT00537,AUH,2026-02-26,Go Plus,19,active,
CPT00539,DXB,2025-10-11,Go,30,active,
CPT00540,DXB,2025-09-11,Business,17,active,
CPT00541,SHJ,2025-10-17,Go,6,active,
CPT00542,DXB,2025-12-26,Go Plus,41,active,
CPT00544,DXB,2025-11-02,Go Plus,27,active,
CPT00545,SHJ,2025-07-22,Go,7,active,
CPT00547,AUH,2026-02-11,Go Plus,10,active,
CPT00548,DXB,2025-11-14,Go,7,active,
CPT00549,AUH,2025-11-10,Go,11,active,
CPT00550,AUH,2025-12-28,Go,31,active,
CPT00551,AUH,2026-02-11,Go,6,active,
CPT00552,DXB,2026-03-07,Go,1,churned,2026-03-23
CPT00554,AUH,2025-11-09,Go Plus,23,active,
CPT00557,AUH,2025-09-18,Go Plus,14,active,
CPT00558,SHJ,2025-08-16,Go,13,active,
CPT00559,DXB,2025-12-27,Max,56,active,
CPT00562,DXB,2025-11-04,Go,15,churned,2025-11-27
CPT00563,DXB,2025-12-08,Max,59,churned,2026-01-06
CPT00564,AUH,2025-09-08,Go,23,active,
CPT00565,AUH,2025-10-12,Business,30,active,
CPT00566,DXB,2025-12-29,Go,28,active,
CPT00569,DXB,2025-10-27,Go Plus,5,active,
CPT00570,DXB,2025-10-02,Go Plus,32,active,
CPT00571,AUH,2025-09-10,Go,25,active,
CPT00572,DXB,2026-01-23,Go Plus,26,active,
CPT00573,AUH,2025-11-24,Go Plus,5,active,
CPT00574,DXB,2025-11-10,Go,3,active,
CPT00575,DXB,2025-10-07,Business,13,active,
CPT00577,DXB,2025-08-19,Go,15,active,
CPT00578,DXB,2025-08-22,Go,20,active,
CPT00579,DXB,2025-11-03,Go Plus,28,churned,2025-11-12
CPT00580,DXB,2025-09-10,Go,9,active,
CPT00581,DXB,2025-10-20,Go,7,active,
CPT00582,SHJ,2025-09-18,Business,8,active,
CPT00583,SHJ,2025-10-25,Go,46,active,
CPT00584,AUH,2025-09-29,Go Plus,21,active,
CPT00585,DXB,2025-08-12,Business,5,active,
CPT00586,DXB,2025-07-21,Go,43,active,
CPT00587,SHJ,2025-10-14,Go,16,active,
CPT00588,AUH,2025-10-26,Go,10,active,
CPT00589,AUH,2025-10-18,Go,7,active,
CPT00590,DXB,2026-02-12,Go,10,active,
CPT00591,DXB,2025-08-01,Go Plus,15,churned,2025-08-11
CPT00593,DXB,2025-10-01,Go Plus,42,churned,2025-10-09
CPT00594,SHJ,2025-09-01,Go,11,active,
CPT00595,DXB,2025-11-29,Go,19,churned,2025-12-15
CPT00596,SHJ,2025-12-27,Go Plus,23,active,
CPT00597,DXB,2026-03-09,Go Plus,8,active,
CPT00598,DXB,2025-08-05,Go,16,churned,2025-08-19
CPT00599,DXB,2025-11-14,Go,19,active,
CPT00600,DXB,2025-09-24,Business,2,active,
CPT00601,DXB,2025-09-24,Max,14,active,
CPT00602,AUH,2026-01-08,Go Plus,18,active,
CPT00603,DXB,2025-11-16,Go Plus,10,active,
CPT00604,AUH,2025-11-30,Go,20,active,
CPT00605,DXB,2025-11-11,Go,16,active,
CPT00607,SHJ,2025-09-10,Go,18,churned,2025-09-23
CPT00610,DXB,2025-09-03,Business,6,churned,2025-09-27
CPT00611,DXB,2025-08-29,Go,24,active,
CPT00612,DXB,2025-11-26,Business,4,active,
CPT00613,SHJ,2025-07-27,Go Plus,27,active,
CPT00616,SHJ,2026-02-22,Go,19,churned,2026-03-08
CPT00617,DXB,2026-01-02,Go,8,active,
CPT00618,SHJ,2026-02-07,Go Plus,14,active,
CPT00619,SHJ,2025-10-31,Max,17,active,
CPT00620,DXB,2025-10-17,Go,6,active,
CPT00621,SHJ,2025-11-01,Go,17,active,
CPT00622,DXB,2025-12-07,Go,53,active,
CPT00624,DXB,2025-12-24,Go,23,active,
CPT00627,DXB,2025-07-14,Go,13,churned,2025-08-08
CPT00630,DXB,2025-11-29,Go,17,active,
CPT00631,DXB,2026-02-07,Go Plus,16,active,
CPT00632,DXB,2025-09-25,Go,33,active,
CPT00634,AUH,2025-08-22,Business,18,active,
CPT00636,SHJ,2025-08-21,Go Plus,10,churned,2025-09-12
CPT00638,SHJ,2025-09-29,Go Plus,9,active,
CPT00639,DXB,2025-08-29,Go Plus,10,active,
CPT00640,SHJ,2026-02-14,Go,16,active,
CPT00641,AUH,2026-01-27,Business,31,active,
CPT00642,DXB,2025-08-29,Go,2,churned,2025-09-27
CPT00643,AUH,2026-03-03,Go,18,active,
CPT00644,SHJ,2025-09-09,Go,28,active,
CPT00645,SHJ,2026-03-01,Go,38,active,
CPT00649,DXB,2025-07-27,Business,9,active,
CPT00650,DXB,2025-08-15,Go,14,active,
CPT00651,DXB,2025-09-30,Business,6,active,
CPT00652,DXB,2025-08-27,Go Plus,21,active,
CPT00653,DXB,2025-08-07,Go,27,active,
CPT00654,AUH,2025-09-03,Go Plus,4,active,
CPT00656,SHJ,2025-11-05,Go Plus,16,active,
CPT00657,DXB,2025-11-23,Go,51,active,
CPT00658,DXB,2025-07-10,Go,18,active,
CPT00659,AUH,2025-08-06,Business,6,active,
CPT00660,AUH,2025-08-16,Business,19,active,
CPT00661,DXB,2026-03-22,Go,14,active,
CPT00662,AUH,2025-09-19,Go Plus,38,churned,2025-10-15
CPT00663,DXB,2025-11-19,Go,7,churned,2025-12-10
CPT00664,DXB,2026-02-08,Go,28,active,
CPT00665,SHJ,2025-12-27,Go Plus,17,active,
CPT00666,DXB,2025-11-27,Go,44,active,
CPT00667,SHJ,2025-11-17,Business,39,active,
CPT00668,AUH,2026-03-19,Go,27,active,
CPT00669,DXB,2026-01-15,Go,34,active,
CPT00670,DXB,2025-12-13,Go,38,active,
CPT00671,DXB,2025-10-19,Go,15,churned,2025-11-16
CPT00672,DXB,2025-11-27,Business,16,active,
CPT00673,DXB,2025-10-27,Go,26,active,
CPT00674,DXB,2025-07-15,Business,16,active,
CPT00675,AUH,2025-08-21,Max,15,active,
CPT00676,DXB,2025-09-07,Go Plus,9,active,
CPT00677,DXB,2025-08-05,Go,32,active,
CPT00678,DXB,2025-11-18,Go,17,churned,2025-12-05
CPT00680,SHJ,2025-11-05,Go Plus,6,active,
CPT00681,DXB,2025-09-04,Go,18,active,
CPT00682,AUH,2025-08-01,Max,11,active,
CPT00684,SHJ,2025-10-01,Go,36,active,
CPT00685,DXB,2025-11-22,Go Plus,7,active,
CPT00686,DXB,2025-08-20,Go Plus,12,churned,2025-09-01
CPT00687,SHJ,2025-10-17,Go,34,active,
CPT00688,DXB,2026-02-05,Max,27,active,
CPT00689,DXB,2026-03-09,Go,10,active,
CPT00691,AUH,2025-08-05,Go Plus,15,active,
CPT00692,SHJ,2026-04-22,Go,23,active,
CPT00693,DXB,2026-02-22,Business,24,active,
CPT00694,SHJ,2026-01-14,Max,11,churned,2026-01-29
CPT00695,DXB,2025-10-23,Business,1,active,
CPT00697,DXB,2025-08-25,Go,20,active,
CPT00698,AUH,2025-12-15,Go Plus,3,active,
CPT00699,AUH,2025-07-24,Go Plus,35,active,
CPT00700,DXB,2025-07-29,Business,23,churned,2025-08-24
CPT00701,AUH,2025-08-02,Business,20,active,
CPT00702,AUH,2025-12-08,Go,39,active,
CPT00703,DXB,2025-10-24,Go Plus,14,active,
CPT00705,DXB,2025-09-25,Go,25,active,
CPT00706,DXB,2025-10-17,Go Plus,21,active,
CPT00708,SHJ,2025-10-16,Go Plus,25,active,
CPT00709,DXB,2025-12-04,Go,44,active,
CPT00711,AUH,2025-09-24,Go Plus,37,active,
CPT00712,AUH,2025-12-01,Go,9,churned,2025-12-16
CPT00713,DXB,2025-10-16,Go Plus,12,active,
CPT00714,SHJ,2025-11-18,Go,33,churned,2025-12-04
CPT00715,DXB,2025-12-20,Go,12,active,
CPT00716,DXB,2025-08-25,Go Plus,28,active,
CPT00717,DXB,2025-09-10,Go,32,active,
CPT00718,DXB,2025-08-23,Go Plus,33,active,
CPT00719,SHJ,2025-10-09,Go,44,active,
CPT00721,AUH,2026-02-07,Go,31,churned,2026-03-08
CPT00722,SHJ,2025-11-26,Go Plus,15,active,
CPT00723,SHJ,2025-11-14,Go,12,active,
CPT00726,AUH,2026-01-10,Go,13,churned,2026-01-29
CPT00728,DXB,2026-02-27,Go,43,churned,2026-03-15
CPT00729,DXB,2026-02-07,Go,39,active,
CPT00730,DXB,2025-11-28,Go,32,churned,2025-12-10
CPT00732,DXB,2025-12-13,Go,26,active,
CPT00733,DXB,2025-09-14,Go,25,active,
CPT00735,DXB,2026-02-28,Go Plus,33,active,
CPT00736,DXB,2025-09-23,Go,20,active,
CPT00737,AUH,2025-08-12,Go,25,active,
CPT00738,SHJ,2025-07-29,Go,13,active,
CPT00739,DXB,2025-08-26,Go,30,churned,2025-09-06
CPT00740,AUH,2025-12-17,Max,29,active,
CPT00741,SHJ,2025-07-30,Go,31,churned,2025-08-12
CPT00742,DXB,2025-12-24,Max,7,churned,2026-01-11
CPT00743,DXB,2026-03-06,Go Plus,23,churned,2026-04-02
CPT00745,DXB,2026-03-09,Go,14,churned,2026-03-23
CPT00746,SHJ,2025-11-20,Go,38,active,
CPT00747,DXB,2025-12-11,Go Plus,26,active,
CPT00748,DXB,2025-07-20,Max,8,active,
CPT00749,DXB,2025-12-05,Business,23,active,
CPT00750,DXB,2025-11-06,Go Plus,32,active,
CPT00751,DXB,2025-10-08,Business,27,active,
CPT00752,DXB,2025-09-29,Go Plus,10,churned,2025-10-09
CPT00753,SHJ,2025-10-01,Business,30,active,
CPT00754,AUH,2025-10-01,Go,87,active,
CPT00755,DXB,2025-08-27,Go,33,active,
CPT00756,SHJ,2026-01-28,Go,20,active,
CPT00757,AUH,2025-11-23,Go Plus,18,active,
CPT00758,DXB,2026-02-18,Go,17,active,
CPT00759,DXB,2025-09-01,Go,21,active,
CPT00761,DXB,2026-01-18,Go,23,active,
CPT00763,DXB,2026-01-05,Go,7,active,
CPT00766,DXB,2025-08-21,Go Plus,10,churned,2025-09-09
CPT00768,AUH,2025-12-04,Go,7,active,
CPT00769,SHJ,2025-10-04,Max,8,active,
CPT00770,DXB,2025-11-27,Go,20,active,
CPT00771,SHJ,2025-07-17,Go Plus,12,churned,2025-08-15
CPT00772,AUH,2025-08-20,Go Plus,13,churned,2025-08-29
CPT00775,DXB,2025-10-23,Go Plus,23,active,
CPT00778,SHJ,2025-11-13,Max,25,active,
CPT00779,DXB,2025-08-18,Business,12,active,
CPT00780,AUH,2026-04-21,Go,18,active,
CPT00781,SHJ,2025-10-31,Go,26,active,
CPT00782,DXB,2025-09-24,Go Plus,18,active,
CPT00783,DXB,2025-12-09,Go Plus,36,active,
CPT00784,SHJ,2025-08-16,Go,3,active,
CPT00786,DXB,2026-01-24,Go Plus,26,active,
CPT00787,AUH,2025-09-04,Go,21,active,
CPT00789,DXB,2025-12-28,Go,6,active,
CPT00790,DXB,2025-07-06,Go,14,churned,2025-07-30
CPT00791,AUH,2025-09-01,Business,16,active,
CPT00792,DXB,2025-12-01,Go,34,active,
CPT00793,DXB,2026-01-08,Go,19,active,
CPT00796,AUH,2025-10-21,Go Plus,8,active,
CPT00798,AUH,2025-08-16,Go Plus,14,active,
CPT00799,DXB,2025-09-09,Go,13,active,
CPT00800,AUH,2026-02-27,Business,46,active,
CPT00801,AUH,2025-10-19,Go,15,active,
CPT00803,AUH,2025-09-16,Go,38,active,
CPT00804,AUH,2026-01-12,Go,15,active,
CPT00805,DXB,2025-08-25,Go,40,active,
CPT00807,DXB,2025-11-03,Max,50,active,
CPT00808,SHJ,2025-12-05,Go Plus,37,active,
CPT00810,SHJ,2025-10-21,Go,17,active,
CPT00811,AUH,2025-10-16,Go,43,active,
CPT00813,SHJ,2025-12-29,Go,23,active,
CPT00814,DXB,2025-09-07,Go,21,active,
CPT00816,DXB,2026-03-17,Business,13,active,
CPT00817,SHJ,2026-01-28,Go,16,active,
CPT00818,DXB,2025-09-19,Go Plus,21,churned,2025-10-14
CPT00820,AUH,2025-09-18,Go,17,churned,2025-09-30
CPT00821,SHJ,2025-08-28,Go,12,churned,2025-09-07
CPT00824,SHJ,2025-11-30,Go,37,active,
CPT00825,DXB,2025-11-08,Max,22,active,
CPT00826,DXB,2025-12-27,Business,17,churned,2026-01-04
CPT00829,AUH,2025-08-07,Go,29,churned,2025-08-14
CPT00830,AUH,2026-01-16,Go,33,active,
CPT00831,DXB,2025-08-28,Business,46,active,
CPT00833,DXB,2026-04-19,Go Plus,19,active,
CPT00834,AUH,2025-10-08,Business,33,active,
CPT00836,DXB,2025-10-30,Go,25,active,
CPT00837,DXB,2025-08-11,Go,17,active,
CPT00838,SHJ,2025-12-29,Go,36,active,
CPT00839,DXB,2025-10-23,Go,25,active,
CPT00841,AUH,2026-03-08,Go,16,active,
CPT00842,AUH,2026-02-17,Go,18,active,
CPT00843,SHJ,2025-10-09,Business,25,active,
CPT00844,DXB,2025-11-20,Go,29,active,
CPT00846,AUH,2025-11-17,Go,13,churned,2025-11-26
CPT00848,DXB,2026-03-06,Go Plus,25,churned,2026-03-15
CPT00849,DXB,2026-01-23,Go,82,active,
CPT00850,AUH,2026-01-25,Go Plus,27,active,
CPT00852,SHJ,2025-07-13,Go,7,active,
CPT00853,SHJ,2025-09-30,Go Plus,24,active,
CPT00855,DXB,2026-01-07,Go,7,active,
CPT00856,SHJ,2025-11-01,Go Plus,10,active,
CPT00857,SHJ,2025-09-17,Business,14,active,
CPT00858,AUH,2025-12-27,Max,19,active,
CPT00859,AUH,2025-08-15,Go Plus,30,active,
CPT00860,DXB,2025-09-26,Go,6,active,
CPT00861,DXB,2025-07-16,Business,10,active,
CPT00862,AUH,2025-08-28,Go Plus,34,active,
CPT00863,SHJ,2025-12-02,Go,24,active,
CPT00864,SHJ,2025-11-12,Business,49,active,
CPT00865,SHJ,2025-08-21,Go,0,active,
CPT00866,DXB,2026-02-08,Go Plus,32,active,
CPT00867,SHJ,2025-10-16,Go Plus,9,churned,2025-10-31
CPT00868,DXB,2025-12-04,Go Plus,43,active,
CPT00869,DXB,2025-10-14,Go Plus,29,active,
CPT00870,SHJ,2025-11-29,Go,13,active,
CPT00871,SHJ,2025-08-13,Max,17,active,
CPT00872,AUH,2025-07-12,Go,22,active,
CPT00873,SHJ,2025-12-14,Business,27,active,
CPT00875,AUH,2025-08-10,Go Plus,4,active,
CPT00876,DXB,2025-10-01,Go,7,churned,2025-10-18
CPT00877,SHJ,2025-12-26,Go,35,active,
CPT00878,DXB,2026-02-11,Go,24,active,
CPT00879,SHJ,2025-08-14,Go,18,churned,2025-09-01
CPT00880,SHJ,2025-07-11,Go,21,active,
CPT00883,DXB,2025-11-04,Go Plus,13,active,
CPT00884,DXB,2026-02-13,Go Plus,24,active,
CPT00885,SHJ,2025-09-17,Go,14,active,
CPT00886,DXB,2025-10-12,Go,13,active,
CPT00887,AUH,2025-08-02,Max,29,active,
CPT00888,DXB,2026-02-10,Go,13,active,
CPT00889,SHJ,2026-01-25,Business,16,active,
CPT00890,SHJ,2026-03-21,Go Plus,29,active,
CPT00891,SHJ,2025-09-12,Go,30,active,
CPT00892,DXB,2026-02-14,Go,13,churned,2026-03-15
CPT00893,AUH,2025-12-04,Go Plus,22,active,
CPT00894,AUH,2025-08-08,Go,27,active,
CPT00895,SHJ,2026-01-01,Go Plus,40,active,
CPT00896,AUH,2025-10-03,Go Plus,33,active,
CPT00898,DXB,2025-12-30,Go,18,active,
CPT00899,DXB,2025-10-14,Go,13,active,
CPT00900,SHJ,2025-11-26,Max,31,active,
CPT00902,SHJ,2026-02-06,Go,21,active,
CPT00903,DXB,2025-10-24,Business,17,active,
CPT00904,AUH,2025-09-07,Go,7,churned,2025-09-27
CPT00906,DXB,2026-03-09,Go,34,active,
CPT00907,DXB,2025-12-19,Go,20,active,
CPT00913,SHJ,2025-10-08,Go,12,active,
CPT00914,DXB,2025-10-12,Go,10,churned,2025-10-24
CPT00916,SHJ,2025-08-29,Go Plus,9,active,
CPT00919,DXB,2025-11-01,Go Plus,15,churned,2025-11-24
CPT00921,DXB,2025-10-07,Go Plus,7,active,
CPT00922,DXB,2026-02-07,Go Plus,55,active,
CPT00923,AUH,2025-12-12,Business,6,churned,2025-12-25
CPT00924,AUH,2025-10-27,Business,19,active,
CPT00926,DXB,2026-03-11,Go Plus,11,churned,2026-04-10
CPT00928,SHJ,2025-11-27,Go Plus,19,active,
CPT00929,SHJ,2025-11-08,Go,30,active,
CPT00930,DXB,2026-01-06,Go Plus,18,active,
CPT00931,SHJ,2025-08-12,Go,30,active,
CPT00934,AUH,2026-05-03,Go,7,active,
CPT00935,AUH,2025-10-16,Go,20,active,
CPT00936,AUH,2025-08-18,Go,33,active,
CPT00937,DXB,2025-10-31,Go,10,active,
CPT00940,DXB,2026-01-30,Go Plus,13,active,
CPT00941,SHJ,2026-03-11,Go,35,active,
CPT00944,SHJ,2026-02-11,Business,40,active,
CPT00946,SHJ,2025-11-24,Go,16,churned,2025-12-17
CPT00947,DXB,2026-01-14,Go,29,active,
CPT00948,DXB,2025-11-10,Go,12,active,
CPT00949,SHJ,2025-11-30,Go,26,active,
CPT00950,AUH,2025-07-17,Go,10,active,
CPT00952,AUH,2025-07-14,Go,11,active,
CPT00954,DXB,2026-01-14,Go Plus,24,active,
CPT00955,AUH,2026-03-13,Business,15,churned,2026-04-05
CPT00956,SHJ,2025-11-02,Business,17,churned,2025-11-20
CPT00957,DXB,2025-10-21,Go,17,churned,2025-10-29
CPT00958,AUH,2025-11-09,Go,19,active,
CPT00960,DXB,2026-03-30,Go,8,active,
CPT00961,DXB,2025-10-23,Go,15,active,
CPT00962,SHJ,2025-09-09,Go,6,churned,2025-10-06
CPT00963,DXB,2025-12-02,Go Plus,11,active,
CPT00965,AUH,2026-01-01,Business,4,active,
CPT00966,AUH,2025-10-09,Go,52,active,
CPT00968,DXB,2025-08-24,Go,26,active,
CPT00971,AUH,2026-01-24,Go,27,active,
CPT00972,DXB,2025-12-19,Go,7,active,
CPT00973,AUH,2025-11-03,Go,3,active,
CPT00975,SHJ,2025-10-15,Go Plus,58,active,
CPT00976,DXB,2026-01-04,Go,10,churned,2026-01-13
CPT00977,DXB,2026-02-22,Max,11,active,
CPT00978,AUH,2025-11-05,Go Plus,30,active,
CPT00979,DXB,2025-11-05,Business,25,active,
CPT00980,DXB,2025-11-21,Go,9,active,
CPT00981,DXB,2025-11-02,Go,9,churned,2025-11-24
CPT00982,DXB,2025-12-24,Business,32,churned,2026-01-11
CPT00984,DXB,2026-03-24,Go,22,active,
CPT00985,SHJ,2026-03-16,Go,13,active,
CPT00986,DXB,2026-03-14,Go,28,active,
CPT00987,AUH,2025-10-04,Go,23,active,
CPT00988,AUH,2025-07-22,Go Plus,29,active,
CPT00992,DXB,2025-11-08,Go Plus,17,active,
CPT00993,DXB,2025-07-29,Go,20,active,
CPT00994,AUH,2025-08-26,Go,7,churned,2025-09-23
CPT00996,DXB,2025-09-05,Max,41,active,
CPT00998,DXB,2025-10-14,Go,27,active,
CPT01000,DXB,2025-10-05,Go,58,active,
CPT01003,SHJ,2025-11-04,Go,37,active,
CPT01004,DXB,2025-08-09,Go Plus,19,churned,2025-08-31
CPT01005,DXB,2025-10-17,Go,35,active,
CPT01006,AUH,2025-12-14,Go,11,active,
CPT01008,AUH,2025-09-23,Go Plus,11,churned,2025-10-11
CPT01009,DXB,2025-08-07,Go Plus,2,active,
CPT01010,AUH,2026-01-06,Go Plus,43,active,
CPT01011,SHJ,2026-03-27,Go Plus,10,active,
CPT01012,AUH,2025-10-13,Business,20,active,
CPT01014,SHJ,2025-09-17,Max,26,active,
CPT01016,SHJ,2025-12-06,Go,31,active,
CPT01017,SHJ,2025-10-26,Go,6,churned,2025-11-24
CPT01018,SHJ,2026-03-18,Business,38,active,
CPT01019,DXB,2025-08-29,Go Plus,24,active,
CPT01021,DXB,2026-02-22,Go,12,churned,2026-03-10
CPT01022,DXB,2026-01-30,Go,17,active,
CPT01023,DXB,2025-11-26,Max,51,active,
CPT01024,DXB,2025-12-04,Business,12,churned,2025-12-28
CPT01025,AUH,2025-10-04,Go,14,active,
CPT01026,AUH,2026-02-07,Go Plus,43,active,
CPT01028,DXB,2026-03-08,Go Plus,43,active,
CPT01029,DXB,2025-11-23,Go,26,active,
CPT01030,AUH,2025-08-08,Max,22,active,
CPT01031,DXB,2025-11-23,Go,25,active,
CPT01032,DXB,2025-07-17,Go,16,active,
CPT01033,AUH,2025-10-13,Go Plus,15,active,
CPT01034,DXB,2025-09-01,Go,11,churned,2025-09-19
CPT01035,DXB,2025-10-27,Go Plus,34,active,
CPT01037,DXB,2025-08-06,Go Plus,24,active,
CPT01038,AUH,2025-12-25,Go,11,active,
CPT01039,DXB,2025-11-08,Go,53,active,
CPT01040,DXB,2025-08-09,Go Plus,9,active,
CPT01041,SHJ,2025-09-16,Go Plus,11,active,
CPT01042,DXB,2026-03-24,Go Plus,16,active,
CPT01043,AUH,2026-01-01,Go Plus,26,active,
CPT01045,AUH,2025-08-13,Go,24,active,
CPT01046,SHJ,2025-10-04,Go,66,churned,2025-11-03
CPT01047,SHJ,2025-08-30,Go,17,active,
CPT01048,SHJ,2026-01-05,Business,11,active,
CPT01049,SHJ,2025-08-14,Go Plus,17,active,
CPT01050,AUH,2025-11-12,Go,7,active,
CPT01051,DXB,2025-12-01,Go,32,active,
CPT01052,AUH,2025-10-09,Go,5,active,
CPT01053,SHJ,2025-10-05,Go,13,active,
CPT01055,SHJ,2026-03-30,Go,10,active,
CPT01057,AUH,2026-01-04,Go,13,churned,2026-01-29
CPT01058,AUH,2025-07-21,Go,12,churned,2025-08-09
CPT01059,DXB,2025-11-17,Go,11,active,
CPT01060,SHJ,2026-02-11,Go Plus,18,churned,2026-03-01
CPT01061,SHJ,2025-10-25,Go,3,active,
CPT01062,AUH,2025-11-22,Business,36,active,
CPT01063,DXB,2025-07-20,Go Plus,21,churned,2025-08-03
CPT01064,DXB,2025-10-08,Business,66,churned,2025-10-19
CPT01065,DXB,2025-09-26,Go,34,active,
CPT01067,AUH,2025-12-02,Go,21,churned,2025-12-14
CPT01068,DXB,2025-11-15,Business,14,active,
CPT01069,AUH,2025-09-14,Go,19,active,
CPT01070,DXB,2025-08-24,Go Plus,19,active,
CPT01071,AUH,2026-01-06,Go,35,active,
CPT01073,AUH,2026-01-31,Go,12,active,
CPT01074,AUH,2025-10-10,Go,27,active,
CPT01075,SHJ,2025-10-25,Go,21,active,
CPT01076,DXB,2025-12-18,Go Plus,15,active,
CPT01078,DXB,2026-02-10,Go,23,active,
CPT01079,AUH,2026-05-03,Go,28,active,
CPT01080,DXB,2026-03-08,Go,7,churned,2026-04-02
CPT01082,SHJ,2025-10-31,Go,18,active,
CPT01083,AUH,2025-07-26,Go Plus,1,active,
CPT01084,DXB,2025-11-17,Go,26,active,
CPT01085,DXB,2025-12-18,Go,12,active,
CPT01086,SHJ,2026-01-11,Go Plus,6,active,
CPT01087,DXB,2025-12-23,Go,2,active,
CPT01088,DXB,2025-08-16,Go Plus,8,churned,2025-08-29
CPT01089,AUH,2026-01-15,Go,25,active,
CPT01090,DXB,2025-11-11,Go,43,active,
CPT01091,DXB,2025-08-04,Go,12,active,
CPT01094,DXB,2025-08-25,Go,22,active,
CPT01095,SHJ,2025-09-18,Go,12,active,
CPT01096,DXB,2025-11-23,Go Plus,16,active,
CPT01097,DXB,2025-12-15,Business,20,active,
CPT01098,DXB,2025-12-07,Go,12,active,
CPT01099,AUH,2026-01-10,Go Plus,24,churned,2026-01-25
CPT01103,SHJ,2025-09-23,Go Plus,28,active,
CPT01105,AUH,2025-12-19,Go,16,active,
CPT01107,DXB,2025-08-07,Go Plus,63,active,
CPT01109,DXB,2026-02-07,Go,34,active,
CPT01110,SHJ,2026-01-23,Max,11,active,
CPT01112,DXB,2025-10-27,Go,18,active,
CPT01114,DXB,2026-03-16,Business,13,active,
CPT01115,DXB,2026-01-19,Go Plus,18,active,
CPT01116,AUH,2025-12-04,Go,10,active,
CPT01117,DXB,2025-12-14,Go,23,active,
CPT01118,DXB,2026-04-01,Go Plus,22,active,
CPT01119,DXB,2025-08-02,Go,10,active,
CPT01120,SHJ,2026-01-26,Max,27,active,
CPT01121,DXB,2025-10-04,Go,14,active,
CPT01122,DXB,2025-09-15,Business,20,active,
CPT01123,DXB,2025-08-11,Go,17,active,
CPT01124,DXB,2026-03-21,Go,39,active,
CPT01125,SHJ,2025-07-13,Go Plus,10,active,
CPT01126,SHJ,2025-09-12,Go,24,active,
CPT01127,DXB,2025-11-25,Max,5,active,
CPT01128,AUH,2026-01-18,Go,15,active,
CPT01129,DXB,2025-10-23,Go,12,active,
CPT01133,AUH,2025-11-23,Go,22,active,
CPT01134,AUH,2025-12-13,Go Plus,20,active,
CPT01135,DXB,2026-01-19,Go Plus,25,active,
CPT01136,SHJ,2025-08-27,Business,13,churned,2025-09-20
CPT01137,DXB,2025-12-16,Max,10,active,
CPT01138,DXB,2025-08-26,Business,29,active,
CPT01139,SHJ,2025-09-07,Go Plus,18,active,
CPT01140,DXB,2025-12-30,Go,4,active,
CPT01141,DXB,2026-01-18,Business,24,churned,2026-02-02
CPT01142,SHJ,2026-01-31,Go Plus,10,active,
CPT01147,AUH,2025-07-31,Go Plus,6,active,
CPT01148,DXB,2025-10-20,Max,9,active,
CPT01150,DXB,2025-11-08,Business,4,active,
CPT01151,DXB,2025-10-15,Go Plus,17,active,
CPT01152,AUH,2025-08-07,Go Plus,16,active,
CPT01153,DXB,2025-07-28,Business,11,active,
CPT01154,DXB,2025-11-01,Go,19,active,
CPT01157,SHJ,2025-10-01,Go,11,active,
CPT01158,DXB,2025-09-02,Go Plus,6,active,
CPT01159,DXB,2025-08-23,Go,25,active,
CPT01160,AUH,2026-02-21,Go Plus,15,churned,2026-03-23
CPT01163,AUH,2026-03-17,Business,23,active,
CPT01164,AUH,2025-09-25,Go,5,active,
CPT01165,DXB,2025-10-01,Go,33,active,
CPT01166,DXB,2025-09-09,Go,11,churned,2025-09-18
CPT01168,SHJ,2026-01-12,Go Plus,14,churned,2026-02-09
CPT01169,SHJ,2026-01-05,Business,18,churned,2026-02-02
CPT01170,SHJ,2025-12-22,Go,14,active,
CPT01171,SHJ,2025-07-29,Max,16,active,
CPT01172,AUH,2025-08-23,Go Plus,34,active,
CPT01173,DXB,2025-09-10,Business,9,active,
CPT01174,AUH,2025-10-01,Business,21,active,
CPT01178,SHJ,2025-09-15,Go Plus,18,active,
CPT01179,AUH,2025-10-06,Go,6,active,
CPT01180,DXB,2025-09-28,Go Plus,13,active,
CPT01181,SHJ,2026-02-07,Go,6,active,
CPT01182,DXB,2026-01-07,Go,13,active,
CPT01183,DXB,2025-08-06,Go,29,active,
CPT01184,SHJ,2025-11-03,Go Plus,16,active,
CPT01185,AUH,2025-12-01,Go Plus,20,active,
CPT01187,DXB,2026-01-11,Go,22,active,
CPT01188,DXB,2025-11-27,Go Plus,19,active,
CPT01189,SHJ,2025-12-16,Go,17,churned,2026-01-04
CPT01190,SHJ,2025-12-27,Go,26,active,
CPT01191,DXB,2025-11-30,Max,8,active,
CPT01192,DXB,2025-07-20,Go,75,active,
CPT01193,SHJ,2025-10-31,Business,31,active,
CPT01194,AUH,2025-11-19,Go,3,churned,2025-11-28
CPT01195,SHJ,2026-03-24,Go Plus,12,churned,2026-04-22
CPT01196,AUH,2026-02-13,Go,24,active,
CPT01197,DXB,2025-12-01,Go Plus,31,active,
CPT01198,SHJ,2025-09-02,Go,27,active,
CPT01199,DXB,2025-08-20,Go,14,active,
CPT01200,DXB,2025-08-18,Go,52,active,
CPT01201,SHJ,2026-02-22,Go,27,active,
CPT01202,SHJ,2025-08-31,Go,19,active,
CPT01203,DXB,2025-09-12,Go,33,active,
CPT01204,DXB,2026-03-03,Go Plus,25,active,
CPT01206,DXB,2026-03-06,Go,9,active,
CPT01207,SHJ,2025-11-11,Go,6,active,
CPT01209,DXB,2025-07-11,Go,11,active,
CPT01210,DXB,2025-08-12,Go,12,churned,2025-09-01
CPT01211,DXB,2026-02-18,Business,11,active,
CPT01214,DXB,2026-02-19,Go Plus,10,active,
CPT01216,AUH,2025-11-16,Go Plus,18,churned,2025-11-28
CPT01217,DXB,2025-11-03,Go Plus,8,churned,2025-11-27
CPT01219,AUH,2026-04-08,Go,13,churned,2026-04-17
CPT01222,SHJ,2025-08-25,Go,14,active,
CPT01223,DXB,2025-12-18,Go,3,active,
CPT01224,DXB,2025-11-25,Go,7,active,
CPT01225,SHJ,2026-01-03,Go,21,active,
CPT01226,AUH,2025-12-12,Business,13,churned,2025-12-25
CPT01227,AUH,2026-04-27,Go,27,active,
CPT01228,DXB,2025-09-13,Business,33,active,
CPT01229,SHJ,2026-01-08,Go,15,churned,2026-01-22
CPT01230,DXB,2025-10-29,Go Plus,22,active,
CPT01232,AUH,2025-10-03,Go,22,active,
CPT01233,SHJ,2025-08-28,Go Plus,13,active,
CPT01234,DXB,2025-08-16,Go,18,active,
CPT01235,DXB,2025-12-01,Go,32,active,
CPT01236,SHJ,2025-08-24,Go,13,active,
CPT01237,AUH,2025-12-27,Go,30,active,
CPT01239,AUH,2025-08-10,Go Plus,35,churned,2025-08-17
CPT01240,AUH,2026-03-08,Go Plus,44,active,
CPT01241,SHJ,2025-08-26,Go,24,active,
CPT01242,SHJ,2025-11-15,Go Plus,16,churned,2025-12-11
CPT01243,AUH,2025-09-09,Go Plus,27,churned,2025-09-18
CPT01245,DXB,2026-04-09,Go,26,active,
CPT01247,DXB,2025-11-27,Go Plus,9,churned,2025-12-09
CPT01248,SHJ,2026-01-05,Go,26,active,
CPT01251,SHJ,2025-08-15,Go,51,active,
CPT01252,DXB,2025-09-15,Go,16,churned,2025-10-09
CPT01253,DXB,2025-11-10,Business,11,active,
CPT01257,DXB,2026-01-08,Business,24,active,
CPT01258,AUH,2026-03-10,Go,43,active,
CPT01260,DXB,2026-01-25,Go Plus,24,active,
CPT01261,DXB,2025-12-27,Go,4,churned,2026-01-20
CPT01262,AUH,2025-08-02,Go Plus,25,active,
CPT01263,SHJ,2025-08-03,Go Plus,13,churned,2025-09-02
CPT01264,DXB,2026-03-04,Go,32,active,
CPT01265,SHJ,2025-08-09,Go Plus,42,active,
CPT01267,DXB,2025-11-06,Go,41,active,
CPT01268,DXB,2025-09-20,Business,10,active,
CPT01269,DXB,2025-10-08,Go Plus,26,active,
CPT01270,AUH,2026-03-09,Max,27,active,
CPT01272,AUH,2025-10-29,Go,12,churned,2025-11-24
CPT01274,AUH,2025-11-18,Go Plus,19,active,
CPT01275,SHJ,2025-08-10,Max,19,active,
CPT01276,SHJ,2025-11-22,Go Plus,13,active,
CPT01277,AUH,2025-11-15,Go Plus,38,active,
CPT01278,DXB,2025-09-04,Go,19,active,
CPT01279,AUH,2025-08-16,Go,19,churned,2025-09-10
CPT01280,SHJ,2026-03-24,Go,12,active,
CPT01281,SHJ,2026-02-24,Go,9,churned,2026-03-10
CPT01282,AUH,2025-11-04,Go,26,active,
CPT01283,AUH,2025-09-22,Go,43,active,
CPT01284,DXB,2025-11-07,Go,11,active,
CPT01285,AUH,2025-09-01,Go,19,active,
CPT01287,SHJ,2025-09-15,Go,10,active,
CPT01288,SHJ,2025-09-14,Go,19,churned,2025-09-26
CPT01289,SHJ,2025-11-10,Business,7,active,
CPT01291,AUH,2025-09-07,Go,11,active,
CPT01292,DXB,2025-09-24,Max,36,active,
CPT01293,AUH,2026-03-13,Go,32,active,
CPT01294,AUH,2026-01-23,Go Plus,3,active,
CPT01295,DXB,2025-12-15,Business,18,active,
CPT01296,DXB,2026-02-22,Go,25,active,
CPT01297,SHJ,2025-09-13,Go,9,active,
CPT01298,DXB,2025-10-04,Business,19,active,
CPT01299,SHJ,2026-03-23,Go,15,active,
CPT01302,AUH,2025-12-23,Go,14,active,
CPT01303,AUH,2025-09-10,Go,40,churned,2025-09-22
CPT01304,AUH,2025-09-26,Business,8,churned,2025-10-08
CPT01305,DXB,2025-09-15,Go,20,active,
CPT01306,DXB,2025-11-22,Max,39,active,
CPT01307,DXB,2025-12-06,Go,16,active,
CPT01308,AUH,2025-09-30,Go,21,active,
CPT01309,AUH,2025-09-06,Max,34,active,
CPT01310,AUH,2026-04-04,Go Plus,12,active,
CPT01313,DXB,2026-03-22,Go,35,active,
CPT01314,DXB,2026-03-09,Business,50,active,
CPT01316,AUH,2025-10-13,Business,28,active,
CPT01317,DXB,2026-03-04,Go,3,active,
CPT01318,DXB,2025-11-28,Go Plus,12,active,
CPT01319,DXB,2025-12-22,Go Plus,19,active,
CPT01320,AUH,2025-12-16,Go,26,active,
CPT01321,DXB,2025-11-15,Go,18,active,
CPT01322,DXB,2026-01-15,Go Plus,33,active,
CPT01323,AUH,2025-11-12,Go,9,active,
CPT01324,DXB,2025-08-20,Go Plus,26,active,
CPT01325,SHJ,2025-11-01,Max,9,active,
CPT01326,AUH,2026-03-02,Go,10,active,
CPT01327,DXB,2025-07-10,Business,42,active,
CPT01328,SHJ,2025-11-26,Max,16,churned,2025-12-10
CPT01329,AUH,2025-07-14,Go Plus,41,active,
CPT01330,DXB,2025-12-19,Go,15,churned,2026-01-14
CPT01331,AUH,2025-07-13,Go,36,churned,2025-07-22
CPT01332,DXB,2025-09-24,Go Plus,11,churned,2025-10-04
CPT01333,DXB,2025-08-25,Go,28,active,
CPT01334,DXB,2025-08-31,Go,26,active,
CPT01335,DXB,2025-08-29,Go Plus,15,churned,2025-09-23
CPT01337,DXB,2025-11-21,Go,24,active,
CPT01338,DXB,2025-07-18,Go,33,active,
CPT01339,SHJ,2026-04-03,Go,14,active,
CPT01340,DXB,2026-02-02,Go,26,active,
CPT01341,DXB,2025-11-08,Go,35,active,
CPT01343,SHJ,2025-12-05,Go,39,active,
CPT01344,DXB,2025-12-12,Go Plus,15,active,
CPT01345,DXB,2026-02-10,Go,1,churned,2026-02-28
CPT01347,SHJ,2025-11-23,Go,31,active,
CPT01348,AUH,2026-01-25,Go Plus,12,active,
CPT01349,SHJ,2025-09-07,Max,17,churned,2025-09-15
CPT01351,DXB,2025-09-01,Go Plus,12,active,
CPT01352,SHJ,2025-11-22,Go Plus,33,active,
CPT01353,AUH,2026-01-10,Go,10,active,
CPT01354,AUH,2025-09-09,Go,79,active,
CPT01355,DXB,2025-08-11,Go,16,active,
CPT01356,DXB,2026-02-19,Go Plus,13,active,
CPT01359,DXB,2025-07-24,Go,24,active,
CPT01361,AUH,2025-08-02,Go,26,active,
CPT01362,SHJ,2026-03-28,Go,36,active,
CPT01363,SHJ,2025-11-20,Go Plus,7,active,
CPT01364,DXB,2025-10-25,Go Plus,30,churned,2025-11-24
CPT01365,SHJ,2026-02-04,Max,22,active,
CPT01366,AUH,2025-10-31,Go,19,active,
CPT01367,SHJ,2025-11-24,Go,22,active,
CPT01369,DXB,2025-10-12,Go,38,active,
CPT01370,SHJ,2025-11-08,Go,8,active,
CPT01371,SHJ,2025-08-10,Go Plus,29,active,
CPT01372,AUH,2025-11-05,Go Plus,30,active,
CPT01375,AUH,2025-10-10,Go,22,active,
CPT01376,DXB,2025-08-20,Max,6,active,
CPT01377,DXB,2025-10-03,Go Plus,46,active,
CPT01378,DXB,2025-11-21,Go Plus,25,active,
CPT01380,DXB,2025-10-29,Go,16,active,
CPT01381,SHJ,2025-12-28,Go,17,active,
CPT01382,DXB,2026-04-24,Go,45,active,
CPT01383,AUH,2025-12-07,Business,53,active,
CPT01385,AUH,2025-11-06,Go Plus,27,active,
CPT01386,DXB,2025-10-29,Business,35,churned,2025-11-05
CPT01387,DXB,2025-12-21,Go Plus,15,active,
CPT01388,AUH,2026-03-17,Go,31,active,
CPT01389,DXB,2025-09-24,Go,49,active,
CPT01390,DXB,2025-09-11,Go,20,churned,2025-09-29
CPT01391,AUH,2025-09-23,Go,3,active,
CPT01392,DXB,2025-09-27,Go Plus,20,active,
CPT01393,DXB,2026-01-11,Go,17,active,
CPT01394,AUH,2025-09-14,Go,7,active,
CPT01395,DXB,2025-09-12,Max,20,active,
CPT01396,SHJ,2025-07-16,Business,26,active,
CPT01397,DXB,2025-11-12,Go,16,active,
CPT01398,DXB,2025-11-17,Max,14,active,
CPT01399,AUH,2025-11-15,Go Plus,45,active,
CPT01400,AUH,2025-12-30,Business,15,active,
CPT01402,DXB,2026-03-05,Go,12,active,
CPT01403,DXB,2026-03-12,Go,11,churned,2026-04-02
CPT01404,SHJ,2025-09-07,Go Plus,14,active,
CPT01406,DXB,2025-08-30,Go,16,active,
CPT01407,DXB,2025-10-13,Go Plus,17,active,
CPT01409,DXB,2025-11-10,Go,38,active,
CPT01410,DXB,2025-08-28,Business,41,active,
CPT01412,DXB,2025-10-19,Go,18,active,
CPT01413,SHJ,2026-01-15,Max,38,churned,2026-01-22
CPT01414,DXB,2025-10-06,Go Plus,15,churned,2025-11-01
CPT01415,AUH,2026-01-25,Go Plus,7,active,
CPT01417,AUH,2025-08-15,Go,18,active,
CPT01418,SHJ,2025-09-17,Go,25,active,
CPT01419,DXB,2025-08-15,Go Plus,26,active,
CPT01420,DXB,2025-09-28,Go,4,active,
CPT01421,DXB,2025-12-28,Go Plus,16,churned,2026-01-14
CPT01422,AUH,2025-09-01,Go,13,active,
CPT01423,DXB,2025-11-14,Business,14,churned,2025-11-27
CPT01424,SHJ,2026-05-08,Go,8,churned,2026-05-20
CPT01426,DXB,2025-09-21,Go,12,active,
CPT01427,SHJ,2026-01-15,Go,24,active,
CPT01428,AUH,2026-02-06,Go Plus,25,active,
CPT01429,DXB,2025-07-04,Business,9,active,
CPT01430,DXB,2025-09-09,Go,5,active,
CPT01431,SHJ,2025-11-04,Go Plus,39,active,
CPT01432,DXB,2025-12-08,Go,19,active,
CPT01433,DXB,2025-08-19,Go,28,active,
CPT01434,DXB,2025-07-09,Max,16,active,
CPT01435,DXB,2025-10-24,Go,7,active,
CPT01436,AUH,2026-02-07,Business,12,active,
CPT01437,AUH,2025-11-30,Go,11,active,
CPT01438,DXB,2025-10-20,Go,13,active,
CPT01439,DXB,2026-03-12,Business,9,churned,2026-03-27
CPT01442,DXB,2025-10-28,Go,53,active,
CPT01443,DXB,2025-10-22,Go,13,churned,2025-11-11
CPT01444,AUH,2025-12-17,Go,13,churned,2025-12-24
CPT01445,SHJ,2026-01-14,Go,23,active,
CPT01446,DXB,2026-03-13,Max,20,active,
CPT01447,SHJ,2026-01-07,Max,22,active,
CPT01449,DXB,2025-11-25,Go Plus,21,active,
CPT01450,AUH,2025-08-18,Go Plus,19,active,
CPT01451,DXB,2025-10-02,Go,10,active,
CPT01454,DXB,2026-01-21,Go,9,churned,2026-01-30
CPT01455,AUH,2025-11-26,Go Plus,7,churned,2025-12-09
CPT01456,DXB,2026-05-01,Business,25,active,
CPT01458,DXB,2025-11-09,Go,22,active,
CPT01459,AUH,2025-10-23,Go,20,active,
CPT01460,AUH,2025-08-12,Go,19,active,
CPT01462,SHJ,2025-12-05,Business,15,active,
CPT01464,DXB,2025-09-15,Go Plus,42,active,
CPT01465,AUH,2026-04-12,Go,17,churned,2026-05-05
CPT01466,AUH,2025-09-24,Go,11,active,
CPT01467,DXB,2025-12-10,Go,11,active,
CPT01468,AUH,2026-02-26,Go,15,active,
CPT01470,DXB,2025-11-27,Max,2,active,
CPT01471,SHJ,2025-08-28,Go,54,active,
CPT01472,DXB,2025-11-01,Go,23,active,
CPT01474,DXB,2025-07-22,Go,40,active,
CPT01476,SHJ,2025-11-13,Go,37,active,
CPT01477,SHJ,2025-10-05,Go,26,active,
CPT01478,AUH,2025-11-17,Go,28,active,
CPT01479,AUH,2026-01-18,Go Plus,29,active,
CPT01480,SHJ,2025-09-07,Go Plus,8,churned,2025-10-01
CPT01481,DXB,2026-03-21,Go,21,active,
CPT01482,SHJ,2025-07-16,Go,48,active,
CPT01484,AUH,2025-07-27,Go,5,active,
CPT01485,SHJ,2026-01-02,Go,14,churned,2026-01-23
CPT01486,AUH,2026-03-23,Go,13,active,
CPT01488,DXB,2025-07-27,Go,20,active,
CPT01489,DXB,2025-08-23,Go,27,active,
CPT01490,AUH,2025-11-02,Max,15,active,
CPT01491,AUH,2025-12-08,Go,14,churned,2026-01-07
CPT01492,DXB,2025-12-07,Max,27,active,
CPT01493,DXB,2025-07-30,Max,13,churned,2025-08-12
CPT01494,AUH,2025-07-28,Go,25,active,
CPT01496,AUH,2026-02-20,Go,31,active,
CPT01497,DXB,2025-10-19,Max,7,active,
CPT01498,SHJ,2025-12-23,Go,10,churned,2026-01-16
CPT01500,AUH,2026-01-17,Go,18,active,
CPT01503,AUH,2026-03-26,Go Plus,43,active,
CPT01504,DXB,2025-11-21,Go,5,active,
CPT01505,DXB,2026-02-18,Go,22,active,
CPT01506,DXB,2025-11-12,Business,60,active,
CPT01507,DXB,2026-03-11,Go,7,active,
CPT01508,AUH,2026-01-09,Go,23,active,
CPT01509,SHJ,2025-09-17,Go,18,active,
CPT01510,DXB,2025-08-31,Go,10,active,
CPT01511,DXB,2025-08-16,Go Plus,72,active,
CPT01512,AUH,2025-10-11,Business,22,churned,2025-11-03
CPT01513,AUH,2025-10-26,Go,1,active,
CPT01514,DXB,2025-12-20,Go,16,churned,2026-01-01
CPT01515,AUH,2026-01-21,Go Plus,28,active,
CPT01516,DXB,2025-08-11,Business,45,active,
CPT01517,SHJ,2025-11-04,Go,12,active,
CPT01518,AUH,2025-12-27,Max,8,active,
CPT01519,DXB,2026-03-04,Business,32,active,
CPT01521,SHJ,2025-09-22,Go,38,churned,2025-10-12
CPT01522,AUH,2026-03-10,Go Plus,16,churned,2026-03-28
CPT01523,DXB,2025-12-11,Go,4,active,
CPT01524,DXB,2025-08-28,Go,35,active,
CPT01525,SHJ,2025-09-11,Go,25,active,
CPT01528,SHJ,2025-09-29,Go,27,active,
CPT01529,DXB,2025-11-09,Go,38,churned,2025-12-02
CPT01531,DXB,2026-04-16,Go,23,active,
CPT01532,SHJ,2025-08-29,Go,6,active,
CPT01533,AUH,2025-10-20,Go Plus,14,churned,2025-11-03
CPT01534,SHJ,2026-02-12,Max,12,churned,2026-02-28
CPT01535,DXB,2026-03-29,Go Plus,38,active,
CPT01536,DXB,2026-03-09,Go,24,active,
CPT01537,DXB,2025-11-03,Go,32,active,
CPT01538,DXB,2025-08-16,Go,15,churned,2025-08-28
CPT01539,DXB,2025-10-16,Business,35,active,
CPT01540,AUH,2026-02-05,Go Plus,64,active,
CPT01542,SHJ,2025-10-26,Go Plus,29,churned,2025-11-07
CPT01543,SHJ,2026-01-07,Go,44,active,
CPT01544,AUH,2025-08-11,Go,36,active,
CPT01545,AUH,2025-08-25,Go,31,active,
CPT01546,DXB,2025-08-02,Business,36,active,
CPT01547,AUH,2026-01-17,Go,11,active,
CPT01548,SHJ,2025-08-02,Max,17,active,
CPT01549,DXB,2026-03-31,Max,28,active,
CPT01550,AUH,2025-12-25,Go,11,active,
CPT01551,AUH,2025-08-28,Business,18,active,
CPT01552,AUH,2026-04-11,Go Plus,10,active,
CPT01553,DXB,2025-08-03,Business,6,churned,2025-08-14
CPT01554,DXB,2026-01-19,Go Plus,23,active,
CPT01555,DXB,2025-12-29,Go,14,active,
CPT01556,DXB,2025-11-15,Go,28,active,
CPT01559,AUH,2025-11-01,Business,30,active,
CPT01560,DXB,2025-08-27,Go,16,active,
CPT01561,AUH,2025-09-15,Go,20,active,
CPT01562,DXB,2025-08-31,Go Plus,4,churned,2025-09-17
CPT01564,DXB,2025-12-05,Go,9,active,
CPT01565,DXB,2025-10-15,Go Plus,19,active,
CPT01566,SHJ,2025-12-06,Go,22,active,
CPT01567,DXB,2025-12-14,Go Plus,21,active,
CPT01569,SHJ,2025-10-15,Go Plus,14,active,
CPT01572,DXB,2025-08-12,Go Plus,50,active,
CPT01574,AUH,2026-02-11,Business,17,active,
CPT01576,SHJ,2025-08-18,Business,52,active,
CPT01577,AUH,2025-11-15,Go Plus,16,active,
CPT01578,SHJ,2026-03-09,Go Plus,13,active,
CPT01579,DXB,2025-12-11,Go,27,active,
CPT01580,SHJ,2026-01-14,Go,14,active,
CPT01581,AUH,2025-09-04,Max,14,churned,2025-09-16
CPT01582,SHJ,2025-12-04,Go Plus,25,churned,2025-12-20
CPT01583,DXB,2026-01-23,Go,22,active,
CPT01584,AUH,2025-11-22,Go,12,active,
CPT01585,DXB,2025-09-01,Go,59,active,
CPT01587,DXB,2025-09-03,Max,10,active,
CPT01588,DXB,2025-08-14,Go Plus,30,active,
CPT01589,AUH,2025-08-14,Go Plus,38,active,
CPT01590,DXB,2025-10-06,Go,37,active,
CPT01591,AUH,2025-10-31,Go,10,active,
CPT01592,SHJ,2025-09-20,Business,23,active,
CPT01593,DXB,2025-12-14,Go,12,churned,2025-12-21
CPT01594,DXB,2025-10-07,Go,15,active,
CPT01596,AUH,2026-01-19,Go,22,active,
CPT01597,SHJ,2025-11-01,Go,13,active,
CPT01598,DXB,2025-08-03,Go,8,churned,2025-08-12
CPT01599,AUH,2025-10-12,Go Plus,19,churned,2025-11-02
CPT01600,DXB,2025-11-30,Go Plus,6,active,
CPT01601,AUH,2026-03-18,Go Plus,72,active,
CPT01602,DXB,2025-11-08,Go,17,churned,2025-12-03
CPT01603,DXB,2026-01-17,Go,15,churned,2026-02-09
CPT01605,DXB,2026-02-20,Go Plus,14,active,
CPT01607,DXB,2025-10-15,Business,41,active,
CPT01609,AUH,2025-11-19,Go,12,active,
CPT01610,DXB,2025-07-14,Go Plus,20,active,
CPT01611,AUH,2025-11-23,Go,22,active,
CPT01612,SHJ,2025-10-23,Go,10,active,
CPT01615,DXB,2025-11-04,Business,41,active,
CPT01616,SHJ,2025-07-28,Business,2,active,
CPT01617,DXB,2025-10-08,Go,23,churned,2025-11-05
CPT01618,DXB,2025-11-02,Go,11,active,
CPT01619,DXB,2026-03-16,Go,31,active,
CPT01620,AUH,2025-12-16,Business,31,active,
CPT01622,AUH,2025-08-30,Business,11,active,
CPT01623,SHJ,2026-02-21,Go Plus,13,active,
CPT01624,AUH,2025-11-10,Business,44,active,
CPT01625,DXB,2026-01-15,Go Plus,34,active,
CPT01626,DXB,2025-09-21,Go,4,churned,2025-10-21
CPT01627,AUH,2026-03-10,Go,24,active,
CPT01628,SHJ,2025-12-01,Go,11,churned,2025-12-22
CPT01629,DXB,2025-11-28,Go,17,active,
CPT01630,SHJ,2026-01-13,Go,10,churned,2026-02-12
CPT01632,DXB,2025-09-25,Go,23,active,
CPT01633,SHJ,2025-10-25,Go,15,active,
CPT01634,DXB,2026-04-03,Go,31,active,
CPT01635,SHJ,2025-11-27,Go,31,active,
CPT01636,DXB,2025-12-09,Go Plus,19,churned,2026-01-04
CPT01637,AUH,2025-12-13,Go,15,active,
CPT01641,SHJ,2025-12-22,Go Plus,24,active,
CPT01643,DXB,2026-03-01,Go Plus,5,active,
CPT01644,AUH,2025-11-29,Business,2,churned,2025-12-09
CPT01645,SHJ,2025-10-02,Go,8,active,
CPT01646,DXB,2025-11-06,Go,10,active,
CPT01647,SHJ,2025-10-31,Go,2,active,
CPT01649,DXB,2026-02-25,Go,34,active,
CPT01650,SHJ,2025-09-07,Go,14,active,
CPT01651,SHJ,2026-02-08,Go,33,active,
CPT01652,AUH,2025-12-07,Go,12,active,
CPT01654,SHJ,2025-08-17,Go,23,active,
CPT01657,DXB,2025-12-05,Go,29,active,
CPT01658,AUH,2025-10-01,Go Plus,7,churned,2025-10-25
CPT01660,AUH,2025-08-26,Go,23,active,
CPT01662,DXB,2026-02-27,Go,25,active,
CPT01664,SHJ,2025-08-05,Go,8,active,
CPT01666,DXB,2025-08-17,Go Plus,18,churned,2025-09-10
CPT01667,AUH,2025-12-25,Business,38,active,
CPT01668,DXB,2025-08-26,Go,17,active,
CPT01671,DXB,2025-10-22,Business,28,active,
CPT01672,DXB,2026-04-07,Go Plus,5,active,
CPT01673,SHJ,2025-10-29,Max,25,active,
CPT01674,AUH,2025-12-08,Go,8,active,
CPT01675,AUH,2026-02-08,Go Plus,16,active,
CPT01676,SHJ,2025-08-07,Go,15,active,
CPT01677,SHJ,2025-07-31,Go,70,active,
CPT01679,DXB,2025-10-30,Go Plus,13,active,
CPT01680,DXB,2025-08-01,Go,10,churned,2025-08-18
CPT01681,AUH,2025-11-21,Business,51,active,
CPT01682,DXB,2026-01-19,Go,40,active,
CPT01683,DXB,2025-09-25,Go,19,active,
CPT01684,AUH,2025-12-30,Go,16,active,
CPT01685,DXB,2025-10-05,Max,42,churned,2025-10-20
CPT01687,AUH,2026-03-13,Go,18,active,
CPT01689,DXB,2025-07-28,Business,22,active,
CPT01690,DXB,2026-03-03,Go,21,active,
CPT01691,AUH,2026-01-12,Business,8,churned,2026-02-03
CPT01692,SHJ,2025-11-21,Go Plus,26,active,
CPT01693,DXB,2025-11-19,Go,26,active,
CPT01694,DXB,2025-12-19,Go,16,active,
CPT01696,AUH,2025-10-08,Go,15,active,
CPT01697,SHJ,2026-01-24,Go,16,active,
CPT01698,DXB,2025-11-17,Go Plus,18,active,
CPT01699,DXB,2025-10-15,Go Plus,12,active,
CPT01700,DXB,2025-11-11,Go Plus,37,churned,2025-12-05
CPT01701,DXB,2025-07-31,Go,32,active,
CPT01702,AUH,2025-11-26,Go,15,active,
CPT01704,DXB,2025-10-01,Max,6,active,
CPT01705,DXB,2026-01-18,Max,43,active,
CPT01706,SHJ,2025-11-17,Go,20,active,
CPT01707,AUH,2025-07-08,Go Plus,14,active,
CPT01708,DXB,2025-11-23,Go,13,active,
CPT01713,AUH,2025-07-14,Go Plus,6,churned,2025-08-02
CPT01715,SHJ,2025-10-17,Go,24,active,
CPT01716,AUH,2025-09-11,Go,4,active,
CPT01719,SHJ,2026-01-29,Go Plus,12,active,
CPT01720,AUH,2026-04-24,Go,6,churned,2026-05-02
CPT01721,SHJ,2025-10-02,Go Plus,10,churned,2025-10-24
CPT01722,DXB,2025-09-04,Go,7,active,
CPT01724,DXB,2025-11-06,Business,21,active,
CPT01725,DXB,2025-11-14,Business,7,active,
CPT01727,AUH,2026-03-06,Business,16,active,
CPT01728,SHJ,2025-10-09,Go,15,active,
CPT01730,SHJ,2025-09-11,Go,28,active,
CPT01731,AUH,2025-10-18,Max,6,active,
CPT01732,SHJ,2025-08-11,Go Plus,35,active,
CPT01733,DXB,2025-11-03,Go,17,active,
CPT01734,SHJ,2025-08-14,Go,9,churned,2025-09-12
CPT01735,DXB,2026-04-14,Go,19,active,
CPT01737,AUH,2026-02-27,Business,14,active,
CPT01738,DXB,2025-10-12,Max,23,active,
CPT01741,AUH,2025-10-17,Go,33,active,
CPT01743,SHJ,2025-08-01,Go Plus,8,active,
CPT01745,DXB,2025-09-07,Go,49,active,
CPT01748,SHJ,2025-12-16,Go Plus,14,churned,2026-01-02
CPT01749,DXB,2026-02-12,Go Plus,30,active,
CPT01750,DXB,2025-08-23,Go,21,active,
CPT01751,DXB,2026-04-23,Go Plus,8,churned,2026-05-02
CPT01752,SHJ,2025-09-04,Go,19,active,
CPT01754,AUH,2026-01-31,Max,10,active,
CPT01755,DXB,2026-01-17,Go Plus,8,active,
CPT01756,DXB,2025-09-28,Go,24,active,
CPT01757,SHJ,2025-10-24,Business,24,active,
CPT01759,AUH,2025-08-08,Go Plus,19,churned,2025-08-19
CPT01760,DXB,2025-10-07,Go,23,active,
CPT01761,DXB,2026-01-18,Go,13,active,
CPT01762,DXB,2026-04-25,Business,25,active,
CPT01764,AUH,2025-09-08,Go,5,active,
CPT01765,DXB,2026-01-29,Max,13,active,
CPT01766,DXB,2025-08-31,Go,37,active,
CPT01767,SHJ,2025-08-31,Go,34,active,
CPT01768,DXB,2025-08-04,Business,31,churned,2025-08-25
CPT01769,DXB,2025-10-02,Go Plus,11,active,
CPT01770,AUH,2025-10-19,Go,26,active,
CPT01771,SHJ,2025-12-13,Go,25,active,
CPT01772,DXB,2025-08-29,Go,7,churned,2025-09-24
CPT01773,AUH,2025-08-21,Go,19,active,
CPT01774,SHJ,2025-09-21,Business,5,active,
CPT01776,AUH,2026-01-24,Go,34,active,
CPT01777,AUH,2026-01-03,Go,14,active,
CPT01778,SHJ,2025-11-22,Go,9,active,
CPT01779,DXB,2026-02-13,Business,51,active,
CPT01780,AUH,2025-10-06,Go,23,active,
CPT01781,AUH,2025-08-12,Go,17,churned,2025-08-31
CPT01782,DXB,2025-08-28,Go,56,active,
CPT01783,SHJ,2025-11-15,Go Plus,13,active,
CPT01784,DXB,2026-01-12,Go,17,active,
CPT01785,DXB,2025-08-14,Go,4,active,
CPT01786,AUH,2025-10-25,Go Plus,47,active,
CPT01788,AUH,2025-10-17,Go,13,churned,2025-11-03
CPT01789,DXB,2025-09-21,Go,11,active,
CPT01792,DXB,2025-09-21,Go,22,active,
CPT01793,DXB,2025-10-19,Go,10,active,
CPT01794,DXB,2025-07-22,Go,11,active,
CPT01795,DXB,2025-10-21,Business,15,active,
CPT01796,DXB,2025-08-14,Go,4,active,
CPT01797,DXB,2025-08-11,Go,17,active,
CPT01798,AUH,2026-01-10,Business,5,active,
CPT01800,AUH,2026-01-16,Go Plus,9,active,
CPT01801,DXB,2026-01-14,Go,39,active,
CPT01802,DXB,2025-10-03,Go Plus,19,active,
CPT01803,DXB,2025-07-14,Go,6,churned,2025-07-29
CPT01804,DXB,2025-10-05,Go Plus,7,churned,2025-10-27
CPT01806,DXB,2025-10-22,Go,22,active,
CPT01807,SHJ,2025-11-15,Go,30,active,
CPT01808,SHJ,2025-08-02,Go Plus,25,active,
CPT01809,AUH,2025-09-10,Go Plus,15,churned,2025-10-06
CPT01810,DXB,2026-03-13,Go,23,active,
CPT01812,AUH,2025-12-17,Go,18,churned,2026-01-07
CPT01813,SHJ,2025-12-20,Go,6,active,
CPT01814,AUH,2026-05-05,Go,21,active,
CPT01816,AUH,2025-07-11,Go Plus,19,churned,2025-08-04
CPT01817,AUH,2025-11-05,Go,12,active,
CPT01819,DXB,2026-01-13,Go,20,active,
CPT01821,DXB,2025-09-06,Go,21,active,
CPT01822,SHJ,2026-03-05,Go,16,active,
CPT01823,DXB,2026-03-16,Go Plus,16,churned,2026-04-10
CPT01824,AUH,2025-11-10,Business,7,active,
CPT01825,SHJ,2026-01-08,Go,22,active,
CPT01826,DXB,2026-03-14,Go,15,churned,2026-04-02
CPT01828,AUH,2026-01-04,Go Plus,5,active,
CPT01831,AUH,2025-08-29,Business,11,churned,2025-09-26
CPT01832,AUH,2025-11-12,Go Plus,18,churned,2025-11-21
CPT01833,SHJ,2025-12-16,Go,19,active,
CPT01835,DXB,2026-01-03,Go,13,active,
CPT01837,DXB,2025-08-03,Business,10,active,
CPT01839,DXB,2025-09-19,Go,7,active,
CPT01842,DXB,2025-07-15,Go,2,active,
CPT01843,AUH,2025-08-19,Go,20,active,
CPT01845,DXB,2025-11-15,Go,31,active,
CPT01846,DXB,2025-10-28,Go,14,churned,2025-11-14
CPT01847,DXB,2025-12-11,Go Plus,18,active,
CPT01848,DXB,2025-10-08,Go,5,churned,2025-11-03
CPT01850,AUH,2025-11-11,Go,17,churned,2025-11-20
CPT01852,SHJ,2025-09-01,Business,9,active,
CPT01853,DXB,2025-12-03,Max,7,active,
CPT01854,DXB,2026-04-28,Business,5,active,
CPT01855,DXB,2025-10-15,Go,6,active,
CPT01856,AUH,2025-09-24,Go,10,active,
CPT01858,DXB,2026-03-28,Go,20,active,
CPT01861,DXB,2025-07-21,Go Plus,22,active,
CPT01862,SHJ,2026-04-15,Go,11,active,
CPT01864,DXB,2026-01-18,Business,32,active,
CPT01865,AUH,2025-10-29,Go,7,active,
CPT01869,SHJ,2026-01-14,Go,37,active,
CPT01870,DXB,2025-08-29,Max,7,active,
CPT01871,AUH,2025-10-01,Go,50,active,
CPT01872,AUH,2026-04-29,Go,17,active,
CPT01873,AUH,2025-08-18,Go Plus,7,active,
CPT01874,SHJ,2025-12-28,Go,18,churned,2026-01-07
CPT01875,DXB,2025-10-04,Go,18,active,
CPT01876,AUH,2025-09-29,Max,9,active,
CPT01878,DXB,2025-08-13,Business,23,churned,2025-09-07
CPT01880,DXB,2025-11-22,Go,52,active,
CPT01881,AUH,2025-10-18,Go,8,active,
CPT01882,DXB,2025-12-25,Go,54,active,
CPT01883,AUH,2026-03-12,Go,15,active,
CPT01884,DXB,2025-12-05,Go,17,active,
CPT01885,SHJ,2025-09-16,Go,25,active,
CPT01887,DXB,2025-11-13,Business,10,churned,2025-12-10
CPT01889,SHJ,2026-03-20,Business,6,active,
CPT01890,AUH,2025-09-18,Go,13,churned,2025-10-12
CPT01891,DXB,2025-10-29,Go Plus,7,churned,2025-11-10
CPT01893,SHJ,2025-08-21,Go,3,active,
CPT01894,DXB,2025-12-26,Business,35,churned,2026-01-02
CPT01897,DXB,2026-02-02,Go,37,active,
CPT01898,DXB,2026-03-31,Go Plus,30,active,
CPT01899,DXB,2025-10-10,Max,13,active,
CPT01901,AUH,2025-11-07,Business,8,active,
CPT01902,SHJ,2025-11-21,Go Plus,15,active,
CPT01903,AUH,2025-08-11,Go,23,active,
CPT01904,SHJ,2025-08-14,Business,9,active,
CPT01905,AUH,2026-02-13,Go,0,active,
CPT01906,DXB,2026-02-10,Go,27,active,
CPT01907,SHJ,2025-07-17,Go,17,active,
CPT01908,DXB,2026-05-10,Business,12,churned,2026-06-06
CPT01911,AUH,2025-10-31,Go,33,active,
CPT01912,SHJ,2025-08-26,Go,11,active,
CPT01913,DXB,2026-03-07,Business,26,active,
CPT01914,DXB,2026-02-04,Go,9,active,
CPT01915,SHJ,2025-08-20,Business,4,churned,2025-09-19
CPT01916,DXB,2025-07-11,Go,16,churned,2025-08-09
CPT01917,DXB,2025-10-05,Go Plus,39,active,
CPT01918,DXB,2026-03-01,Go,16,active,
CPT01919,DXB,2026-03-26,Go Plus,13,active,
CPT01921,AUH,2026-01-01,Go,33,active,
CPT01922,SHJ,2026-01-08,Go,11,active,
CPT01924,DXB,2025-08-02,Go,19,active,
CPT01925,SHJ,2025-11-12,Go Plus,12,active,
CPT01926,DXB,2025-07-16,Go,21,active,
CPT01927,AUH,2025-08-04,Go,18,active,
CPT01929,DXB,2025-12-08,Go,39,active,
CPT01930,AUH,2026-01-04,Go,4,active,
CPT01931,AUH,2026-04-24,Max,33,active,
CPT01932,DXB,2025-09-07,Go,16,active,
CPT01934,DXB,2025-12-14,Go,33,active,
CPT01935,DXB,2025-08-31,Go Plus,16,active,
CPT01937,SHJ,2025-10-28,Go,47,active,
CPT01938,SHJ,2025-09-12,Go,45,churned,2025-10-12
CPT01939,SHJ,2025-11-29,Go Plus,7,churned,2025-12-11
CPT01940,AUH,2026-02-15,Business,32,active,
CPT01941,AUH,2025-11-13,Go Plus,7,active,
CPT01943,DXB,2026-03-06,Max,7,active,
CPT01945,DXB,2025-08-23,Go,14,active,
CPT01946,SHJ,2026-04-10,Go,6,churned,2026-04-23
CPT01947,AUH,2025-11-25,Go Plus,23,active,
CPT01948,DXB,2025-08-27,Go,23,active,
CPT01950,DXB,2025-12-06,Go,25,churned,2025-12-23
CPT01951,DXB,2025-08-06,Go,13,churned,2025-08-23
CPT01953,AUH,2025-09-09,Go,8,active,
CPT01954,DXB,2026-04-05,Go Plus,17,active,
CPT01956,DXB,2025-10-18,Go,45,churned,2025-11-11
CPT01958,DXB,2025-09-24,Go,11,churned,2025-10-21
CPT01959,DXB,2025-09-08,Go,57,active,
CPT01960,DXB,2025-12-07,Go,18,churned,2026-01-06
CPT01962,SHJ,2025-09-29,Go,11,churned,2025-10-07
CPT01963,AUH,2025-09-11,Business,15,active,
CPT01964,AUH,2025-12-16,Go Plus,14,active,
CPT01965,AUH,2025-07-18,Go,17,active,
CPT01966,DXB,2025-11-28,Go,23,active,
CPT01967,AUH,2026-02-16,Go Plus,24,active,
CPT01968,DXB,2026-03-19,Business,18,churned,2026-04-05
CPT01969,AUH,2025-10-06,Go Plus,40,churned,2025-10-15
CPT01970,SHJ,2025-09-16,Go,35,churned,2025-09-25
CPT01972,SHJ,2025-12-14,Business,25,active,
CPT01973,DXB,2025-11-15,Go Plus,5,active,
CPT01974,DXB,2025-10-08,Max,18,active,
CPT01975,SHJ,2026-01-29,Go Plus,19,active,
CPT01976,DXB,2025-11-10,Go Plus,8,active,
CPT01977,DXB,2025-09-22,Go,25,active,
CPT01978,AUH,2025-09-08,Go,6,churned,2025-09-17
CPT01980,DXB,2025-09-02,Go,47,active,
CPT01981,SHJ,2025-10-03,Go,21,active,
CPT01982,AUH,2025-10-14,Go,10,churned,2025-10-31
CPT01983,SHJ,2025-09-10,Business,5,active,
CPT01986,AUH,2025-10-07,Business,29,active,
CPT01988,DXB,2025-12-11,Go Plus,18,active,
CPT01990,AUH,2025-09-03,Go Plus,34,active,
CPT01991,DXB,2025-09-28,Go,4,active,
CPT01992,AUH,2026-04-18,Go,38,active,
CPT01993,SHJ,2026-05-05,Max,12,churned,2026-06-04
CPT01996,AUH,2025-11-19,Go,9,active,
CPT01997,DXB,2025-07-20,Go,39,active,
CPT01998,SHJ,2026-01-16,Go,26,active,
CPT01999,DXB,2025-09-12,Go Plus,9,active,
CPT02000,AUH,2026-02-08,Go Plus,20,active,
CPT02001,SHJ,2026-01-17,Business,3,churned,2026-02-04
CPT02003,AUH,2025-11-19,Business,28,active,
CPT02004,DXB,2025-10-11,Go,25,active,
CPT02005,DXB,2026-01-11,Go Plus,15,active,
CPT02007,AUH,2025-11-13,Max,34,active,
CPT02010,SHJ,2025-09-22,Go,14,active,
CPT02012,DXB,2025-09-05,Business,22,active,
CPT02013,DXB,2026-03-22,Go Plus,25,active,
CPT02014,AUH,2025-10-23,Business,24,active,
CPT02015,AUH,2026-02-18,Go Plus,27,active,
CPT02016,SHJ,2025-11-22,Go Plus,10,churned,2025-12-08
CPT02018,DXB,2025-10-20,Go,10,churned,2025-11-02
CPT02019,SHJ,2026-04-02,Go Plus,21,active,
CPT02020,SHJ,2025-07-16,Go,37,active,
CPT02021,DXB,2026-02-06,Business,20,active,
CPT02022,DXB,2025-09-17,Business,26,active,
CPT02024,DXB,2026-03-30,Go Plus,27,active,
CPT02025,AUH,2026-03-14,Go,6,active,
CPT02028,SHJ,2026-03-03,Business,8,active,
CPT02029,SHJ,2026-01-25,Go,29,active,
CPT02031,AUH,2025-09-13,Go,8,churned,2025-09-25
CPT02032,DXB,2025-11-21,Go Plus,12,active,
CPT02034,AUH,2025-08-13,Go,13,active,
CPT02036,SHJ,2025-09-02,Go,23,active,
CPT02037,DXB,2025-10-21,Business,21,active,
CPT02038,AUH,2026-03-04,Go Plus,8,active,
CPT02039,DXB,2025-07-13,Business,4,active,
CPT02040,DXB,2025-10-19,Business,18,churned,2025-10-27
CPT02041,DXB,2026-01-26,Go,39,active,
CPT02042,DXB,2026-03-19,Go,13,active,
CPT02044,AUH,2025-11-18,Max,85,active,
CPT02046,SHJ,2026-01-16,Max,10,active,
CPT02048,SHJ,2025-12-19,Business,12,churned,2026-01-09
CPT02051,AUH,2026-04-06,Go Plus,21,active,
CPT02052,AUH,2026-01-11,Go Plus,6,churned,2026-02-02
CPT02053,AUH,2025-09-26,Go Plus,11,active,
CPT02054,DXB,2026-01-13,Business,23,active,
CPT02055,DXB,2025-08-20,Go,26,active,
CPT02056,SHJ,2025-12-29,Go,4,churned,2026-01-23
CPT02057,AUH,2025-08-06,Go,10,churned,2025-09-04
CPT02058,DXB,2025-11-29,Go Plus,35,active,
CPT02060,DXB,2026-02-01,Go,25,active,
CPT02061,DXB,2025-11-17,Go,21,active,
CPT02062,AUH,2025-09-08,Go,14,active,
CPT02064,DXB,2025-09-07,Go,5,churned,2025-09-24
CPT02065,DXB,2026-03-11,Go Plus,32,active,
CPT02066,SHJ,2025-12-18,Business,5,active,
CPT02067,AUH,2025-08-06,Business,22,active,
CPT02068,SHJ,2025-09-23,Go,36,active,
CPT02069,SHJ,2025-11-27,Go,10,active,
CPT02071,DXB,2026-01-24,Go,10,active,
CPT02072,AUH,2025-08-11,Go,6,active,
CPT02073,SHJ,2025-08-01,Go,15,churned,2025-08-19
CPT02074,AUH,2025-11-09,Business,10,churned,2025-11-28
CPT02075,DXB,2025-10-19,Max,9,active,
CPT02076,SHJ,2025-10-30,Business,22,active,
CPT02077,AUH,2025-08-07,Max,7,active,
CPT02078,DXB,2025-09-07,Business,16,active,
CPT02079,DXB,2025-09-12,Go,44,active,
CPT02080,DXB,2026-02-12,Go,52,active,
CPT02082,AUH,2025-08-07,Go Plus,19,churned,2025-08-17
CPT02083,DXB,2025-08-25,Go,19,active,
CPT02085,DXB,2025-09-26,Go Plus,23,active,
CPT02086,DXB,2026-04-04,Go,18,churned,2026-05-01
CPT02087,AUH,2025-08-16,Max,15,active,
CPT02088,DXB,2025-08-23,Go Plus,20,active,
CPT02089,DXB,2025-12-04,Go,27,active,
CPT02090,DXB,2025-10-22,Go,11,active,
CPT02091,SHJ,2026-03-21,Business,21,active,
CPT02092,DXB,2026-02-09,Go,6,churned,2026-03-07
CPT02093,DXB,2025-09-04,Go,22,active,
CPT02095,DXB,2025-09-03,Go Plus,13,active,
CPT02096,DXB,2026-01-29,Business,13,active,
CPT02097,SHJ,2025-12-05,Go,39,churned,2026-01-02
CPT02099,DXB,2026-01-08,Business,52,active,
CPT02100,AUH,2025-09-13,Go,6,active,
CPT02101,AUH,2025-10-10,Business,34,churned,2025-10-23
CPT02102,DXB,2025-09-20,Go,9,active,
CPT02103,AUH,2025-09-24,Go,17,active,
CPT02104,SHJ,2025-10-13,Go,16,active,
CPT02105,SHJ,2026-01-08,Go Plus,14,active,
CPT02106,DXB,2025-10-16,Go Plus,19,churned,2025-11-13
CPT02107,AUH,2025-09-09,Go Plus,43,active,
CPT02109,SHJ,2026-02-13,Go Plus,35,active,
CPT02110,DXB,2026-01-29,Business,6,active,
CPT02111,DXB,2025-12-18,Go Plus,46,active,
CPT02112,DXB,2025-08-07,Go,6,active,
CPT02113,SHJ,2025-09-05,Go,7,churned,2025-09-19
CPT02114,DXB,2026-02-11,Go,26,active,
CPT02115,DXB,2025-09-20,Go,1,churned,2025-10-09
CPT02116,DXB,2025-09-09,Go Plus,4,churned,2025-09-27
CPT02117,DXB,2025-11-22,Go Plus,10,active,
CPT02118,SHJ,2025-12-14,Business,9,active,
CPT02119,DXB,2025-08-27,Go Plus,23,active,
CPT02120,AUH,2025-11-21,Go Plus,12,active,
CPT02121,AUH,2025-07-23,Go,12,active,
CPT02123,AUH,2025-11-29,Go Plus,10,active,
CPT02125,DXB,2025-10-10,Go,30,active,
CPT02126,AUH,2025-08-18,Go,11,churned,2025-08-29
CPT02129,DXB,2026-02-24,Go Plus,50,active,
CPT02130,SHJ,2025-10-29,Go Plus,16,churned,2025-11-19
CPT02131,AUH,2025-12-04,Go Plus,9,active,
CPT02132,DXB,2025-08-12,Go,3,active,
CPT02133,DXB,2025-09-07,Go,34,active,
CPT02135,DXB,2025-10-15,Go,18,active,
CPT02136,AUH,2026-01-12,Go,18,active,
CPT02137,AUH,2025-10-07,Business,33,churned,2025-10-17
CPT02139,SHJ,2025-08-16,Go,16,active,
CPT02140,DXB,2025-12-23,Go,10,churned,2026-01-05
CPT02142,SHJ,2025-08-09,Go Plus,46,active,
CPT02143,AUH,2025-12-24,Go,16,active,
CPT02144,DXB,2025-07-24,Go Plus,11,active,
CPT02145,DXB,2025-11-08,Go,19,churned,2025-11-23
CPT02146,DXB,2026-01-07,Go Plus,20,active,
CPT02147,DXB,2025-11-15,Go,45,active,
CPT02148,SHJ,2025-10-27,Go Plus,10,active,
CPT02150,DXB,2025-08-07,Go,26,active,
CPT02153,DXB,2026-01-14,Go,21,active,
CPT02154,DXB,2025-12-18,Go,14,churned,2025-12-25
CPT02155,AUH,2025-11-01,Go Plus,14,active,
CPT02157,DXB,2025-07-20,Go,13,active,
CPT02158,AUH,2025-08-06,Go Plus,42,active,
CPT02160,AUH,2025-10-16,Go,12,active,
CPT02161,SHJ,2025-08-30,Go Plus,28,active,
CPT02162,AUH,2025-12-18,Max,9,active,
CPT02164,SHJ,2025-08-21,Business,9,churned,2025-09-10
CPT02165,SHJ,2026-01-26,Go Plus,20,active,
CPT02166,SHJ,2025-09-16,Business,7,active,
CPT02167,AUH,2025-09-15,Go,50,active,
CPT02168,DXB,2026-02-24,Go,52,active,
CPT02169,DXB,2025-10-09,Go,28,churned,2025-10-23
CPT02171,DXB,2025-08-31,Go,29,active,
CPT02172,AUH,2025-08-08,Go Plus,32,active,
CPT02173,DXB,2025-12-03,Go,5,churned,2025-12-10
CPT02174,DXB,2025-09-13,Go,15,active,
CPT02176,DXB,2025-09-05,Go,22,active,
CPT02177,DXB,2025-10-18,Go,27,active,
CPT02179,DXB,2025-08-26,Go,16,active,
CPT02180,DXB,2025-08-25,Go,15,churned,2025-09-22
CPT02181,SHJ,2025-12-21,Go,11,active,
CPT02183,DXB,2025-12-06,Go,16,active,
CPT02186,DXB,2026-02-04,Go Plus,9,active,
CPT02188,DXB,2025-11-07,Go,20,active,
CPT02189,DXB,2025-12-05,Go Plus,17,churned,2025-12-22
CPT02190,DXB,2025-12-03,Go Plus,11,churned,2025-12-16
CPT02194,AUH,2025-12-06,Go Plus,17,active,
CPT02195,AUH,2026-04-22,Go Plus,40,active,
CPT02196,DXB,2025-09-03,Max,11,active,
CPT02197,SHJ,2025-12-03,Go Plus,12,active,
CPT02199,DXB,2026-02-06,Go,56,active,
CPT02200,SHJ,2026-03-30,Business,21,active,
CPT02201,DXB,2025-11-30,Go,31,active,
CPT02202,DXB,2025-11-06,Business,6,churned,2025-11-26
CPT02203,AUH,2025-09-25,Go Plus,33,active,
CPT02204,DXB,2025-09-02,Go,21,active,
CPT02206,DXB,2025-09-05,Business,14,churned,2025-09-14
CPT02207,AUH,2025-10-20,Go,5,active,
CPT02208,AUH,2025-09-30,Go,8,churned,2025-10-30
CPT02209,SHJ,2025-10-21,Go Plus,16,active,
CPT02212,AUH,2026-01-07,Go,25,active,
CPT02213,DXB,2026-01-09,Business,25,active,
CPT02215,AUH,2025-12-14,Go Plus,17,active,
CPT02216,AUH,2025-09-03,Business,27,churned,2025-09-13
CPT02217,SHJ,2025-08-15,Go,35,active,
CPT02219,DXB,2025-10-02,Go,22,active,
CPT02220,AUH,2026-02-09,Go,25,active,
CPT02221,SHJ,2025-09-19,Business,14,active,
CPT02222,AUH,2025-10-27,Max,15,churned,2025-11-08
CPT02223,DXB,2026-01-25,Go Plus,23,active,
CPT02224,AUH,2025-12-15,Go,22,active,
CPT02225,DXB,2025-08-02,Max,10,active,
CPT02226,DXB,2025-11-27,Max,19,active,
CPT02228,AUH,2026-02-08,Go Plus,21,active,
CPT02229,SHJ,2025-08-04,Max,10,churned,2025-08-24
CPT02234,DXB,2026-04-01,Go Plus,29,active,
CPT02235,DXB,2026-01-04,Go,29,active,
CPT02236,SHJ,2025-10-14,Go,8,active,
CPT02237,DXB,2025-10-17,Go,14,active,
CPT02238,DXB,2025-11-21,Business,17,active,
CPT02240,SHJ,2025-11-16,Go,30,active,
CPT02241,DXB,2026-02-08,Go Plus,12,active,
CPT02242,AUH,2026-04-01,Business,10,active,
CPT02243,SHJ,2025-09-03,Max,39,active,
CPT02245,DXB,2025-09-19,Business,20,active,
CPT02246,DXB,2026-02-12,Business,22,active,
CPT02247,SHJ,2025-09-30,Go Plus,32,active,
CPT02248,AUH,2025-11-28,Business,4,active,
CPT02249,AUH,2025-12-22,Go Plus,15,churned,2026-01-10
CPT02251,DXB,2025-09-14,Go Plus,11,active,
CPT02253,SHJ,2025-10-22,Business,16,active,
CPT02255,DXB,2025-11-30,Business,10,active,
CPT02258,DXB,2026-01-16,Go,23,active,
CPT02259,DXB,2025-09-19,Business,21,active,
CPT02260,DXB,2025-08-30,Go,10,active,
CPT02261,DXB,2026-01-17,Go,32,active,
CPT02262,DXB,2025-10-21,Go Plus,0,churned,2025-11-11
CPT02263,DXB,2025-08-19,Go,21,active,
CPT02264,DXB,2026-03-19,Go,5,active,
CPT02265,DXB,2025-08-25,Go,16,active,
CPT02266,DXB,2025-10-14,Go Plus,34,active,
CPT02267,AUH,2026-05-05,Business,5,churned,2026-05-30
CPT02268,SHJ,2025-08-16,Go,3,active,
CPT02270,DXB,2025-09-21,Go,23,active,
CPT02271,SHJ,2025-09-19,Business,21,active,
CPT02272,DXB,2025-10-22,Go,8,active,
CPT02273,AUH,2026-01-22,Business,17,active,
CPT02275,DXB,2025-11-08,Go Plus,16,churned,2025-11-23
CPT02277,AUH,2025-09-30,Go,15,active,
CPT02278,DXB,2025-07-09,Business,19,churned,2025-07-26
CPT02280,AUH,2026-01-02,Go,12,active,
CPT02281,DXB,2025-08-21,Go,4,active,
CPT02282,DXB,2026-01-19,Go Plus,47,active,
CPT02284,DXB,2025-07-17,Go,16,churned,2025-07-24
CPT02285,AUH,2026-01-03,Max,17,active,
CPT02287,AUH,2025-08-17,Go,17,active,
CPT02289,SHJ,2025-09-08,Business,6,active,
CPT02290,SHJ,2025-09-25,Go Plus,29,active,
CPT02291,DXB,2025-07-17,Business,53,active,
CPT02292,DXB,2025-09-30,Go,12,active,
CPT02293,DXB,2026-03-05,Max,21,active,
CPT02294,DXB,2026-03-01,Go,25,active,
CPT02295,SHJ,2026-04-12,Max,36,active,
CPT02297,DXB,2026-03-22,Business,19,churned,2026-04-18
CPT02298,AUH,2026-03-02,Business,29,active,
CPT02300,DXB,2026-03-02,Go Plus,25,active,
CPT02301,DXB,2025-11-04,Go Plus,11,churned,2025-11-16
CPT02302,SHJ,2026-01-09,Go,27,active,
CPT02303,DXB,2025-11-28,Go Plus,19,active,
CPT02305,DXB,2026-04-27,Business,1,active,
CPT02306,AUH,2025-11-13,Go,34,active,
CPT02307,DXB,2026-03-28,Business,20,active,
CPT02308,AUH,2025-10-07,Go Plus,31,active,
CPT02310,SHJ,2025-09-11,Go,6,churned,2025-10-11
CPT02312,DXB,2025-11-29,Go Plus,14,churned,2025-12-22
CPT02313,AUH,2025-11-26,Go,20,active,
CPT02314,AUH,2025-12-13,Go Plus,24,active,
CPT02317,SHJ,2025-10-02,Go Plus,53,active,
CPT02318,SHJ,2025-09-06,Max,20,active,
CPT02319,DXB,2026-01-31,Max,12,churned,2026-03-01
CPT02320,SHJ,2025-07-22,Go,28,active,
CPT02321,AUH,2025-09-06,Business,6,active,
CPT02322,DXB,2025-08-19,Go Plus,15,active,
CPT02324,DXB,2026-01-12,Business,30,active,
CPT02325,DXB,2025-09-29,Go,15,active,
CPT02326,SHJ,2025-07-12,Go Plus,20,active,
CPT02327,DXB,2025-12-19,Go,51,active,
CPT02330,SHJ,2025-11-02,Go,22,active,
CPT02332,DXB,2025-11-30,Go,15,active,
CPT02333,AUH,2025-11-16,Go Plus,15,active,
CPT02334,AUH,2026-02-14,Business,35,active,
CPT02335,DXB,2025-09-15,Go,9,churned,2025-10-14
CPT02336,AUH,2026-01-23,Go,15,active,
CPT02337,SHJ,2025-08-12,Go,27,active,
CPT02339,DXB,2025-09-03,Max,9,churned,2025-10-03
CPT02340,SHJ,2025-12-19,Go,7,active,
CPT02341,SHJ,2025-09-10,Go Plus,20,active,
CPT02342,DXB,2025-11-25,Go,21,active,
CPT02343,SHJ,2025-07-30,Go,26,active,
CPT02344,SHJ,2025-10-25,Go Plus,28,active,
CPT02345,AUH,2025-10-21,Go Plus,21,active,
CPT02346,DXB,2025-09-10,Go,36,active,
CPT02347,DXB,2025-08-18,Go Plus,12,active,
CPT02348,DXB,2025-09-03,Go,36,churned,2025-09-24
CPT02349,DXB,2025-12-28,Max,27,active,
CPT02350,AUH,2025-11-21,Go,5,active,
CPT02351,DXB,2025-10-30,Business,24,active,
CPT02352,AUH,2025-10-15,Go,21,active,
CPT02353,AUH,2025-10-13,Go,6,active,
CPT02354,DXB,2025-09-23,Go Plus,2,active,
CPT02355,AUH,2025-09-03,Go Plus,18,active,
CPT02356,DXB,2026-01-29,Go,28,active,
CPT02358,DXB,2026-02-22,Go,40,active,
CPT02359,AUH,2025-09-01,Go Plus,38,active,
CPT02361,DXB,2025-08-18,Go,28,active,
CPT02362,DXB,2026-01-24,Business,18,active,
CPT02363,DXB,2025-11-21,Go,10,active,
CPT02364,AUH,2025-10-21,Go,21,active,
CPT02365,DXB,2025-09-01,Go,32,active,
CPT02366,AUH,2025-08-05,Max,35,active,
CPT02367,AUH,2026-02-24,Business,25,active,
CPT02368,DXB,2025-10-23,Go,10,active,
CPT02369,SHJ,2025-08-24,Go,19,churned,2025-09-15
CPT02371,SHJ,2026-01-09,Go Plus,26,active,
CPT02372,DXB,2025-12-04,Go Plus,11,active,
CPT02373,SHJ,2026-01-27,Go,9,active,
CPT02375,DXB,2026-03-09,Go,25,active,
CPT02376,SHJ,2025-10-05,Go Plus,29,active,
CPT02377,DXB,2026-02-09,Go,25,active,
CPT02381,DXB,2026-01-10,Go,15,active,
CPT02382,AUH,2025-09-23,Go,12,active,
CPT02383,DXB,2025-11-13,Business,15,active,
CPT02384,SHJ,2025-10-24,Go Plus,24,active,
CPT02385,AUH,2025-12-07,Go,28,active,
CPT02386,DXB,2025-10-07,Business,8,active,
CPT02388,DXB,2025-10-30,Go,10,churned,2025-11-21
CPT02389,AUH,2025-08-01,Go,11,active,
CPT02391,DXB,2026-03-27,Go,10,active,
CPT02392,SHJ,2025-12-07,Max,19,active,
CPT02393,AUH,2025-11-02,Go,30,active,
CPT02394,DXB,2026-04-11,Max,24,active,
CPT02395,DXB,2025-12-22,Max,36,active,
CPT02396,AUH,2025-09-29,Go,11,active,
CPT02397,SHJ,2026-01-11,Go,30,active,
CPT02398,DXB,2025-10-24,Go,13,active,
CPT02399,AUH,2025-08-22,Go,26,active,
CPT02400,SHJ,2025-12-18,Business,12,active,
CPT02401,DXB,2025-07-18,Go Plus,9,churned,2025-08-11
CPT02402,DXB,2026-01-04,Go,37,active,
CPT02403,DXB,2025-08-02,Business,12,active,
CPT02404,AUH,2025-08-03,Go,20,active,
CPT02406,AUH,2025-12-15,Max,38,active,
CPT02407,DXB,2025-08-20,Go,7,active,
CPT02408,AUH,2026-03-24,Go Plus,17,active,
CPT02409,SHJ,2026-02-03,Max,19,churned,2026-02-21
CPT02413,DXB,2025-09-30,Go,2,active,
CPT02414,DXB,2026-01-27,Go,18,active,
CPT02415,SHJ,2025-08-06,Max,18,active,
CPT02416,DXB,2025-09-29,Business,12,active,
CPT02417,SHJ,2026-02-16,Go,33,active,
CPT02418,DXB,2025-11-18,Go Plus,19,active,
CPT02419,DXB,2025-11-11,Go Plus,35,active,
CPT02420,DXB,2026-01-10,Max,26,active,
CPT02421,SHJ,2025-10-26,Go,43,active,
CPT02422,DXB,2026-05-08,Go,9,churned,2026-05-30
CPT02424,DXB,2025-10-31,Go Plus,65,active,
CPT02425,AUH,2025-11-07,Go Plus,9,churned,2025-11-26
CPT02426,DXB,2025-08-23,Go,4,churned,2025-09-09
CPT02427,AUH,2026-03-06,Business,10,active,
CPT02428,SHJ,2025-09-07,Go Plus,11,churned,2025-10-02
CPT02430,DXB,2025-10-12,Business,16,active,
CPT02432,SHJ,2025-12-09,Go,22,active,
CPT02433,DXB,2025-09-22,Go,10,churned,2025-10-06
CPT02436,DXB,2025-09-30,Go,13,active,
CPT02437,SHJ,2026-01-24,Go Plus,7,active,
CPT02439,DXB,2026-02-22,Go,9,churned,2026-03-19
CPT02441,DXB,2025-07-29,Go,18,active,
CPT02442,AUH,2025-08-03,Go,30,active,
CPT02443,AUH,2025-08-27,Go,20,active,
CPT02444,DXB,2025-10-13,Go Plus,11,active,
CPT02445,AUH,2025-12-11,Go,42,active,
CPT02446,DXB,2025-07-22,Go,24,churned,2025-07-31
CPT02447,DXB,2025-08-13,Business,22,active,
CPT02450,DXB,2025-11-21,Go,19,active,
CPT02451,SHJ,2026-03-30,Go,18,active,
CPT02452,DXB,2025-10-06,Go,19,active,
CPT02454,AUH,2025-11-09,Go,23,active,
CPT02455,AUH,2025-09-24,Go,20,churned,2025-10-04
CPT02457,DXB,2026-02-24,Go,28,active,
CPT02458,DXB,2025-12-05,Go,34,active,
CPT02459,DXB,2026-01-02,Go Plus,17,active,
CPT02460,DXB,2025-08-29,Max,11,churned,2025-09-05
CPT02462,AUH,2026-02-18,Go,48,active,
CPT02463,AUH,2025-10-28,Go,8,active,
CPT02464,SHJ,2026-01-29,Business,41,active,
CPT02465,DXB,2025-12-13,Go Plus,18,active,
CPT02466,DXB,2025-09-26,Go Plus,7,active,
CPT02467,SHJ,2025-11-12,Go,31,active,
CPT02468,AUH,2026-01-19,Go,12,active,
CPT02470,DXB,2026-01-05,Go,28,active,
CPT02471,DXB,2025-08-17,Go,48,active,
CPT02472,SHJ,2025-08-03,Go Plus,6,active,
CPT02473,DXB,2025-09-01,Business,33,active,
CPT02474,DXB,2025-11-30,Go Plus,34,active,
CPT02475,DXB,2026-01-22,Go,10,active,
CPT02476,AUH,2025-10-10,Go,6,active,
CPT02477,DXB,2025-10-01,Go,20,active,
CPT02478,DXB,2026-02-05,Go,9,active,
CPT02479,DXB,2025-11-02,Go,17,active,
CPT02480,AUH,2025-12-31,Go,38,active,
CPT02481,DXB,2025-10-28,Go,51,active,
CPT02482,SHJ,2026-01-05,Go Plus,30,active,
CPT02484,AUH,2025-11-26,Go,34,active,
CPT02485,SHJ,2025-12-10,Go Plus,5,active,
CPT02487,AUH,2025-09-19,Go Plus,59,active,
CPT02488,DXB,2025-08-09,Go Plus,19,active,
CPT02490,DXB,2025-09-27,Go,18,active,
CPT02491,DXB,2026-02-05,Go Plus,30,active,
CPT02492,DXB,2026-02-16,Max,26,active,
CPT02493,AUH,2025-12-28,Go,7,active,
CPT02494,SHJ,2025-09-27,Business,12,churned,2025-10-10
CPT02495,SHJ,2025-07-16,Go,15,active,
CPT02496,DXB,2025-07-11,Go,11,active,
CPT02497,DXB,2025-12-08,Go,30,active,
CPT02500,AUH,2025-09-22,Go,12,churned,2025-10-05
CPT02501,DXB,2025-10-13,Go Plus,42,active,
CPT02502,DXB,2026-01-28,Go,11,churned,2026-02-12
CPT02503,DXB,2025-08-01,Go,13,active,
CPT02504,DXB,2026-01-11,Go Plus,21,active,
CPT02506,DXB,2025-09-30,Go,32,active,
CPT02508,AUH,2026-01-23,Business,28,active,
CPT02510,DXB,2025-07-13,Go Plus,25,active,
CPT02511,SHJ,2025-11-14,Go,34,active,
CPT02512,SHJ,2025-10-12,Go,30,active,
CPT02514,AUH,2025-10-05,Business,13,active,
CPT02515,DXB,2025-07-10,Go,34,active,
CPT02516,AUH,2026-04-08,Business,3,active,
CPT02517,DXB,2026-01-21,Go Plus,26,active,
CPT02519,DXB,2025-12-03,Go Plus,42,active,
CPT02520,DXB,2026-03-08,Go,13,active,
CPT02521,DXB,2025-11-30,Go,31,active,
CPT02522,AUH,2025-11-16,Go Plus,3,active,
CPT02523,DXB,2025-12-16,Max,32,active,
CPT02524,SHJ,2025-08-05,Go Plus,22,active,
CPT02526,SHJ,2025-08-07,Max,38,active,
CPT02528,DXB,2026-03-15,Go Plus,17,active,
CPT02529,SHJ,2025-11-26,Go,43,active,
CPT02531,SHJ,2026-01-03,Go Plus,6,active,
CPT02532,SHJ,2025-10-02,Max,14,churned,2025-10-23
CPT02534,DXB,2026-03-01,Business,9,churned,2026-03-12
CPT02536,DXB,2025-08-29,Go,31,active,
CPT02537,DXB,2025-10-01,Go Plus,2,active,
CPT02538,DXB,2025-08-28,Go,32,active,
CPT02539,DXB,2025-10-30,Go,15,active,
CPT02540,DXB,2025-09-16,Go Plus,32,active,
CPT02541,DXB,2025-10-09,Go,34,churned,2025-10-16
CPT02544,AUH,2026-04-13,Go,7,churned,2026-05-10
CPT02545,AUH,2025-12-06,Go,32,active,
CPT02546,AUH,2025-12-11,Go Plus,8,churned,2025-12-18
CPT02547,DXB,2025-09-04,Go Plus,14,active,
CPT02548,DXB,2025-08-12,Go,16,active,
CPT02549,AUH,2025-09-04,Go,3,active,
CPT02550,SHJ,2025-12-17,Go,13,active,
CPT02553,DXB,2025-10-08,Business,8,churned,2025-10-20
CPT02554,DXB,2025-10-01,Go Plus,16,active,
CPT02555,DXB,2025-07-13,Go,27,active,
CPT02556,AUH,2025-09-15,Go,25,active,
CPT02557,SHJ,2025-11-17,Go Plus,36,active,
CPT02558,SHJ,2025-11-08,Go Plus,36,active,
CPT02560,SHJ,2025-10-25,Go,22,active,
CPT02564,DXB,2025-11-24,Go Plus,36,active,
CPT02565,DXB,2025-08-25,Go Plus,40,active,
CPT02566,DXB,2025-12-26,Go,14,active,
CPT02567,DXB,2026-02-26,Go Plus,19,active,
CPT02569,DXB,2025-10-21,Go,28,active,
CPT02570,DXB,2025-09-24,Go Plus,11,active,
CPT02571,DXB,2025-10-08,Go,41,active,
CPT02572,DXB,2026-01-31,Go Plus,6,active,
CPT02573,DXB,2025-10-18,Business,14,active,
CPT02574,DXB,2026-01-12,Business,23,active,
CPT02575,AUH,2025-10-18,Business,19,churned,2025-11-12
CPT02578,AUH,2025-08-17,Go,54,active,
CPT02580,DXB,2025-07-31,Max,31,active,
CPT02581,SHJ,2025-10-15,Go,24,active,
CPT02582,DXB,2025-08-16,Go,9,churned,2025-08-25
CPT02583,DXB,2025-10-25,Go,12,active,
CPT02585,AUH,2025-11-18,Go Plus,12,active,
CPT02586,DXB,2025-12-27,Go,17,active,
CPT02587,DXB,2025-10-28,Go,51,active,
CPT02588,SHJ,2025-11-15,Business,14,active,
CPT02590,DXB,2025-11-03,Go,13,churned,2025-11-25
CPT02594,AUH,2025-09-16,Go,7,churned,2025-09-27
CPT02595,DXB,2025-10-08,Go,6,churned,2025-10-29
CPT02596,DXB,2025-08-06,Business,23,active,
CPT02597,SHJ,2025-09-15,Go Plus,12,churned,2025-09-27
CPT02598,AUH,2025-08-05,Go,17,active,
CPT02599,SHJ,2025-09-02,Business,30,active,
CPT02600,DXB,2025-09-10,Go,4,churned,2025-09-22
