datetime,zone_id,requests,completed,unfulfilled,active_captains,avg_eta_promised_min,avg_eta_actual_min,avg_surge
2025-07-04 03:00:00,Z01,2,1,1,1,7.7,11.0,1.7
2025-07-07 03:00:00,Z01,1,1,0,1,7.7,6.8,1.01
2025-07-09 01:00:00,Z01,4,4,0,1,7.6,6.9,0.99
2025-07-20 14:00:00,Z01,5,5,0,2,7.6,7.9,0.98
2025-07-22 14:00:00,Z01,4,4,0,1,7.3,8.6,1.0
2025-07-23 03:00:00,Z01,1,1,0,1,7.6,7.8,1.01
2025-07-26 06:00:00,Z01,8,4,4,1,7.8,11.4,1.75
2025-07-31 19:00:00,Z01,10,9,1,3,7.6,7.7,1.11
2025-08-04 13:00:00,Z01,6,6,0,2,7.3,7.9,1.0
2025-08-05 15:00:00,Z01,8,7,1,2,7.3,7.8,1.1
2025-08-05 17:00:00,Z01,3,3,0,1,7.7,7.3,0.99
2025-08-06 08:00:00,Z01,13,6,7,2,7.9,12.6,1.86
2025-08-09 00:00:00,Z01,3,2,1,1,7.2,9.2,1.36
2025-08-09 08:00:00,Z01,16,8,8,3,7.7,11.1,1.75
2025-08-10 03:00:00,Z01,0,0,0,1,7.7,6.6,1.0
2025-08-10 16:00:00,Z01,6,6,0,2,8.0,7.5,1.02
2025-08-16 06:00:00,Z01,13,8,5,3,7.6,11.4,1.47
2025-08-18 19:00:00,Z01,12,12,0,5,7.9,7.9,1.02
2025-08-21 00:00:00,Z01,4,4,0,1,7.4,6.6,0.99
2025-08-21 08:00:00,Z01,9,4,5,1,7.3,11.3,1.91
2025-08-23 11:00:00,Z01,8,8,0,3,7.7,7.3,1.0
2025-08-24 20:00:00,Z01,4,4,0,1,7.6,7.5,0.99
2025-08-27 10:00:00,Z01,3,3,0,1,7.7,7.7,1.01
2025-08-27 19:00:00,Z01,4,4,0,1,7.1,7.4,1.01
2025-08-30 09:00:00,Z01,9,9,0,4,7.8,6.2,1.01
2025-08-30 21:00:00,Z01,6,5,1,2,7.7,8.6,1.12
2025-08-30 23:00:00,Z01,8,7,1,2,7.1,7.9,1.1
2025-08-31 10:00:00,Z01,3,2,1,1,7.6,9.0,1.35
2025-09-10 08:00:00,Z01,8,4,4,1,7.8,11.3,1.65
2025-09-12 18:00:00,Z01,10,10,0,4,7.9,6.4,1.01
2025-09-16 08:00:00,Z01,10,5,5,2,7.8,9.2,1.75
2025-09-19 00:00:00,Z01,1,1,0,1,7.6,7.5,0.99
2025-09-23 01:00:00,Z01,7,7,0,2,7.6,6.7,1.03
2025-09-23 19:00:00,Z01,2,2,0,1,7.6,7.1,1.0
2025-09-28 11:00:00,Z01,7,7,0,2,7.7,7.7,0.96
2025-09-28 21:00:00,Z01,7,7,0,2,7.6,7.0,0.97
2025-09-29 06:00:00,Z01,9,5,4,2,7.4,10.6,1.54
2025-10-02 08:00:00,Z01,12,6,6,2,7.7,9.3,1.72
2025-10-02 23:00:00,Z01,3,2,1,1,7.9,9.4,1.37
2025-10-07 11:00:00,Z01,1,1,0,1,7.1,8.6,1.04
2025-10-07 20:00:00,Z01,7,6,1,2,7.3,7.1,1.11
2025-10-08 21:00:00,Z01,3,3,0,1,7.4,7.4,1.01
2025-10-11 22:00:00,Z01,7,7,0,3,7.5,6.3,0.98
2025-10-14 18:00:00,Z01,7,7,0,3,7.1,6.4,0.97
2025-10-17 17:00:00,Z01,14,14,0,6,7.7,6.5,0.99
2025-10-18 16:00:00,Z01,8,8,0,3,7.3,7.7,1.01
2025-10-20 19:00:00,Z01,4,4,0,1,7.5,8.5,1.01
2025-11-03 16:00:00,Z01,4,4,0,1,7.9,7.0,1.02
2025-11-05 20:00:00,Z01,1,1,0,1,7.6,8.7,0.99
2025-11-10 18:00:00,Z01,6,6,0,2,7.5,8.2,1.0
2025-11-14 10:00:00,Z01,2,1,1,1,7.6,11.5,1.75
2025-11-15 02:00:00,Z01,2,2,0,1,7.6,7.7,1.0
2025-11-22 00:00:00,Z01,5,5,0,2,7.3,7.2,1.0
2025-11-24 21:00:00,Z01,3,3,0,1,7.7,7.0,1.0
2025-12-02 00:00:00,Z01,3,3,0,1,7.2,7.2,1.01
2025-12-04 11:00:00,Z01,1,1,0,1,7.6,6.4,1.01
2025-12-04 17:00:00,Z01,7,7,0,2,7.5,8.1,1.0
2025-12-04 23:00:00,Z01,6,6,0,2,7.9,8.5,0.99
2025-12-05 07:00:00,Z01,20,10,10,4,7.4,10.3,1.74
2025-12-05 22:00:00,Z01,6,5,1,2,7.5,8.5,1.14
2025-12-08 20:00:00,Z01,3,3,0,1,7.2,7.1,1.02
2025-12-11 00:00:00,Z01,2,1,1,1,8.1,10.9,1.71
2025-12-11 12:00:00,Z01,3,2,1,1,7.2,10.5,1.35
2025-12-12 07:00:00,Z01,8,4,4,1,7.9,11.5,1.68
2025-12-13 10:00:00,Z01,11,11,0,4,7.6,8.3,0.99
2025-12-20 21:00:00,Z01,12,11,1,4,7.4,7.7,1.04
2025-12-24 02:00:00,Z01,1,1,0,1,7.7,7.4,1.02
2026-01-01 17:00:00,Z01,5,5,0,2,7.6,8.1,1.0
2026-01-02 20:00:00,Z01,19,19,0,7,7.5,7.0,1.01
2026-01-07 08:00:00,Z01,9,4,5,1,7.0,10.8,1.85
2026-01-09 06:00:00,Z01,11,6,5,2,7.7,10.5,1.67
2026-01-11 02:00:00,Z01,3,3,0,1,8.0,7.2,1.0
2026-01-13 11:00:00,Z01,5,5,0,2,7.4,7.8,1.04
2026-01-13 16:00:00,Z01,3,3,0,1,7.5,7.5,1.03
2026-01-14 19:00:00,Z01,7,7,0,2,7.6,7.6,1.0
2026-01-19 06:00:00,Z01,5,2,3,1,7.6,13.5,2.14
2026-01-20 18:00:00,Z01,6,5,1,2,7.8,7.8,1.15
2026-01-24 03:00:00,Z01,4,3,1,1,7.4,9.6,1.26
2026-01-24 08:00:00,Z01,9,5,4,2,7.7,11.0,1.58
2026-01-26 03:00:00,Z01,2,1,1,1,7.5,10.5,1.7
2026-01-27 08:00:00,Z01,15,8,7,3,7.4,9.6,1.7
2026-02-03 09:00:00,Z01,6,5,1,2,7.4,8.1,1.11
2026-02-05 14:00:00,Z01,7,6,1,2,7.5,6.8,1.09
2026-02-07 13:00:00,Z01,4,4,0,1,7.7,7.2,0.99
2026-02-09 04:00:00,Z01,1,1,0,1,7.1,7.6,0.99
2026-02-11 05:00:00,Z01,5,4,1,1,7.1,9.2,1.15
2026-02-15 08:00:00,Z01,14,7,7,2,8.0,9.5,1.7
2026-02-15 12:00:00,Z01,6,5,1,2,7.9,9.2,1.14
2026-02-16 12:00:00,Z01,8,7,1,2,7.8,8.0,1.09
2026-02-17 04:00:00,Z01,1,1,0,1,7.8,6.8,0.98
2026-02-20 21:00:00,Z01,13,13,0,6,7.3,6.9,1.01
2026-02-22 06:00:00,Z01,13,6,7,2,7.1,12.0,1.84
2026-02-23 22:00:00,Z01,5,4,1,1,7.4,9.1,1.19
2026-02-24 01:00:00,Z01,5,4,1,1,7.6,8.7,1.19
2026-02-26 14:00:00,Z01,4,4,0,1,7.3,7.7,1.02
2026-02-27 05:00:00,Z01,9,7,2,2,7.5,9.0,1.19
2026-03-03 20:00:00,Z01,8,6,2,2,7.7,8.1,1.27
2026-03-05 01:00:00,Z01,5,5,0,2,7.4,7.2,0.99
2026-03-06 06:00:00,Z01,13,6,7,2,7.4,11.5,1.85
2026-03-07 04:00:00,Z01,3,3,0,1,7.6,7.6,1.03
2026-03-09 11:00:00,Z01,2,2,0,1,7.3,6.5,0.98
2026-03-12 08:00:00,Z01,8,4,4,1,7.1,10.9,1.68
2026-03-21 04:00:00,Z01,4,4,0,1,7.8,6.8,0.99
2026-03-26 16:00:00,Z01,3,2,1,1,7.6,8.5,1.38
2026-03-27 02:00:00,Z01,3,3,0,1,7.3,8.5,1.01
2026-03-28 12:00:00,Z01,9,8,1,3,8.0,7.6,1.13
2026-04-01 13:00:00,Z01,5,5,0,2,7.4,7.9,0.95
2026-04-03 10:00:00,Z01,6,6,0,2,7.4,7.8,0.98
2026-04-05 10:00:00,Z01,8,8,0,3,7.7,8.3,1.01
2026-04-09 06:00:00,Z01,10,5,5,2,7.7,12.1,1.71
2026-04-12 15:00:00,Z01,8,8,0,3,7.1,6.4,0.97
2026-04-13 06:00:00,Z01,9,4,5,1,7.2,11.6,1.97
2026-04-14 13:00:00,Z01,4,3,1,1,7.2,7.8,1.23
2026-04-19 13:00:00,Z01,5,5,0,2,7.8,8.2,1.01
2026-04-23 17:00:00,Z01,9,7,2,2,7.6,9.6,1.24
2026-04-26 20:00:00,Z01,12,11,1,4,7.6,7.1,1.11
2026-04-29 00:00:00,Z01,7,7,0,2,7.3,7.8,1.04
2026-05-04 00:00:00,Z01,6,6,0,2,7.5,7.5,0.98
2026-05-14 21:00:00,Z01,8,6,2,2,7.2,7.5,1.2
2026-05-15 04:00:00,Z01,6,5,1,2,7.5,8.5,1.18
2026-05-15 23:00:00,Z01,11,11,0,4,7.4,7.3,1.02
2026-05-16 00:00:00,Z01,4,4,0,1,7.4,7.8,0.99
2026-05-16 21:00:00,Z01,14,14,0,6,7.7,7.8,1.01
2026-05-26 03:00:00,Z01,2,2,0,1,7.8,7.1,0.97
2026-06-02 01:00:00,Z01,2,1,1,1,7.3,10.6,1.69
2026-06-02 10:00:00,Z01,7,6,1,2,7.3,9.0,1.12
2026-06-05 16:00:00,Z01,15,15,0,6,7.2,7.0,1.01
2026-06-06 18:00:00,Z01,7,6,1,2,7.3,8.5,1.07
2026-06-08 10:00:00,Z01,11,10,1,4,7.7,6.7,1.1
2026-06-11 07:00:00,Z01,12,7,5,2,7.2,10.8,1.53
2026-06-18 02:00:00,Z01,0,0,0,1,8.0,5.4,0.96
2026-06-21 04:00:00,Z01,2,2,0,1,7.6,8.0,0.99
2026-06-21 18:00:00,Z01,11,11,0,4,7.7,7.7,0.99
2026-06-26 01:00:00,Z01,4,4,0,1,7.0,7.6,0.98
2026-06-28 13:00:00,Z01,9,8,1,3,7.9,7.9,1.09
2026-06-30 06:00:00,Z01,12,7,5,2,7.9,10.1,1.52
2025-07-01 05:00:00,Z02,1,1,0,1,6.2,6.3,1.02
2025-07-02 04:00:00,Z02,1,1,0,1,6.4,5.9,1.0
2025-07-07 20:00:00,Z02,2,1,1,1,6.2,9.8,1.76
2025-07-11 18:00:00,Z02,6,5,1,2,6.1,6.9,1.14
2025-07-12 01:00:00,Z02,0,0,0,1,6.1,5.0,0.99
2025-07-17 08:00:00,Z02,8,7,1,2,6.3,7.9,1.16
2025-07-29 07:00:00,Z02,2,2,0,1,6.3,6.6,0.97
2025-08-04 01:00:00,Z02,1,1,0,1,6.4,7.2,1.03
2025-08-05 08:00:00,Z02,7,6,1,2,6.3,6.3,1.11
2025-08-10 04:00:00,Z02,1,1,0,1,6.1,6.1,0.98
2025-08-10 23:00:00,Z02,4,3,1,1,6.0,8.1,1.24
2025-08-12 10:00:00,Z02,1,1,0,1,6.3,6.5,1.0
2025-08-16 02:00:00,Z02,1,1,0,1,6.3,5.7,0.99
2025-08-17 09:00:00,Z02,4,4,0,1,6.6,5.3,1.03
2025-08-19 18:00:00,Z02,14,14,0,6,5.7,6.3,1.01
2025-08-21 04:00:00,Z02,0,0,0,1,6.2,5.8,1.01
2025-08-23 04:00:00,Z02,0,0,0,1,6.3,4.9,0.99
2025-08-24 01:00:00,Z02,0,0,0,1,5.8,5.2,0.98
2025-08-30 21:00:00,Z02,2,1,1,1,6.6,8.4,1.71
2025-09-03 06:00:00,Z02,5,4,1,1,6.1,7.3,1.17
2025-09-09 10:00:00,Z02,5,4,1,-2,6.2,7.4,1.19
2025-09-10 09:00:00,Z02,4,4,0,1,6.0,5.3,0.98
2025-09-14 20:00:00,Z02,4,4,0,1,6.1,6.6,0.99
2025-09-17 06:00:00,Z02,2,1,1,1,6.0,10.0,1.75
2025-09-17 23:00:00,Z02,2,2,0,1,6.3,6.8,0.99
2025-09-18 19:00:00,Z02,6,6,0,2,6.6,6.3,1.04
2025-09-21 18:00:00,Z02,3,3,0,1,6.0,5.7,1.02
2025-09-22 07:00:00,Z02,10,10,0,4,6.3,5.7,0.99
2025-09-22 08:00:00,Z02,6,6,0,2,5.9,5.8,0.99
2025-09-22 15:00:00,Z02,4,3,1,1,6.0,7.4,1.21
2025-09-23 12:00:00,Z02,5,4,1,1,5.8,6.6,1.2
2025-09-29 07:00:00,Z02,6,6,0,2,6.4,6.2,1.0
2025-09-30 16:00:00,Z02,5,5,0,2,6.3,5.9,1.04
2025-10-01 19:00:00,Z02,7,7,0,2,6.2,6.7,1.01
2025-10-02 19:00:00,Z02,2,1,1,1,6.1,8.5,1.73
2025-10-04 04:00:00,Z02,1,1,0,1,6.3,5.9,1.01
2025-10-04 18:00:00,Z02,6,6,0,2,6.3,6.2,0.99
2025-10-05 05:00:00,Z02,0,0,0,1,6.1,5.8,1.02
2025-10-06 13:00:00,Z02,4,3,1,1,6.3,8.1,1.25
2025-10-07 13:00:00,Z02,2,1,1,1,6.1,8.5,1.76
2025-10-07 15:00:00,Z02,1,1,0,1,6.6,6.0,1.0
2025-10-09 10:00:00,Z02,2,1,1,1,6.2,10.1,1.77
2025-10-09 18:00:00,Z02,6,5,1,2,6.5,6.0,1.13
2025-10-12 07:00:00,Z02,8,7,1,2,6.1,6.0,1.14
2025-10-19 11:00:00,Z02,5,4,1,1,6.3,7.8,1.21
2025-10-26 00:00:00,Z02,0,0,0,1,6.2,5.6,1.01
2025-11-05 01:00:00,Z02,0,0,0,1,6.1,4.7,0.99
2025-11-09 05:00:00,Z02,1,1,0,1,6.2,6.1,0.99
2025-11-09 20:00:00,Z02,4,4,0,1,6.1,6.0,1.04
2025-11-11 05:00:00,Z02,1,1,0,1,6.2,5.5,1.0
2025-11-12 04:00:00,Z02,0,0,0,1,6.1,4.8,0.98
2025-11-12 13:00:00,Z02,5,5,0,2,5.9,5.5,0.98
2025-11-12 15:00:00,Z02,2,1,1,1,6.1,9.1,1.73
2025-11-13 08:00:00,Z02,7,7,0,2,6.4,7.0,0.98
2025-11-13 15:00:00,Z02,4,4,0,1,6.2,5.8,1.01
2025-11-23 10:00:00,Z02,3,3,0,1,6.1,5.8,1.0
2025-11-26 15:00:00,Z02,1,1,0,1,6.0,5.7,1.01
2025-11-27 01:00:00,Z02,0,0,0,1,6.3,4.9,1.02
2025-11-27 03:00:00,Z02,0,0,0,1,6.2,6.0,1.0
2025-11-29 08:00:00,Z02,9,9,0,3,6.1,6.0,1.01
2025-12-02 15:00:00,Z02,4,4,0,1,6.4,5.7,1.0
2025-12-03 07:00:00,Z02,6,6,0,2,6.2,6.9,1.02
2025-12-05 11:00:00,Z02,6,6,0,2,6.0,5.9,1.0
2025-12-05 12:00:00,Z02,8,8,0,3,6.2,6.2,0.99
2025-12-05 18:00:00,Z02,11,11,0,4,6.4,6.3,0.97
2025-12-11 13:00:00,Z02,4,4,0,1,6.4,6.1,1.02
2025-12-13 01:00:00,Z02,0,0,0,1,5.9,4.8,0.99
2025-12-15 05:00:00,Z02,0,0,0,1,5.8,4.2,1.02
2025-12-15 21:00:00,Z02,2,2,0,1,6.2,6.0,1.0
2025-12-17 10:00:00,Z02,2,2,0,1,6.0,6.0,1.02
2025-12-18 01:00:00,Z02,1,1,0,1,6.2,6.6,1.02
2025-12-25 04:00:00,Z02,1,1,0,1,6.3,5.4,1.01
2025-12-27 20:00:00,Z02,3,3,0,1,6.1,7.0,0.98
2025-12-28 06:00:00,Z02,6,6,0,2,6.5,6.4,0.98
2025-12-29 23:00:00,Z02,0,0,0,1,6.3,5.9,0.99
2025-12-31 13:00:00,Z02,3,3,0,1,6.4,6.0,1.02
2026-01-01 00:00:00,Z02,1,1,0,1,6.1,6.1,1.01
2026-01-03 20:00:00,Z02,8,7,1,2,6.4,7.2,1.11
2026-01-05 10:00:00,Z02,1,1,0,1,6.6,5.8,1.01
2026-01-08 20:00:00,Z02,4,3,1,1,6.4,7.7,1.21
2026-01-09 12:00:00,Z02,4,3,1,1,6.1,7.4,1.25
2026-01-11 02:00:00,Z02,0,0,0,1,6.1,5.7,1.03
2026-01-12 11:00:00,Z02,0,0,0,1,6.1,5.6,1.02
2026-01-18 04:00:00,Z02,0,0,0,1,6.3,5.3,1.0
2026-01-19 06:00:00,Z02,6,6,0,2,6.0,7.2,1.01
2026-01-19 09:00:00,Z02,6,5,1,2,6.3,6.9,1.11
2026-01-19 17:00:00,Z02,16,13,3,5,6.3,6.6,1.09
2026-01-25 02:00:00,Z02,2,1,1,1,6.0,8.5,1.7
2026-01-26 08:00:00,Z02,13,12,1,5,6.4,6.4,1.09
2026-01-27 00:00:00,Z02,0,0,0,1,6.2,5.5,0.98
2026-01-27 16:00:00,Z02,1,1,0,1,5.8,5.2,1.02
2026-01-28 22:00:00,Z02,2,2,0,1,6.3,6.5,0.99
2026-02-02 01:00:00,Z02,0,0,0,1,6.3,5.6,1.0
2026-02-06 06:00:00,Z02,8,8,0,3,6.3,5.9,1.02
2026-02-08 02:00:00,Z02,1,1,0,1,6.1,5.8,1.01
2026-02-11 08:00:00,Z02,9,9,0,4,6.3,6.1,0.98
2026-02-13 00:00:00,Z02,5,4,1,1,6.3,6.5,1.15
2026-02-23 02:00:00,Z02,0,0,0,1,6.1,5.6,1.01
2026-02-23 12:00:00,Z02,7,7,0,2,6.2,6.1,0.98
2026-03-11 14:00:00,Z02,5,5,0,2,6.1,6.0,0.98
2026-03-12 03:00:00,Z02,0,0,0,1,6.0,5.7,1.01
2026-03-15 19:00:00,Z02,6,6,0,2,6.1,5.0,1.03
2026-03-16 17:00:00,Z02,9,8,1,3,6.2,5.6,1.08
2026-03-17 00:00:00,Z02,0,0,0,1,6.2,6.0,0.96
2026-03-17 13:00:00,Z02,4,4,0,1,6.4,5.5,1.0
2026-03-17 18:00:00,Z02,8,8,0,3,6.3,6.7,0.97
2026-03-20 00:00:00,Z02,1,1,0,1,6.2,5.2,1.0
2026-03-21 03:00:00,Z02,1,1,0,1,6.0,5.9,1.01
2026-03-21 23:00:00,Z02,4,4,0,1,6.3,6.9,0.99
2026-03-22 02:00:00,Z02,1,1,0,1,6.2,5.9,0.99
2026-03-27 17:00:00,Z02,12,12,0,5,6.2,6.3,1.0
2026-04-01 05:00:00,Z02,3,3,0,1,6.6,6.8,1.0
2026-04-01 11:00:00,Z02,3,3,0,1,6.0,5.8,0.97
2026-04-03 10:00:00,Z02,4,3,1,1,6.4,7.5,1.24
2026-04-05 20:00:00,Z02,2,1,1,1,6.0,9.6,1.74
2026-04-12 10:00:00,Z02,3,3,0,1,6.0,5.8,0.99
2026-04-12 15:00:00,Z02,9,9,0,3,6.1,6.3,1.01
2026-04-16 09:00:00,Z02,10,10,0,4,6.4,5.5,1.01
2026-04-18 08:00:00,Z02,10,9,1,3,6.2,6.9,1.09
2026-04-19 03:00:00,Z02,0,0,0,1,6.4,5.5,0.99
2026-04-24 17:00:00,Z02,13,13,0,5,6.2,5.8,1.0
2026-04-25 01:00:00,Z02,1,1,0,1,6.1,6.1,1.0
2026-04-28 03:00:00,Z02,0,0,0,1,6.2,4.9,1.02
2026-05-07 20:00:00,Z02,4,4,0,1,6.3,5.4,0.99
2026-05-08 07:00:00,Z02,13,11,2,4,5.9,7.5,1.11
2026-05-11 09:00:00,Z02,10,10,0,4,6.1,6.2,0.96
2026-05-15 05:00:00,Z02,1,1,0,1,6.2,5.9,0.99
2026-05-16 13:00:00,Z02,5,5,0,2,6.1,6.4,1.0
2026-05-17 03:00:00,Z02,2,2,0,1,5.8,6.9,1.0
2026-05-31 10:00:00,Z02,5,5,0,2,6.0,5.9,1.01
2026-05-31 23:00:00,Z02,0,0,0,1,6.3,5.7,1.0
2026-06-05 02:00:00,Z02,1,1,0,1,6.4,6.6,1.0
2026-06-07 13:00:00,Z02,3,3,0,1,6.2,6.1,1.02
2026-06-22 18:00:00,Z02,14,13,1,5,5.9,6.8,1.03
2026-06-23 23:00:00,Z02,4,4,0,1,6.5,6.4,1.04
2026-06-26 02:00:00,Z02,2,1,1,1,6.5,8.7,1.71
2025-07-01 20:00:00,Z03,6,5,1,2,6.7,7.4,1.16
2025-07-04 13:00:00,Z03,3,3,0,1,6.9,7.6,0.99
2025-07-07 20:00:00,Z03,5,4,1,1,7.0,7.7,1.22
2025-07-08 00:00:00,Z03,1,1,0,1,7.0,7.2,1.02
2025-07-09 14:00:00,Z03,4,3,1,1,6.9,7.4,1.26
2025-07-12 23:00:00,Z03,1,1,0,1,6.8,7.3,0.98
2025-07-16 00:00:00,Z03,1,1,0,1,6.7,6.3,0.98
2025-07-16 04:00:00,Z03,0,0,0,1,7.0,5.2,1.02
2025-07-26 16:00:00,Z03,9,9,0,3,6.8,7.5,1.01
2025-07-28 11:00:00,Z03,2,2,0,1,7.0,6.4,1.02
2025-07-30 05:00:00,Z03,2,2,0,1,6.7,6.1,0.99
2025-07-31 03:00:00,Z03,0,0,0,1,6.9,5.6,0.99
2025-08-06 13:00:00,Z03,7,7,0,2,6.5,7.9,1.02
2025-08-06 19:00:00,Z03,3,3,0,1,6.7,6.6,0.99
2025-08-09 09:00:00,Z03,5,5,0,2,6.7,6.9,1.0
2025-08-10 04:00:00,Z03,1,1,0,1,6.6,6.9,0.99
2025-08-13 18:00:00,Z03,13,13,0,5,6.9,7.3,1.01
2025-08-14 17:00:00,Z03,10,10,0,4,6.9,6.5,0.99
2025-08-18 23:00:00,Z03,4,4,0,1,6.9,6.9,1.02
2025-08-26 03:00:00,Z03,0,0,0,-3,6.6,5.8,0.96
2025-08-28 08:00:00,Z03,1,1,0,1,6.7,6.4,0.96
2025-08-29 01:00:00,Z03,0,0,0,1,6.6,5.8,0.98
2025-09-03 06:00:00,Z03,1,1,0,1,6.6,7.5,1.03
2025-09-05 21:00:00,Z03,6,5,1,2,7.0,7.6,1.16
2025-09-12 14:00:00,Z03,3,2,1,1,7.1,8.2,1.36
2025-09-15 10:00:00,Z03,2,2,0,1,6.7,5.9,0.95
2025-09-21 10:00:00,Z03,4,4,0,1,6.8,7.0,1.0
2025-09-24 09:00:00,Z03,4,4,0,1,6.9,6.3,0.98
2025-09-29 18:00:00,Z03,7,7,0,3,7.0,6.0,0.99
2025-09-30 14:00:00,Z03,4,3,1,1,7.4,8.1,1.23
2025-10-04 06:00:00,Z03,2,2,0,1,6.7,7.2,0.96
2025-10-04 15:00:00,Z03,2,2,0,1,6.8,6.3,0.99
2025-10-04 20:00:00,Z03,5,5,0,2,6.8,6.3,1.03
2025-10-05 17:00:00,Z03,4,4,0,1,6.9,6.3,1.0
2025-10-12 09:00:00,Z03,3,3,0,1,6.8,6.9,1.04
2025-10-14 02:00:00,Z03,0,0,0,1,6.9,5.2,1.02
2025-10-14 04:00:00,Z03,0,0,0,1,6.9,5.5,1.01
2025-10-16 18:00:00,Z03,11,10,1,4,6.9,8.1,1.08
2025-10-22 04:00:00,Z03,0,0,0,1,6.8,5.8,1.0
2025-10-23 08:00:00,Z03,1,1,0,1,7.1,6.5,1.02
2025-10-25 09:00:00,Z03,2,2,0,1,6.9,6.9,1.01
2025-10-25 19:00:00,Z03,6,6,0,2,7.2,7.1,1.0
2025-10-26 08:00:00,Z03,4,3,1,1,6.8,7.2,1.25
2025-10-27 16:00:00,Z03,8,8,0,3,6.7,7.3,0.99
2025-10-29 20:00:00,Z03,8,7,1,2,6.7,6.3,1.09
2025-10-31 22:00:00,Z03,2,2,0,1,7.2,7.1,1.0
2025-11-02 13:00:00,Z03,5,5,0,2,6.9,7.1,1.03
2025-11-03 06:00:00,Z03,1,1,0,1,6.6,6.9,0.99
2025-11-03 07:00:00,Z03,5,4,1,1,7.1,7.6,1.23
2025-11-04 01:00:00,Z03,1,1,0,1,6.6,8.0,1.01
2025-11-09 19:00:00,Z03,8,8,0,3,6.6,6.5,0.98
2025-11-11 04:00:00,Z03,0,0,0,1,6.7,5.6,1.02
2025-11-14 04:00:00,Z03,0,0,0,1,7.0,5.2,0.98
2025-11-23 00:00:00,Z03,0,0,0,1,6.7,5.7,0.99
2025-11-25 08:00:00,Z03,3,3,0,1,6.7,7.3,1.0
2025-11-25 10:00:00,Z03,3,3,0,1,6.4,7.3,1.02
2025-11-26 10:00:00,Z03,5,5,0,2,6.3,7.3,1.0
2025-11-27 11:00:00,Z03,2,2,0,1,7.1,6.5,0.99
2025-12-01 16:00:00,Z03,4,3,1,1,6.9,7.5,1.23
2025-12-03 00:00:00,Z03,2,1,1,1,7.2,9.4,1.73
2025-12-07 13:00:00,Z03,1,1,0,1,7.1,6.9,0.94
2025-12-09 18:00:00,Z03,10,9,1,3,6.9,7.0,1.13
2025-12-17 03:00:00,Z03,0,0,0,1,7.0,5.5,0.98
2025-12-18 01:00:00,Z03,0,0,0,1,6.7,5.4,1.0
2025-12-20 07:00:00,Z03,8,8,0,3,6.8,7.5,0.97
2025-12-20 17:00:00,Z03,7,7,0,2,6.5,6.5,1.01
2025-12-24 03:00:00,Z03,0,0,0,1,6.9,6.1,0.98
2025-12-30 14:00:00,Z03,2,2,0,1,6.9,7.2,0.99
2026-01-02 08:00:00,Z03,6,6,0,2,6.6,6.1,1.0
2026-01-03 21:00:00,Z03,5,4,1,1,6.8,7.4,1.18
2026-01-11 22:00:00,Z03,4,3,1,1,6.5,8.8,1.18
2026-01-15 03:00:00,Z03,0,0,0,1,6.9,5.4,0.99
2026-01-15 15:00:00,Z03,3,3,0,1,6.9,6.3,1.03
2026-01-18 06:00:00,Z03,5,5,0,2,6.9,7.5,0.99
2026-01-22 14:00:00,Z03,2,2,0,1,7.1,6.8,0.99
2026-01-23 21:00:00,Z03,1,1,0,1,7.0,5.7,1.04
2026-01-26 21:00:00,Z03,7,7,0,2,6.7,6.7,0.99
2026-02-02 14:00:00,Z03,6,5,1,2,6.8,8.2,1.18
2026-02-14 09:00:00,Z03,4,3,1,1,6.6,7.6,1.22
2026-02-19 06:00:00,Z03,5,5,0,2,6.9,6.9,1.01
2026-02-21 09:00:00,Z03,8,8,0,3,6.5,7.1,1.02
2026-02-22 23:00:00,Z03,1,1,0,1,6.7,6.7,1.01
2026-02-23 00:00:00,Z03,2,2,0,1,6.6,7.6,1.0
2026-03-01 21:00:00,Z03,3,3,0,1,6.9,6.6,1.01
2026-03-03 04:00:00,Z03,3,3,0,1,7.0,6.5,1.03
2026-03-04 21:00:00,Z03,5,4,1,1,6.7,7.4,1.2
2026-03-11 11:00:00,Z03,3,2,1,1,6.6,8.6,1.34
2026-03-14 01:00:00,Z03,2,2,0,1,6.7,7.2,0.99
2026-03-15 07:00:00,Z03,8,8,0,3,6.2,6.2,1.01
2026-03-17 19:00:00,Z03,6,6,0,2,7.1,5.6,0.98
2026-03-23 21:00:00,Z03,7,7,0,2,7.1,6.6,1.03
2026-04-09 12:00:00,Z03,5,4,1,1,7.0,7.8,1.2
2026-04-13 07:00:00,Z03,8,7,1,2,6.6,7.5,1.08
2026-04-14 08:00:00,Z03,4,3,1,1,6.7,7.2,1.21
2026-04-22 15:00:00,Z03,3,3,0,1,6.8,6.3,0.97
2026-04-23 07:00:00,Z03,8,8,0,3,6.9,6.4,1.02
2026-04-27 10:00:00,Z03,5,5,0,2,6.7,7.4,1.0
2026-04-27 13:00:00,Z03,5,5,0,2,6.9,7.3,0.95
2026-04-27 17:00:00,Z03,12,9,3,3,7.5,8.3,1.23
2026-05-03 19:00:00,Z03,11,11,0,5,6.5,6.0,1.01
2026-05-06 02:00:00,Z03,0,0,0,1,6.6,5.5,1.04
2026-05-07 02:00:00,Z03,1,1,0,1,6.7,6.7,0.97
2026-05-08 15:00:00,Z03,4,3,1,1,6.7,7.3,1.22
2026-05-13 03:00:00,Z03,0,0,0,1,6.7,6.6,1.0
2026-05-17 05:00:00,Z03,0,0,0,1,7.2,5.6,0.99
2026-05-20 13:00:00,Z03,9,9,0,3,6.6,7.0,0.99
2026-05-20 18:00:00,Z03,10,10,0,4,6.9,6.5,1.03
2026-05-22 13:00:00,Z03,9,9,0,3,6.6,6.6,1.02
2026-05-24 17:00:00,Z03,10,10,0,4,7.0,6.0,1.01
2026-05-24 23:00:00,Z03,2,2,0,1,6.9,6.7,0.99
2026-05-25 11:00:00,Z03,3,2,1,1,6.9,8.8,1.37
2026-05-26 09:00:00,Z03,1,1,0,1,7.1,7.2,1.01
2026-05-26 22:00:00,Z03,3,3,0,1,6.9,7.0,0.96
2026-06-03 17:00:00,Z03,14,12,2,5,6.7,6.5,1.1
2026-06-05 01:00:00,Z03,1,1,0,1,6.9,6.6,0.98
2026-06-05 23:00:00,Z03,4,3,1,1,6.9,9.5,1.22
2026-06-07 11:00:00,Z03,7,7,0,2,7.1,6.4,1.0
2026-06-11 22:00:00,Z03,2,2,0,1,6.9,5.6,1.02
2026-06-20 09:00:00,Z03,6,5,1,2,6.8,7.0,1.16
2026-06-21 09:00:00,Z03,8,8,0,3,6.9,6.6,1.01
2026-06-21 12:00:00,Z03,7,6,1,2,6.7,7.8,1.11
2026-06-26 05:00:00,Z03,4,3,1,1,6.8,7.8,1.28
2026-06-30 03:00:00,Z03,2,1,1,1,6.9,9.1,1.73
2026-06-30 05:00:00,Z03,1,1,0,1,7.0,7.0,0.99
2026-06-30 18:00:00,Z03,6,6,0,2,6.5,7.5,1.02
2025-07-01 02:00:00,Z04,1,1,0,1,2.0,6.7,1.0
2025-07-03 11:00:00,Z04,4,3,1,1,2.0,6.5,1.27
2025-07-07 08:00:00,Z04,2,1,1,1,1.9,8.4,1.69
2025-07-11 02:00:00,Z04,0,0,0,1,2.0,5.0,1.03
2025-07-15 01:00:00,Z04,0,0,0,1,1.9,5.5,0.99
2025-07-15 02:00:00,Z04,0,0,0,1,2.0,5.7,1.0
2025-07-15 06:00:00,Z04,5,5,0,2,2.0,6.1,0.99
2025-07-22 20:00:00,Z04,2,2,0,1,2.0,6.1,0.97
2025-07-24 06:00:00,Z04,3,2,1,1,2.0,7.9,1.38
2025-08-05 06:00:00,Z04,1,1,0,1,2.0,6.3,1.01
2025-08-07 10:00:00,Z04,1,1,0,1,2.0,5.3,0.99
2025-08-15 05:00:00,Z04,0,0,0,1,1.9,4.6,1.01
2025-08-15 22:00:00,Z04,3,3,0,1,2.0,6.2,1.01
2025-08-18 01:00:00,Z04,0,0,0,1,2.0,5.0,0.99
2025-08-21 16:00:00,Z04,5,5,0,2,1.9,7.3,0.99
2025-08-25 02:00:00,Z04,1,1,0,1,2.0,5.6,1.01
2025-08-27 18:00:00,Z04,4,4,0,1,1.9,5.7,0.99
2025-08-31 10:00:00,Z04,6,6,0,3,2.1,4.9,1.02
2025-09-06 11:00:00,Z04,4,3,1,1,2.0,7.6,1.21
2025-09-07 23:00:00,Z04,2,1,1,1,2.0,9.0,1.71
2025-09-13 00:00:00,Z04,2,2,0,1,2.0,6.2,0.99
2025-09-14 23:00:00,Z04,0,0,0,1,2.0,4.9,1.02
2025-09-15 14:00:00,Z04,5,5,0,2,2.0,5.5,1.0
2025-09-16 22:00:00,Z04,1,1,0,1,2.0,6.3,1.02
2025-09-21 06:00:00,Z04,4,3,1,1,2.0,7.5,1.21
2025-09-22 20:00:00,Z04,4,4,0,1,1.9,6.0,1.01
2025-09-23 11:00:00,Z04,3,2,1,1,1.9,7.9,1.36
2025-09-24 10:00:00,Z04,3,3,0,1,2.0,6.3,1.0
2025-09-25 14:00:00,Z04,4,4,0,1,2.0,6.3,0.99
2025-10-03 06:00:00,Z04,3,2,1,1,1.9,7.4,1.36
2025-10-03 21:00:00,Z04,0,0,0,1,2.0,5.5,1.0
2025-10-06 05:00:00,Z04,1,1,0,1,1.9,6.1,1.02
2025-10-06 19:00:00,Z04,6,6,0,2,2.1,5.0,1.02
2025-10-07 00:00:00,Z04,0,0,0,1,2.0,5.1,1.01
2025-10-09 19:00:00,Z04,4,3,1,1,2.0,7.0,1.22
2025-10-20 06:00:00,Z04,4,4,0,1,2.0,5.7,0.98
2025-10-20 20:00:00,Z04,5,4,1,1,1.9,6.6,1.16
2025-10-26 08:00:00,Z04,9,9,0,4,2.1,5.2,1.0
2025-10-27 17:00:00,Z04,5,4,1,1,2.0,7.2,1.11
2025-10-29 23:00:00,Z04,1,1,0,1,2.0,5.1,1.02
2025-11-02 13:00:00,Z04,6,5,1,2,2.0,6.2,1.15
2025-11-03 21:00:00,Z04,2,2,0,1,2.0,5.9,1.02
2025-11-07 20:00:00,Z04,3,2,1,1,2.1,6.9,1.36
2025-11-09 11:00:00,Z04,5,5,0,-1,1.9,5.5,0.99
2025-11-12 16:00:00,Z04,6,6,0,2,2.0,6.6,1.01
2025-11-13 22:00:00,Z04,1,1,0,1,2.0,5.4,0.98
2025-11-17 18:00:00,Z04,12,12,0,5,2.0,6.4,0.98
2025-11-20 00:00:00,Z04,1,1,0,1,2.0,6.1,1.0
2025-11-21 21:00:00,Z04,4,3,1,1,2.0,8.1,1.25
2025-11-22 10:00:00,Z04,3,3,0,1,1.9,6.5,1.04
2025-11-24 08:00:00,Z04,2,1,1,1,2.1,9.0,1.7
2025-11-27 09:00:00,Z04,3,2,1,1,2.0,7.8,1.37
2025-11-27 14:00:00,Z04,3,3,0,1,2.0,6.7,0.99
2025-11-29 12:00:00,Z04,4,4,0,1,2.0,6.9,1.02
2025-12-03 05:00:00,Z04,1,1,0,1,2.1,5.4,1.02
2025-12-05 01:00:00,Z04,2,1,1,1,1.9,8.6,1.75
2025-12-06 05:00:00,Z04,3,3,0,1,2.0,5.5,0.97
2025-12-09 17:00:00,Z04,5,5,0,2,2.0,7.1,1.01
2025-12-16 04:00:00,Z04,1,1,0,1,2.0,5.8,0.97
2025-12-20 03:00:00,Z04,1,1,0,1,2.0,5.8,1.0
2025-12-27 15:00:00,Z04,3,3,0,1,2.1,5.8,0.99
2026-01-01 15:00:00,Z04,3,2,1,1,1.9,7.2,1.37
2026-01-05 16:00:00,Z04,3,2,1,1,2.0,7.4,1.36
2026-01-09 08:00:00,Z04,7,6,1,2,2.0,6.0,1.16
2026-01-12 17:00:00,Z04,3,2,1,1,2.0,6.5,1.34
2026-01-23 04:00:00,Z04,0,0,0,1,2.1,5.1,0.98
2026-01-23 07:00:00,Z04,7,7,0,2,2.0,6.0,1.01
2026-01-28 20:00:00,Z04,3,3,0,1,2.1,6.3,0.98
2026-01-29 13:00:00,Z04,4,4,0,1,2.0,5.7,1.0
2026-01-30 06:00:00,Z04,7,7,0,3,2.1,6.0,1.01
2026-02-01 02:00:00,Z04,0,0,0,1,2.0,5.1,0.99
2026-02-02 17:00:00,Z04,14,14,0,6,2.0,5.1,1.02
2026-02-03 03:00:00,Z04,2,2,0,1,2.1,5.5,1.02
2026-02-05 17:00:00,Z04,7,7,0,2,1.9,5.8,1.0
2026-02-08 22:00:00,Z04,1,1,0,1,1.9,5.1,0.95
2026-02-10 08:00:00,Z04,9,8,1,3,2.0,6.3,1.08
2026-02-16 08:00:00,Z04,7,6,1,2,2.0,6.0,1.09
2026-02-17 22:00:00,Z04,2,2,0,1,1.9,5.6,0.99
2026-02-19 17:00:00,Z04,8,8,0,3,2.0,6.2,1.0
2026-02-22 12:00:00,Z04,8,8,0,3,1.9,6.4,1.01
2026-03-01 05:00:00,Z04,2,1,1,1,2.0,8.7,1.64
2026-03-02 13:00:00,Z04,4,3,1,1,1.9,7.0,1.21
2026-03-05 14:00:00,Z04,7,6,1,2,2.1,6.2,1.12
2026-03-12 14:00:00,Z04,2,1,1,1,1.9,9.3,1.72
2026-03-16 07:00:00,Z04,6,6,0,2,1.9,5.8,1.0
2026-03-17 10:00:00,Z04,3,3,0,1,2.0,6.4,1.0
2026-03-25 00:00:00,Z04,1,1,0,1,2.0,5.6,0.97
2026-03-25 18:00:00,Z04,4,3,1,1,1.9,7.0,1.25
2026-03-25 19:00:00,Z04,12,12,0,5,2.0,6.2,0.99
2026-03-30 04:00:00,Z04,1,1,0,1,1.9,6.0,0.98
2026-03-31 20:00:00,Z04,7,6,1,2,2.1,5.3,1.14
2026-04-02 03:00:00,Z04,1,1,0,1,2.0,6.2,1.01
2026-04-03 13:00:00,Z04,6,6,0,2,2.1,4.9,0.98
2026-04-05 00:00:00,Z04,0,0,0,1,2.0,5.3,0.98
2026-04-10 22:00:00,Z04,3,2,1,1,2.1,8.1,1.39
2026-04-12 16:00:00,Z04,4,4,0,1,2.0,5.8,0.97
2026-04-13 01:00:00,Z04,0,0,0,1,2.0,5.1,0.99
2026-04-13 22:00:00,Z04,3,2,1,1,2.0,6.9,1.35
2026-04-14 08:00:00,Z04,8,8,0,3,1.9,5.3,1.0
2026-04-15 22:00:00,Z04,1,1,0,1,2.0,5.8,1.02
2026-04-18 21:00:00,Z04,4,4,0,1,1.9,6.5,1.0
2026-04-20 14:00:00,Z04,4,3,1,1,2.0,7.0,1.24
2026-04-24 16:00:00,Z04,11,10,1,4,1.9,8.0,1.05
2026-04-27 01:00:00,Z04,1,1,0,1,2.0,6.4,1.03
2026-04-28 23:00:00,Z04,0,0,0,1,2.0,5.5,0.99
2026-04-29 01:00:00,Z04,0,0,0,1,2.0,4.0,1.0
2026-05-01 18:00:00,Z04,12,12,0,5,2.0,5.2,1.0
2026-05-08 01:00:00,Z04,2,2,0,1,2.0,6.3,1.02
2026-05-08 22:00:00,Z04,2,1,1,1,2.1,8.6,1.71
2026-05-11 21:00:00,Z04,5,4,1,1,2.0,7.2,1.16
2026-05-16 03:00:00,Z04,0,0,0,1,2.1,5.2,1.0
2026-05-19 01:00:00,Z04,0,0,0,1,2.0,5.2,0.98
2026-05-19 04:00:00,Z04,0,0,0,1,2.0,5.9,0.99
2026-05-19 17:00:00,Z04,6,4,2,1,1.9,8.2,1.35
2026-05-21 12:00:00,Z04,4,3,1,1,2.1,6.7,1.24
2026-05-25 15:00:00,Z04,9,9,0,3,2.0,5.6,0.97
2026-05-27 16:00:00,Z04,8,8,0,3,2.0,5.7,1.03
2026-05-30 09:00:00,Z04,7,7,0,2,2.1,7.0,1.01
2026-05-31 22:00:00,Z04,2,2,0,1,1.9,6.3,1.02
2026-06-06 10:00:00,Z04,8,8,0,3,2.0,5.6,1.01
2026-06-10 00:00:00,Z04,0,0,0,1,1.9,5.2,1.01
2026-06-11 18:00:00,Z04,7,6,1,2,1.9,5.7,1.13
2026-06-14 18:00:00,Z04,13,13,0,6,1.9,5.1,1.02
2026-06-15 06:00:00,Z04,2,2,0,1,2.0,6.1,1.03
2026-06-18 01:00:00,Z04,0,0,0,1,1.9,5.3,1.03
2026-06-18 05:00:00,Z04,0,0,0,1,2.0,4.7,0.97
2026-06-21 03:00:00,Z04,0,0,0,1,2.1,5.0,1.0
2026-06-25 02:00:00,Z04,1,1,0,1,2.2,5.7,1.01
2026-06-26 23:00:00,Z04,2,1,1,1,2.0,7.8,1.7
2026-06-28 11:00:00,Z04,1,1,0,1,2.0,6.1,0.99
2026-06-29 11:00:00,Z04,2,1,1,1,1.9,9.0,1.73
2025-07-01 06:00:00,Z05,4,3,1,1,7.9,10.0,1.29
2025-07-02 05:00:00,Z05,1,1,0,1,7.8,7.9,1.0
2025-07-02 08:00:00,Z05,2,2,0,1,8.5,7.2,1.03
2025-07-03 03:00:00,Z05,1,1,0,1,8.4,6.9,1.0
2025-07-04 09:00:00,Z05,4,4,0,1,8.2,7.9,1.0
2025-07-06 21:00:00,Z05,4,3,1,1,7.4,9.2,1.25
2025-07-11 20:00:00,Z05,3,3,0,1,8.0,6.8,0.99
2025-07-13 17:00:00,Z05,6,5,1,2,8.6,8.2,1.14
2025-07-14 06:00:00,Z05,1,1,0,1,8.2,8.4,0.99
2025-07-17 06:00:00,Z05,2,2,0,1,7.9,7.2,0.99
2025-07-25 03:00:00,Z05,0,0,0,1,8.1,6.5,1.0
2025-08-02 16:00:00,Z05,1,1,0,1,8.3,8.0,0.99
2025-08-02 22:00:00,Z05,4,2,2,1,8.2,10.6,1.72
2025-08-03 01:00:00,Z05,1,1,0,1,8.3,7.3,0.96
2025-08-03 03:00:00,Z05,0,0,0,1,7.9,6.9,1.02
2025-08-04 03:00:00,Z05,0,0,0,1,8.0,6.7,0.99
2025-08-05 11:00:00,Z05,3,3,0,1,8.5,8.9,1.02
2025-08-09 05:00:00,Z05,2,1,1,1,8.0,13.0,1.71
2025-08-11 14:00:00,Z05,2,2,0,1,8.5,7.3,0.96
2025-08-14 09:00:00,Z05,5,4,1,1,8.3,7.8,1.18
2025-08-17 00:00:00,Z05,1,1,0,1,8.0,8.8,1.01
2025-08-17 22:00:00,Z05,1,1,0,1,8.3,8.0,1.0
2025-08-21 20:00:00,Z05,6,4,2,1,8.2,11.0,1.33
2025-08-22 06:00:00,Z05,2,2,0,1,8.2,8.6,0.97
2025-08-23 10:00:00,Z05,8,6,2,2,7.7,9.6,1.19
2025-08-29 01:00:00,Z05,0,0,0,1,8.1,6.6,1.0
2025-09-02 09:00:00,Z05,3,2,1,1,8.0,9.6,1.39
2025-09-04 02:00:00,Z05,0,0,0,1,8.0,6.8,1.01
2025-09-06 21:00:00,Z05,4,3,1,1,8.1,10.1,1.2
2025-09-12 12:00:00,Z05,5,5,0,2,8.5,8.7,1.04
2025-09-19 20:00:00,Z05,2,2,0,1,8.3,7.4,0.98
2025-09-20 14:00:00,Z05,5,5,0,2,8.3,7.0,1.01
2025-09-21 12:00:00,Z05,3,2,1,1,8.4,9.3,1.36
2025-09-24 15:00:00,Z05,1,1,0,1,7.8,7.8,1.04
2025-09-26 15:00:00,Z05,4,3,1,1,8.0,10.6,1.21
2025-09-28 04:00:00,Z05,0,0,0,1,8.0,6.9,1.02
2025-10-01 23:00:00,Z05,0,0,0,1,7.9,6.8,0.98
2025-10-02 11:00:00,Z05,4,3,1,1,8.2,9.0,1.25
2025-10-03 10:00:00,Z05,8,8,0,3,7.9,8.4,1.01
2025-10-03 11:00:00,Z05,4,3,1,1,8.4,9.5,1.21
2025-10-06 10:00:00,Z05,0,0,0,1,8.0,7.1,1.01
2025-10-06 17:00:00,Z05,4,3,1,1,8.2,10.4,1.22
2025-10-06 18:00:00,Z05,9,9,0,3,8.1,7.9,0.98
2025-10-13 15:00:00,Z05,3,3,0,1,8.1,7.8,1.02
2025-10-15 13:00:00,Z05,5,5,0,2,8.1,8.9,1.0
2025-10-17 18:00:00,Z05,2,1,1,1,8.2,11.1,1.7
2025-10-20 14:00:00,Z05,4,3,1,1,7.9,8.8,1.26
2025-10-22 15:00:00,Z05,5,5,0,2,7.9,8.3,0.99
2025-10-23 13:00:00,Z05,2,2,0,1,8.2,8.1,0.99
2025-10-28 15:00:00,Z05,6,6,0,2,8.1,7.7,1.01
2025-10-31 11:00:00,Z05,7,6,1,2,8.2,9.6,1.14
2025-11-03 23:00:00,Z05,0,0,0,1,7.9,7.4,0.96
2025-11-09 20:00:00,Z05,9,9,0,3,8.5,8.4,1.01
2025-11-11 18:00:00,Z05,2,2,0,1,8.2,7.9,0.98
2025-11-14 18:00:00,Z05,9,9,0,3,8.2,8.2,1.01
2025-11-20 00:00:00,Z05,0,0,0,1,8.0,6.8,1.04
2025-11-21 09:00:00,Z05,4,4,0,1,8.1,8.2,1.02
2025-11-22 16:00:00,Z05,11,11,0,5,8.0,7.0,1.0
2025-11-23 05:00:00,Z05,1,1,0,1,8.2,8.6,1.02
2025-11-23 14:00:00,Z05,3,3,0,1,8.1,7.7,1.06
2025-11-24 10:00:00,Z05,6,5,1,2,8.4,7.7,1.13
2025-11-27 08:00:00,Z05,5,3,2,1,8.2,11.3,1.45
2025-11-28 02:00:00,Z05,0,0,0,1,8.2,6.6,1.01
2025-11-28 19:00:00,Z05,5,3,2,1,8.1,11.4,1.45
2025-11-29 11:00:00,Z05,4,4,0,1,8.0,6.9,1.01
2025-11-29 23:00:00,Z05,1,1,0,1,7.6,9.2,1.04
2025-12-02 02:00:00,Z05,0,0,0,1,8.4,6.7,0.94
2025-12-12 07:00:00,Z05,3,3,0,1,8.3,7.7,0.99
2025-12-16 00:00:00,Z05,1,1,0,1,8.1,8.0,1.03
2025-12-16 01:00:00,Z05,0,0,0,1,8.3,6.3,0.99
2025-12-17 16:00:00,Z05,5,5,0,2,8.1,9.4,1.03
2025-12-22 06:00:00,Z05,1,1,0,1,8.0,7.5,1.04
2025-12-24 17:00:00,Z05,0,0,0,1,8.4,7.3,1.0
2025-12-27 03:00:00,Z05,0,0,0,1,8.0,6.7,1.0
2025-12-27 21:00:00,Z05,6,6,0,2,8.0,8.3,1.0
2026-01-01 07:00:00,Z05,6,6,0,2,7.8,7.7,1.01
2026-01-05 11:00:00,Z05,4,4,0,1,8.1,8.5,1.03
2026-01-06 16:00:00,Z05,2,1,1,1,7.9,10.4,1.8
2026-01-09 02:00:00,Z05,1,1,0,1,8.1,7.7,0.98
2026-01-16 00:00:00,Z05,1,1,0,1,7.9,9.2,1.01
2026-01-16 22:00:00,Z05,1,1,0,1,8.4,8.4,1.01
2026-01-25 21:00:00,Z05,6,6,0,2,8.0,8.2,0.99
2026-01-26 15:00:00,Z05,4,3,1,1,7.9,8.9,1.26
2026-02-05 22:00:00,Z05,3,3,0,1,8.3,7.6,1.0
2026-02-10 23:00:00,Z05,0,0,0,1,7.8,6.8,1.02
2026-02-13 23:00:00,Z05,2,1,1,1,8.0,9.7,1.68
2026-02-15 08:00:00,Z05,1,1,0,1,8.2,8.8,1.0
2026-02-19 09:00:00,Z05,2,2,0,1,8.2,8.6,0.99
2026-02-20 14:00:00,Z05,7,7,0,2,8.4,7.8,0.99
2026-02-26 07:00:00,Z05,2,1,1,1,8.1,11.6,1.72
2026-02-28 17:00:00,Z05,7,7,0,2,8.0,8.2,1.0
2026-03-01 14:00:00,Z05,4,3,1,1,8.2,9.3,1.24
2026-03-05 08:00:00,Z05,4,4,0,1,8.1,6.6,1.01
2026-03-06 14:00:00,Z05,6,6,0,2,7.8,8.7,1.02
2026-03-12 01:00:00,Z05,0,0,0,1,8.4,6.8,1.0
2026-03-13 15:00:00,Z05,4,4,0,1,8.4,8.5,1.03
2026-03-16 05:00:00,Z05,1,1,0,1,7.9,7.7,0.99
2026-03-17 18:00:00,Z05,9,8,1,3,8.3,8.3,1.09
2026-03-25 09:00:00,Z05,2,1,1,1,8.5,12.2,1.74
2026-03-25 13:00:00,Z05,5,4,1,1,8.2,9.2,1.16
2026-03-27 04:00:00,Z05,0,0,0,1,8.1,7.1,0.98
2026-03-29 02:00:00,Z05,1,1,0,1,8.2,7.6,0.98
2026-03-29 21:00:00,Z05,1,1,0,1,8.2,9.8,1.02
2026-04-03 02:00:00,Z05,0,0,0,1,8.4,6.7,0.97
2026-04-03 09:00:00,Z05,5,4,1,1,8.1,8.3,1.14
2026-04-06 00:00:00,Z05,1,1,0,1,7.8,7.8,0.99
2026-04-06 18:00:00,Z05,8,8,0,3,7.9,7.5,1.01
2026-04-10 21:00:00,Z05,2,2,0,1,8.0,7.1,1.0
2026-04-15 19:00:00,Z05,8,8,0,3,8.4,7.7,1.03
2026-04-18 08:00:00,Z05,5,4,1,1,8.2,9.5,1.19
2026-04-19 22:00:00,Z05,2,1,1,1,8.3,12.2,1.71
2026-04-20 07:00:00,Z05,6,6,0,2,7.7,8.8,0.99
2026-04-23 12:00:00,Z05,4,4,0,1,8.0,8.6,1.01
2026-04-25 06:00:00,Z05,2,1,1,1,8.5,13.2,1.74
2026-04-25 13:00:00,Z05,3,3,0,1,8.2,7.9,1.0
2026-05-03 08:00:00,Z05,9,9,0,3,8.2,9.7,1.05
2026-05-03 13:00:00,Z05,2,2,0,1,8.4,6.9,0.98
2026-05-04 18:00:00,Z05,6,5,1,2,7.9,8.5,1.16
2026-05-11 15:00:00,Z05,7,6,1,2,8.1,10.0,1.19
2026-05-19 10:00:00,Z05,3,2,1,1,7.7,10.0,1.35
2026-05-23 19:00:00,Z05,11,9,2,3,7.8,9.3,1.17
2026-05-29 00:00:00,Z05,1,1,0,1,7.9,8.5,1.01
2026-05-29 18:00:00,Z05,5,5,0,2,8.3,9.4,1.03
2026-05-29 20:00:00,Z05,7,6,1,2,7.9,9.7,1.11
2026-06-02 03:00:00,Z05,0,0,0,1,8.0,6.3,1.02
2026-06-03 02:00:00,Z05,1,1,0,1,8.2,8.8,0.97
2026-06-05 02:00:00,Z05,1,1,0,1,8.4,7.5,0.98
2026-06-07 03:00:00,Z05,0,0,0,1,8.2,7.4,1.01
2026-06-07 18:00:00,Z05,6,6,0,2,8.2,8.8,0.99
2026-06-07 23:00:00,Z05,2,1,1,1,7.8,13.1,1.67
2026-06-13 07:00:00,Z05,3,3,0,1,7.8,8.2,1.0
2026-06-20 02:00:00,Z05,0,0,0,1,8.1,6.4,0.99
2026-06-24 01:00:00,Z05,1,1,0,1,7.8,7.9,0.96
2026-06-24 23:00:00,Z05,2,1,1,1,7.9,13.6,1.73
2026-06-25 14:00:00,Z05,3,2,1,1,8.2,10.0,1.36
2025-07-05 14:00:00,Z06,6,6,0,2,6.4,6.5,0.99
2025-07-23 07:00:00,Z06,3,3,0,1,6.6,6.3,0.99
2025-07-23 19:00:00,Z06,4,4,0,1,6.6,6.3,1.01
2025-07-28 03:00:00,Z06,0,0,0,1,6.9,5.1,0.99
2025-08-01 23:00:00,Z06,0,0,0,1,6.8,5.6,1.01
2025-08-10 03:00:00,Z06,0,0,0,1,6.6,6.0,1.0
2025-08-13 23:00:00,Z06,0,0,0,1,6.8,6.2,1.03
2025-08-16 05:00:00,Z06,0,0,0,1,6.2,5.6,1.0
2025-08-16 08:00:00,Z06,5,4,1,1,7.0,7.7,1.2
2025-08-17 00:00:00,Z06,1,1,0,1,6.5,6.7,1.04
2025-08-19 03:00:00,Z06,0,0,0,1,6.7,6.6,0.99
2025-08-19 17:00:00,Z06,3,3,0,1,6.4,6.1,1.01
2025-08-19 23:00:00,Z06,1,1,0,1,6.8,6.9,1.0
2025-08-21 00:00:00,Z06,1,1,0,1,6.3,6.6,0.98
2025-08-21 15:00:00,Z06,4,3,1,1,6.8,8.2,1.26
2025-08-21 17:00:00,Z06,4,4,0,1,6.5,6.4,1.01
2025-08-24 09:00:00,Z06,5,5,0,2,6.4,7.1,1.01
2025-08-24 19:00:00,Z06,3,3,0,1,6.7,6.6,0.99
2025-08-28 06:00:00,Z06,2,2,0,1,6.4,6.7,1.0
2025-08-30 12:00:00,Z06,4,4,0,1,6.8,7.5,1.01
2025-09-04 00:00:00,Z06,2,2,0,1,6.8,7.2,1.01
2025-09-05 01:00:00,Z06,1,1,0,1,6.4,6.8,0.98
2025-09-11 20:00:00,Z06,4,3,1,1,6.8,7.7,1.27
2025-09-17 02:00:00,Z06,0,0,0,1,6.4,5.5,1.0
2025-09-19 14:00:00,Z06,6,6,0,2,6.4,7.3,0.99
2025-09-20 00:00:00,Z06,0,0,0,1,6.8,4.4,0.97
2025-09-23 05:00:00,Z06,0,0,0,1,6.4,5.2,0.99
2025-09-25 10:00:00,Z06,1,1,0,1,6.6,7.0,0.99
2025-09-28 09:00:00,Z06,1,1,0,1,6.7,7.5,0.97
2025-09-28 14:00:00,Z06,4,3,1,1,6.7,8.3,1.23
2025-09-30 22:00:00,Z06,1,1,0,1,6.9,7.3,0.99
2025-10-02 21:00:00,Z06,2,2,0,1,6.8,6.0,1.0
2025-10-03 01:00:00,Z06,0,0,0,1,6.5,6.6,1.0
2025-10-10 19:00:00,Z06,7,5,2,2,6.6,7.6,1.31
2025-10-13 08:00:00,Z06,2,2,0,1,6.7,6.4,0.98
2025-10-15 13:00:00,Z06,1,1,0,1,6.5,7.6,1.03
2025-10-20 20:00:00,Z06,4,3,1,1,6.8,7.2,1.23
2025-10-22 01:00:00,Z06,0,0,0,1,6.8,5.1,1.01
2025-10-24 04:00:00,Z06,0,0,0,1,6.9,5.8,1.01
2025-10-24 06:00:00,Z06,2,2,0,1,6.4,6.7,0.96
2025-11-01 23:00:00,Z06,3,3,0,1,6.8,6.5,0.99
2025-11-09 00:00:00,Z06,0,0,0,1,6.4,6.1,1.05
2025-11-15 23:00:00,Z06,3,3,0,1,6.6,6.9,1.01
2025-11-17 23:00:00,Z06,0,0,0,1,6.7,5.8,0.98
2025-11-20 00:00:00,Z06,0,0,0,1,6.7,5.1,1.02
2025-11-21 22:00:00,Z06,3,3,0,1,7.0,6.8,1.02
2025-11-22 16:00:00,Z06,2,2,0,1,6.6,7.2,0.99
2025-11-23 23:00:00,Z06,3,2,1,1,6.8,8.4,1.39
2025-11-25 03:00:00,Z06,1,1,0,1,7.1,5.9,0.95
2025-11-26 00:00:00,Z06,1,1,0,1,6.5,6.9,1.02
2025-11-26 18:00:00,Z06,3,3,0,1,6.9,6.9,1.02
2025-11-28 08:00:00,Z06,5,5,0,2,6.8,6.2,1.03
2025-12-08 12:00:00,Z06,2,2,0,1,6.4,7.4,1.0
2025-12-08 23:00:00,Z06,1,1,0,1,6.7,6.6,0.98
2025-12-15 06:00:00,Z06,3,2,1,1,6.6,8.4,1.36
2025-12-15 13:00:00,Z06,3,3,0,1,6.9,6.6,1.02
2025-12-20 13:00:00,Z06,2,2,0,1,6.7,6.1,0.96
2025-12-24 03:00:00,Z06,1,1,0,1,6.2,6.8,1.0
2025-12-25 04:00:00,Z06,0,0,0,1,6.6,5.6,0.99
2025-12-25 05:00:00,Z06,2,1,1,1,6.1,9.3,1.67
2025-12-29 00:00:00,Z06,0,0,0,1,6.3,5.9,1.02
2025-12-31 15:00:00,Z06,4,3,1,1,6.2,7.3,1.25
2026-01-01 22:00:00,Z06,2,1,1,1,6.8,10.5,1.67
2026-01-04 18:00:00,Z06,3,3,0,1,6.1,6.7,0.99
2026-01-07 12:00:00,Z06,3,3,0,1,6.5,7.0,1.03
2026-01-09 15:00:00,Z06,3,3,0,1,6.7,7.3,0.99
2026-01-11 11:00:00,Z06,3,3,0,1,6.7,7.1,0.97
2026-01-18 12:00:00,Z06,4,4,0,1,7.0,6.2,1.03
2026-01-25 01:00:00,Z06,1,1,0,1,6.4,7.1,1.03
2026-01-26 22:00:00,Z06,2,2,0,1,6.8,6.4,0.97
2026-01-29 13:00:00,Z06,5,4,1,1,6.7,9.2,1.19
2026-01-31 21:00:00,Z06,5,5,0,2,6.7,6.7,1.03
2026-02-04 07:00:00,Z06,8,7,1,2,6.3,7.6,1.08
2026-02-05 00:00:00,Z06,1,1,0,1,6.7,6.8,1.02
2026-02-05 10:00:00,Z06,3,3,0,1,6.6,6.9,0.98
2026-02-09 15:00:00,Z06,3,3,0,1,6.7,6.4,1.01
2026-02-11 14:00:00,Z06,1,1,0,1,6.4,6.8,0.99
2026-02-11 22:00:00,Z06,1,1,0,1,6.7,6.6,1.0
2026-02-13 22:00:00,Z06,2,2,0,1,6.6,6.2,1.0
2026-02-25 05:00:00,Z06,0,0,0,1,6.8,5.7,0.99
2026-02-27 22:00:00,Z06,2,1,1,1,6.2,9.3,1.7
2026-03-05 01:00:00,Z06,0,0,0,1,6.5,5.4,1.04
2026-03-06 00:00:00,Z06,0,0,0,1,6.7,5.2,1.01
2026-03-08 12:00:00,Z06,5,4,1,1,6.7,7.4,1.17
2026-03-25 01:00:00,Z06,0,0,0,1,6.2,5.8,1.0
2026-03-25 07:00:00,Z06,2,2,0,1,6.7,6.8,0.97
2026-03-26 02:00:00,Z06,0,0,0,1,6.7,5.8,0.97
2026-03-27 10:00:00,Z06,5,4,1,1,6.2,7.7,1.13
2026-03-30 13:00:00,Z06,2,2,0,1,6.4,6.8,0.97
2026-03-30 18:00:00,Z06,6,6,0,2,6.7,5.7,0.99
2026-04-01 16:00:00,Z06,3,2,1,1,6.5,8.0,1.36
2026-04-09 07:00:00,Z06,6,6,0,2,6.9,6.2,0.99
2026-04-13 11:00:00,Z06,5,5,0,2,6.8,5.9,0.98
2026-04-13 19:00:00,Z06,3,3,0,1,6.8,6.7,1.03
2026-04-14 08:00:00,Z06,5,5,0,2,6.6,7.0,0.99
2026-04-14 09:00:00,Z06,1,1,0,1,6.3,6.9,0.99
2026-04-14 13:00:00,Z06,1,1,0,1,6.5,6.7,1.0
2026-04-16 14:00:00,Z06,0,0,0,1,6.4,5.7,1.04
2026-04-17 10:00:00,Z06,6,6,0,2,6.2,6.5,0.99
2026-04-19 10:00:00,Z06,3,2,1,1,6.4,8.7,1.35
2026-04-23 21:00:00,Z06,5,4,1,1,6.9,7.6,1.17
2026-04-27 13:00:00,Z06,4,3,1,1,6.8,8.5,1.2
2026-05-02 04:00:00,Z06,0,0,0,1,6.8,6.4,0.97
2026-05-07 05:00:00,Z06,0,0,0,1,6.7,5.2,0.97
2026-05-11 02:00:00,Z06,1,1,0,1,6.6,6.9,1.01
2026-05-19 19:00:00,Z06,3,2,1,1,6.8,7.7,1.35
2026-05-24 23:00:00,Z06,0,0,0,1,6.1,4.9,1.01
2026-05-26 07:00:00,Z06,8,8,0,3,7.0,6.8,0.98
2026-05-27 01:00:00,Z06,1,1,0,1,6.6,7.3,0.99
2026-05-27 19:00:00,Z06,6,6,0,2,6.5,7.3,0.98
2026-05-28 00:00:00,Z06,2,2,0,1,6.3,7.3,1.0
2026-05-28 03:00:00,Z06,0,0,0,1,6.7,5.1,0.99
2026-05-29 14:00:00,Z06,4,4,0,1,7.0,7.2,0.98
2026-05-30 15:00:00,Z06,5,5,0,2,6.8,6.9,0.98
2026-06-01 22:00:00,Z06,0,0,0,1,6.7,6.6,1.01
2026-06-03 18:00:00,Z06,9,7,2,2,6.9,7.8,1.19
2026-06-04 04:00:00,Z06,0,0,0,1,6.8,4.9,0.93
2026-06-05 20:00:00,Z06,7,7,0,2,6.5,8.2,1.0
2026-06-09 21:00:00,Z06,2,2,0,1,6.7,7.4,1.02
2026-06-10 03:00:00,Z06,0,0,0,1,7.1,5.5,1.0
2026-06-11 01:00:00,Z06,1,1,0,1,6.7,6.8,0.99
2026-06-26 00:00:00,Z06,4,3,1,1,6.9,7.9,1.23
2026-06-27 11:00:00,Z06,4,3,1,1,6.4,7.2,1.26
2026-06-27 21:00:00,Z06,6,6,0,2,6.6,6.3,1.02
2026-06-28 23:00:00,Z06,2,2,0,1,6.4,6.1,0.99
2026-06-29 06:00:00,Z06,1,1,0,1,6.4,7.7,1.0
2025-07-01 02:00:00,Z07,1,1,0,1,8.7,8.6,0.98
2025-07-02 17:00:00,Z07,5,5,0,2,8.9,8.2,0.97
2025-07-10 03:00:00,Z07,1,1,0,1,8.6,8.1,0.96
2025-07-12 06:00:00,Z07,8,7,1,2,8.6,9.6,1.14
2025-07-16 19:00:00,Z07,4,4,0,1,8.8,8.6,1.02
2025-07-18 18:00:00,Z07,6,6,0,2,8.8,8.6,1.03
2025-07-18 20:00:00,Z07,7,6,1,2,8.2,8.6,1.11
2025-07-21 04:00:00,Z07,3,3,0,1,8.8,10.0,1.01
2025-07-27 01:00:00,Z07,2,2,0,1,8.8,7.6,1.01
2025-07-28 08:00:00,Z07,6,5,1,2,8.8,8.6,1.12
2025-08-01 19:00:00,Z07,6,6,0,2,8.9,9.0,1.01
2025-08-03 05:00:00,Z07,3,3,0,1,8.7,8.9,1.02
2025-08-03 11:00:00,Z07,0,0,0,1,9.5,7.8,0.97
2025-08-03 17:00:00,Z07,5,4,1,1,9.5,8.9,1.13
2025-08-06 03:00:00,Z07,0,0,0,1,8.2,7.4,1.01
2025-08-13 09:00:00,Z07,2,2,0,1,8.7,10.5,1.01
2025-08-15 08:00:00,Z07,4,4,0,1,8.4,9.1,1.03
2025-08-16 15:00:00,Z07,4,3,1,1,8.8,11.4,1.26
2025-08-24 04:00:00,Z07,0,0,0,1,8.4,8.1,0.94
2025-08-26 10:00:00,Z07,3,3,0,1,9.0,9.1,0.99
2025-08-28 18:00:00,Z07,2,1,1,1,8.6,13.5,1.62
2025-09-02 23:00:00,Z07,1,1,0,1,8.5,8.2,1.03
2025-09-04 18:00:00,Z07,5,5,0,2,8.9,9.8,0.99
2025-09-06 10:00:00,Z07,5,4,1,1,8.8,10.1,1.18
2025-09-08 12:00:00,Z07,2,2,0,1,8.9,9.1,1.02
2025-09-09 17:00:00,Z07,5,4,1,1,8.7,9.4,1.19
2025-09-13 03:00:00,Z07,0,0,0,1,8.6,7.6,1.01
2025-09-14 11:00:00,Z07,2,1,1,1,8.5,13.5,1.62
2025-09-14 13:00:00,Z07,1,1,0,1,8.9,8.8,1.02
2025-09-16 08:00:00,Z07,3,3,0,1,8.8,7.8,0.99
2025-09-18 04:00:00,Z07,0,0,0,1,8.4,7.0,1.03
2025-09-18 19:00:00,Z07,5,5,0,2,8.6,8.5,0.99
2025-09-18 22:00:00,Z07,0,0,0,1,9.0,8.2,0.99
2025-09-24 18:00:00,Z07,2,2,0,1,8.7,8.9,1.0
2025-09-25 07:00:00,Z07,6,6,0,2,8.6,9.2,0.97
2025-09-25 18:00:00,Z07,1,1,0,1,8.6,9.6,1.01
2025-09-30 14:00:00,Z07,3,3,0,1,8.3,8.6,0.99
2025-10-04 12:00:00,Z07,0,0,0,1,8.8,8.0,1.0
2025-10-04 15:00:00,Z07,3,3,0,1,8.5,8.2,1.0
2025-10-06 10:00:00,Z07,0,0,0,1,8.8,8.1,1.0
2025-10-08 09:00:00,Z07,3,3,0,1,8.9,8.2,0.97
2025-10-09 04:00:00,Z07,1,1,0,1,9.1,8.7,1.04
2025-10-11 05:00:00,Z07,1,1,0,1,8.9,8.8,1.02
2025-10-16 15:00:00,Z07,1,1,0,1,9.0,9.2,0.99
2025-10-17 23:00:00,Z07,2,2,0,1,8.7,9.4,1.03
2025-10-20 21:00:00,Z07,2,1,1,1,9.3,11.0,1.75
2025-10-21 01:00:00,Z07,1,1,0,1,9.0,8.4,0.96
2025-10-22 02:00:00,Z07,1,1,0,1,8.7,9.4,1.0
2025-10-22 18:00:00,Z07,1,1,0,1,8.8,8.7,1.0
2025-10-31 11:00:00,Z07,2,2,0,1,8.7,8.7,0.98
2025-11-01 01:00:00,Z07,0,0,0,1,9.0,7.9,1.01
2025-11-02 03:00:00,Z07,0,0,0,1,8.9,6.8,1.02
2025-11-03 04:00:00,Z07,1,1,0,1,8.7,9.5,0.98
2025-11-03 09:00:00,Z07,3,2,1,1,9.2,10.2,1.37
2025-11-09 15:00:00,Z07,2,2,0,1,8.8,9.2,0.98
2025-11-13 02:00:00,Z07,4,4,0,1,8.8,8.7,1.01
2025-11-13 20:00:00,Z07,4,3,1,1,8.6,9.9,1.25
2025-11-16 23:00:00,Z07,2,1,1,1,8.7,13.5,1.71
2025-11-19 11:00:00,Z07,1,1,0,1,8.9,8.9,1.0
2025-11-22 12:00:00,Z07,4,4,0,1,8.7,8.6,0.99
2025-12-01 13:00:00,Z07,1,1,0,1,8.7,8.3,0.98
2025-12-02 23:00:00,Z07,0,0,0,1,8.3,7.6,1.01
2025-12-06 01:00:00,Z07,1,1,0,1,9.0,8.7,0.98
2025-12-11 17:00:00,Z07,0,0,0,1,8.6,7.5,0.97
2025-12-15 11:00:00,Z07,4,3,1,1,8.6,9.4,1.23
2025-12-17 01:00:00,Z07,1,1,0,1,8.5,8.9,1.01
2025-12-23 06:00:00,Z07,5,5,0,2,8.4,9.1,0.98
2025-12-23 18:00:00,Z07,3,2,1,1,9.0,11.9,1.32
2025-12-26 11:00:00,Z07,1,1,0,1,9.5,8.9,1.01
2026-01-01 00:00:00,Z07,1,1,0,1,8.8,8.6,1.0
2026-01-03 20:00:00,Z07,6,5,1,2,8.6,9.3,1.13
2026-01-07 05:00:00,Z07,2,1,1,1,8.8,12.8,1.72
2026-01-10 17:00:00,Z07,5,5,0,2,8.9,8.4,1.02
2026-01-12 06:00:00,Z07,2,2,0,1,8.8,8.9,0.98
2026-01-12 19:00:00,Z07,4,3,1,1,8.8,10.7,1.25
2026-01-18 20:00:00,Z07,3,2,1,1,8.2,11.4,1.33
2026-01-19 12:00:00,Z07,3,2,1,1,8.3,12.1,1.43
2026-01-24 02:00:00,Z07,0,0,0,1,8.5,6.4,1.02
2026-01-24 13:00:00,Z07,3,2,1,1,8.7,11.0,1.36
2026-01-30 02:00:00,Z07,0,0,0,1,9.1,8.0,1.02
2026-01-31 00:00:00,Z07,5,5,0,2,8.3,8.6,0.99
2026-01-31 16:00:00,Z07,2,1,1,1,8.4,11.8,1.69
2026-02-01 16:00:00,Z07,5,4,1,1,8.5,9.8,1.16
2026-02-03 10:00:00,Z07,3,2,1,1,9.2,10.6,1.35
2026-02-07 23:00:00,Z07,2,1,1,1,9.1,13.3,1.75
2026-02-08 18:00:00,Z07,5,4,1,1,8.2,9.6,1.15
2026-02-23 06:00:00,Z07,6,5,1,2,8.8,9.5,1.14
2026-02-25 21:00:00,Z07,2,2,0,1,8.8,8.6,1.01
2026-02-28 05:00:00,Z07,3,3,0,1,8.9,7.9,0.99
2026-03-05 13:00:00,Z07,6,5,1,2,9.1,9.6,1.15
2026-03-05 15:00:00,Z07,4,3,1,1,8.4,11.1,1.24
2026-03-06 01:00:00,Z07,4,3,1,1,9.1,10.7,1.23
2026-03-07 01:00:00,Z07,2,2,0,1,8.9,9.5,0.98
2026-03-08 15:00:00,Z07,2,2,0,1,8.5,8.9,1.03
2026-03-09 11:00:00,Z07,2,1,1,1,8.7,11.2,1.67
2026-03-12 11:00:00,Z07,4,4,0,1,8.7,8.5,1.0
2026-03-12 18:00:00,Z07,4,4,0,1,8.8,8.2,1.03
2026-03-17 18:00:00,Z07,3,2,1,1,9.4,10.6,1.37
2026-03-23 10:00:00,Z07,6,6,0,2,9.2,10.1,0.98
2026-03-25 17:00:00,Z07,1,1,0,1,9.0,8.2,0.98
2026-03-26 02:00:00,Z07,1,1,0,1,9.2,8.6,1.01
2026-03-27 16:00:00,Z07,7,6,1,2,9.0,10.2,1.12
2026-03-28 07:00:00,Z07,8,8,0,3,8.5,9.6,0.99
2026-03-30 05:00:00,Z07,1,1,0,1,8.8,8.8,0.99
2026-03-30 06:00:00,Z07,4,4,0,1,8.5,8.8,0.97
2026-04-02 10:00:00,Z07,3,2,1,1,8.5,10.1,1.36
2026-04-04 20:00:00,Z07,6,5,1,2,8.8,11.2,1.15
2026-04-08 21:00:00,Z07,3,2,1,1,8.1,10.1,1.37
2026-04-11 02:00:00,Z07,1,1,0,1,9.1,10.0,1.0
2026-04-11 08:00:00,Z07,10,10,0,4,8.8,8.8,1.0
2026-04-13 16:00:00,Z07,1,1,0,1,8.9,9.6,1.01
2026-04-14 09:00:00,Z07,8,7,1,2,8.9,9.1,1.12
2026-04-17 07:00:00,Z07,4,3,1,1,8.6,11.1,1.21
2026-04-22 07:00:00,Z07,4,4,0,1,8.7,8.3,1.04
2026-04-25 03:00:00,Z07,2,1,1,1,8.6,13.5,1.71
2026-05-02 22:00:00,Z07,4,3,1,1,9.0,10.6,1.21
2026-05-03 07:00:00,Z07,10,10,0,4,8.9,9.0,1.02
2026-05-11 22:00:00,Z07,0,0,0,1,9.0,8.0,1.0
2026-05-17 19:00:00,Z07,7,7,0,3,8.5,8.2,1.02
2026-05-19 14:00:00,Z07,6,5,1,2,8.9,10.1,1.13
2026-05-19 21:00:00,Z07,7,5,2,2,9.5,9.7,1.27
2026-05-30 01:00:00,Z07,3,2,1,1,9.1,11.5,1.31
2026-05-31 05:00:00,Z07,2,2,0,1,9.0,8.5,1.01
2026-06-06 02:00:00,Z07,0,0,0,1,8.5,6.6,1.0
2026-06-06 20:00:00,Z07,5,5,0,2,8.5,8.6,0.99
2026-06-13 16:00:00,Z07,5,5,0,2,8.8,8.7,1.0
2026-06-20 18:00:00,Z07,7,5,2,2,8.5,9.8,1.3
2026-06-23 21:00:00,Z07,6,6,0,2,8.8,8.1,1.04
2026-06-23 22:00:00,Z07,6,5,1,2,9.0,9.4,1.11
2026-06-24 14:00:00,Z07,4,4,0,1,8.5,7.9,1.0
2026-06-26 16:00:00,Z07,3,3,0,1,9.4,9.1,1.01
2026-06-28 05:00:00,Z07,3,3,0,1,8.9,9.0,0.99
2026-06-28 10:00:00,Z07,6,6,0,2,8.7,9.9,0.98
2025-07-01 10:00:00,Z08,2,1,1,1,7.2,10.2,1.71
2025-07-03 16:00:00,Z08,3,2,1,1,7.5,9.6,1.35
2025-07-08 05:00:00,Z08,1,1,0,1,7.4,8.3,0.98
2025-07-10 00:00:00,Z08,0,0,0,1,7.3,6.3,1.01
2025-07-13 11:00:00,Z08,2,1,1,1,7.2,11.1,1.75
2025-07-16 16:00:00,Z08,1,1,0,1,7.0,7.1,1.03
2025-07-21 11:00:00,Z08,2,1,1,1,7.3,10.1,1.73
2025-07-21 17:00:00,Z08,7,6,1,2,7.5,7.7,1.13
2025-07-23 05:00:00,Z08,3,3,0,1,7.3,6.4,1.02
2025-07-30 19:00:00,Z08,2,2,0,1,7.1,7.2,0.99
2025-07-31 08:00:00,Z08,5,4,1,1,7.0,7.6,1.2
2025-08-04 18:00:00,Z08,4,3,1,1,7.4,7.7,1.26
2025-08-05 14:00:00,Z08,1,1,0,1,7.3,6.8,1.0
2025-08-07 20:00:00,Z08,2,2,0,1,7.0,7.0,0.98
2025-08-11 03:00:00,Z08,0,0,0,1,7.2,5.7,0.99
2025-08-16 06:00:00,Z08,4,4,0,1,7.3,8.4,0.98
2025-08-24 03:00:00,Z08,1,1,0,1,7.0,7.2,1.0
2025-08-25 17:00:00,Z08,4,4,0,1,7.4,7.4,1.01
2025-08-28 23:00:00,Z08,0,0,0,1,7.3,6.0,1.03
2025-08-29 05:00:00,Z08,3,2,1,1,7.3,7.8,1.39
2025-09-07 16:00:00,Z08,5,4,1,1,7.5,8.4,1.19
2025-09-08 09:00:00,Z08,6,5,1,2,7.4,8.3,1.14
2025-09-10 13:00:00,Z08,2,2,0,1,7.4,6.3,0.97
2025-09-17 15:00:00,Z08,5,5,0,2,7.4,7.2,1.02
2025-09-21 04:00:00,Z08,0,0,0,1,7.2,5.8,1.01
2025-09-21 16:00:00,Z08,3,3,0,1,7.4,8.1,0.99
2025-09-25 02:00:00,Z08,0,0,0,1,7.2,7.0,0.97
2025-09-26 15:00:00,Z08,0,0,0,1,7.0,5.7,0.98
2025-09-30 22:00:00,Z08,0,0,0,1,7.0,7.0,0.98
2025-10-08 08:00:00,Z08,3,3,0,1,6.9,7.4,0.97
2025-10-08 18:00:00,Z08,3,3,0,1,7.3,7.4,1.02
2025-10-09 05:00:00,Z08,3,3,0,1,7.1,7.0,0.98
2025-10-09 14:00:00,Z08,1,1,0,1,7.0,6.3,1.04
2025-10-10 14:00:00,Z08,2,2,0,1,7.0,7.2,0.97
2025-10-17 22:00:00,Z08,0,0,0,1,7.2,6.0,1.02
2025-10-18 02:00:00,Z08,0,0,0,1,6.9,5.9,1.01
2025-10-31 07:00:00,Z08,6,6,0,2,7.1,7.4,1.01
2025-11-02 10:00:00,Z08,2,2,0,1,7.3,7.2,1.04
2025-11-02 11:00:00,Z08,1,1,0,1,6.9,7.6,1.02
2025-11-04 03:00:00,Z08,1,1,0,1,7.1,7.6,1.0
2025-11-04 21:00:00,Z08,0,0,0,1,7.0,6.2,1.01
2025-11-07 21:00:00,Z08,0,0,0,1,7.0,5.6,1.0
2025-11-09 19:00:00,Z08,8,8,0,4,7.2,6.2,1.02
2025-11-14 13:00:00,Z08,5,5,0,2,7.3,7.9,1.02
2025-11-14 16:00:00,Z08,5,5,0,2,7.0,8.1,0.99
2025-11-15 08:00:00,Z08,7,7,0,2,7.1,7.2,0.99
2025-11-15 15:00:00,Z08,2,2,0,1,7.5,7.7,1.01
2025-11-17 21:00:00,Z08,1,1,0,1,7.0,7.6,1.01
2025-11-22 12:00:00,Z08,5,5,0,2,7.0,7.1,1.02
2025-11-22 23:00:00,Z08,0,0,0,1,7.1,6.7,1.01
2025-11-30 12:00:00,Z08,1,1,0,1,7.3,7.2,1.0
2025-12-01 20:00:00,Z08,1,1,0,1,7.3,7.2,0.97
2025-12-01 22:00:00,Z08,2,1,1,1,7.2,11.8,1.68
2025-12-04 05:00:00,Z08,2,1,1,1,7.0,11.2,1.73
2025-12-06 14:00:00,Z08,3,3,0,1,7.2,7.0,1.02
2025-12-07 12:00:00,Z08,4,4,0,1,7.0,6.2,1.0
2025-12-11 18:00:00,Z08,3,2,1,1,7.0,9.7,1.34
2025-12-14 20:00:00,Z08,4,3,1,1,7.3,8.4,1.2
2025-12-16 19:00:00,Z08,0,0,0,1,7.2,6.5,1.02
2025-12-17 09:00:00,Z08,4,4,0,1,7.3,7.5,0.96
2025-12-28 08:00:00,Z08,2,2,0,1,7.4,7.1,0.99
2025-12-31 16:00:00,Z08,4,4,0,1,7.3,7.4,0.97
2026-01-06 11:00:00,Z08,2,1,1,1,7.1,10.2,1.76
2026-01-07 16:00:00,Z08,3,3,0,1,7.4,7.7,0.97
2026-01-08 20:00:00,Z08,4,4,0,1,7.1,6.9,0.97
2026-01-13 05:00:00,Z08,0,0,0,1,7.1,5.8,0.99
2026-01-13 21:00:00,Z08,0,0,0,1,7.5,6.6,0.99
2026-01-17 12:00:00,Z08,4,4,0,1,7.1,7.5,0.98
2026-01-17 19:00:00,Z08,5,4,1,1,7.0,8.3,1.15
2026-01-19 18:00:00,Z08,2,2,0,1,7.4,7.3,0.99
2026-01-21 05:00:00,Z08,0,0,0,1,7.1,6.7,1.0
2026-01-23 23:00:00,Z08,1,1,0,1,7.1,7.5,0.99
2026-01-26 19:00:00,Z08,3,2,1,1,7.1,9.0,1.36
2026-01-28 17:00:00,Z08,9,8,1,3,7.4,7.5,1.08
2026-01-28 19:00:00,Z08,2,1,1,1,7.2,12.4,1.72
2026-02-07 09:00:00,Z08,3,2,1,1,7.0,10.1,1.36
2026-02-10 22:00:00,Z08,4,4,0,1,7.4,8.1,1.04
2026-02-12 21:00:00,Z08,2,2,0,1,7.1,7.4,1.0
2026-02-16 04:00:00,Z08,0,0,0,1,7.2,6.3,0.98
2026-02-22 18:00:00,Z08,7,7,0,2,7.2,7.1,0.98
2026-02-25 21:00:00,Z08,3,3,0,1,7.3,7.7,1.02
2026-03-03 10:00:00,Z08,2,1,1,1,7.2,9.3,1.73
2026-03-04 16:00:00,Z08,6,5,1,2,6.9,7.9,1.13
2026-03-05 05:00:00,Z08,1,1,0,1,7.5,7.8,1.02
2026-03-09 09:00:00,Z08,4,4,0,1,7.2,6.9,0.99
2026-03-09 11:00:00,Z08,2,1,1,1,6.9,11.5,1.75
2026-03-13 07:00:00,Z08,5,5,0,2,7.1,6.7,1.02
2026-03-26 22:00:00,Z08,0,0,0,1,7.0,6.6,0.97
2026-03-27 11:00:00,Z08,5,5,0,2,7.4,7.4,1.01
2026-03-29 04:00:00,Z08,1,1,0,1,7.2,6.5,1.01
2026-04-01 08:00:00,Z08,8,8,0,4,7.5,6.3,0.97
2026-04-03 08:00:00,Z08,9,9,0,3,7.3,8.4,0.95
2026-04-04 19:00:00,Z08,5,4,1,1,7.4,8.4,1.17
2026-04-07 21:00:00,Z08,2,2,0,1,7.6,6.9,1.01
2026-04-13 01:00:00,Z08,0,0,0,1,7.1,5.4,0.99
2026-04-15 18:00:00,Z08,4,4,0,1,7.4,8.3,1.0
2026-04-16 09:00:00,Z08,6,5,1,2,7.0,6.8,1.12
2026-04-18 22:00:00,Z08,2,1,1,1,6.8,11.2,1.74
2026-04-19 07:00:00,Z08,5,5,0,2,6.8,6.3,1.02
2026-04-27 18:00:00,Z08,5,4,1,1,7.4,8.4,1.18
2026-05-01 14:00:00,Z08,2,1,1,1,7.2,10.7,1.72
2026-05-01 22:00:00,Z08,0,0,0,1,7.4,6.7,1.01
2026-05-03 03:00:00,Z08,0,0,0,1,7.2,6.3,0.98
2026-05-03 22:00:00,Z08,2,1,1,1,7.0,9.7,1.74
2026-05-06 03:00:00,Z08,0,0,0,1,7.1,6.3,0.98
2026-05-15 18:00:00,Z08,10,10,0,4,6.9,7.5,1.01
2026-05-18 04:00:00,Z08,0,0,0,1,7.3,6.7,1.0
2026-05-23 19:00:00,Z08,5,5,0,2,7.4,6.3,0.97
2026-05-24 05:00:00,Z08,0,0,0,1,7.2,6.9,0.99
2026-05-24 23:00:00,Z08,1,1,0,1,7.3,7.5,0.97
2026-05-27 00:00:00,Z08,1,1,0,1,6.6,6.5,0.98
2026-05-30 17:00:00,Z08,9,9,0,3,7.3,7.0,1.03
2026-06-04 21:00:00,Z08,0,0,0,1,7.0,6.1,0.99
2026-06-08 10:00:00,Z08,3,3,0,1,6.8,7.1,1.01
2026-06-12 12:00:00,Z08,7,7,0,2,7.3,7.6,1.01
2026-06-18 07:00:00,Z08,2,2,0,1,7.1,7.9,1.01
2026-06-19 05:00:00,Z08,0,0,0,1,7.0,6.6,1.01
2026-06-25 14:00:00,Z08,4,3,1,1,6.9,8.7,1.24
2026-06-25 21:00:00,Z08,2,2,0,1,7.2,6.8,1.01
2025-07-01 20:00:00,Z09,6,5,1,2,7.0,7.9,1.13
2025-07-04 02:00:00,Z09,1,1,0,1,6.9,5.9,1.0
2025-07-04 21:00:00,Z09,2,2,0,1,7.2,7.1,0.99
2025-07-08 12:00:00,Z09,2,2,0,1,7.0,6.3,0.98
2025-07-09 17:00:00,Z09,3,3,0,1,6.9,6.2,0.98
2025-07-09 19:00:00,Z09,4,3,1,1,6.8,8.6,1.25
2025-07-09 23:00:00,Z09,3,3,0,1,7.2,6.9,1.0
2025-07-10 03:00:00,Z09,0,0,0,1,6.9,5.5,0.98
2025-07-10 05:00:00,Z09,0,0,0,1,6.9,7.0,0.98
2025-07-10 06:00:00,Z09,1,1,0,1,7.1,7.0,0.98
2025-07-13 08:00:00,Z09,3,3,0,1,7.0,6.1,1.02
2025-07-16 02:00:00,Z09,0,0,0,1,7.5,5.3,0.99
2025-07-16 07:00:00,Z09,1,1,0,1,6.7,6.7,1.01
2025-07-19 13:00:00,Z09,3,2,1,1,7.0,8.3,1.36
2025-07-24 08:00:00,Z09,5,5,0,-2,7.1,6.5,1.02
2025-07-25 10:00:00,Z09,3,2,1,1,6.8,7.2,1.37
2025-07-31 05:00:00,Z09,0,0,0,1,7.0,6.3,1.03
2025-07-31 19:00:00,Z09,5,5,0,2,6.9,7.7,0.97
2025-08-01 05:00:00,Z09,0,0,0,1,6.5,5.2,1.02
2025-08-07 13:00:00,Z09,2,2,0,1,7.0,7.9,1.0
2025-08-07 15:00:00,Z09,4,4,0,1,7.2,7.6,1.03
2025-08-08 21:00:00,Z09,4,4,0,1,6.9,6.7,0.96
2025-08-10 09:00:00,Z09,1,1,0,1,6.8,7.4,1.0
2025-08-11 21:00:00,Z09,1,1,0,1,7.0,7.6,1.01
2025-08-12 17:00:00,Z09,4,4,0,1,6.6,7.3,0.97
2025-08-16 04:00:00,Z09,0,0,0,1,6.6,5.7,0.94
2025-08-19 14:00:00,Z09,2,2,0,1,6.8,7.0,1.0
2025-08-22 03:00:00,Z09,0,0,0,1,7.0,6.2,1.02
2025-08-28 23:00:00,Z09,1,1,0,1,6.8,7.9,1.0
2025-08-30 19:00:00,Z09,3,3,0,1,7.1,7.3,0.97
2025-09-01 01:00:00,Z09,1,1,0,1,7.2,7.0,1.0
2025-09-01 05:00:00,Z09,0,0,0,1,7.2,5.8,1.03
2025-09-02 02:00:00,Z09,0,0,0,1,6.8,6.3,0.98
2025-09-02 14:00:00,Z09,3,2,1,1,6.8,8.9,1.36
2025-09-03 06:00:00,Z09,1,1,0,1,6.9,6.9,1.01
2025-09-06 03:00:00,Z09,0,0,0,1,7.4,6.2,0.98
2025-09-12 16:00:00,Z09,7,5,2,2,6.9,8.9,1.31
2025-09-15 19:00:00,Z09,5,4,1,1,7.3,8.3,1.18
2025-09-17 13:00:00,Z09,4,4,0,1,6.9,6.9,1.01
2025-09-18 05:00:00,Z09,0,0,0,1,7.3,5.3,1.01
2025-09-19 06:00:00,Z09,1,1,0,1,7.0,7.1,1.03
2025-09-21 17:00:00,Z09,5,5,0,2,7.2,7.4,0.99
2025-09-21 20:00:00,Z09,4,4,0,1,7.3,6.9,1.02
2025-09-23 22:00:00,Z09,3,3,0,1,7.1,6.5,1.01
2025-09-26 21:00:00,Z09,4,4,0,1,7.0,6.2,1.0
2025-09-29 20:00:00,Z09,2,2,0,1,6.7,7.3,1.01
2025-09-29 21:00:00,Z09,1,1,0,1,7.1,6.8,1.0
2025-09-30 12:00:00,Z09,1,1,0,1,7.0,7.1,1.01
2025-10-04 09:00:00,Z09,1,1,0,1,6.8,7.7,1.0
2025-10-04 11:00:00,Z09,0,0,0,1,7.1,6.2,1.01
2025-10-07 09:00:00,Z09,1,1,0,1,6.8,6.6,1.0
2025-10-07 16:00:00,Z09,1,1,0,1,7.0,7.1,0.99
2025-10-08 12:00:00,Z09,4,3,1,1,6.8,7.6,1.29
2025-10-14 01:00:00,Z09,0,0,0,1,6.9,6.2,0.99
2025-10-17 13:00:00,Z09,4,3,1,1,6.8,8.1,1.23
2025-10-19 03:00:00,Z09,0,0,0,1,7.3,5.9,0.99
2025-10-22 12:00:00,Z09,4,4,0,1,7.0,6.2,1.03
2025-10-27 10:00:00,Z09,1,1,0,1,7.0,7.1,1.01
2025-10-28 15:00:00,Z09,1,1,0,1,7.1,8.2,0.99
2025-10-31 15:00:00,Z09,1,1,0,1,7.0,6.5,0.95
2025-11-04 06:00:00,Z09,1,1,0,1,6.9,7.0,1.02
2025-11-05 00:00:00,Z09,1,1,0,1,7.2,6.2,1.01
2025-11-09 13:00:00,Z09,2,2,0,1,7.0,6.5,0.98
2025-11-11 09:00:00,Z09,1,1,0,1,7.1,6.3,0.97
2025-11-11 17:00:00,Z09,7,7,0,2,6.8,6.4,0.98
2025-11-16 20:00:00,Z09,4,3,1,1,7.2,7.2,1.23
2025-11-18 05:00:00,Z09,4,4,0,1,6.8,7.1,0.95
2025-11-23 18:00:00,Z09,7,7,0,2,6.7,6.3,1.01
2025-11-29 16:00:00,Z09,4,4,0,1,7.4,7.3,1.03
2025-11-29 18:00:00,Z09,6,6,0,2,6.9,7.2,1.03
2025-11-30 18:00:00,Z09,6,6,0,2,7.2,6.5,0.99
2025-12-01 00:00:00,Z09,0,0,0,1,7.2,5.5,1.0
2025-12-02 08:00:00,Z09,5,5,0,2,7.3,6.4,0.96
2025-12-09 09:00:00,Z09,2,2,0,1,7.4,6.5,1.01
2025-12-09 19:00:00,Z09,4,3,1,1,6.9,8.7,1.25
2025-12-11 10:00:00,Z09,1,1,0,1,7.0,6.5,0.96
2025-12-14 11:00:00,Z09,3,2,1,1,6.9,9.1,1.35
2025-12-17 16:00:00,Z09,7,7,0,2,7.2,7.3,1.01
2025-12-18 04:00:00,Z09,0,0,0,1,7.1,5.4,1.01
2025-12-18 05:00:00,Z09,0,0,0,1,6.7,5.8,0.98
2025-12-18 14:00:00,Z09,3,2,1,1,7.2,7.7,1.37
2025-12-19 03:00:00,Z09,2,1,1,1,7.0,11.0,1.76
2025-12-20 09:00:00,Z09,1,1,0,1,6.6,7.0,1.0
2025-12-22 16:00:00,Z09,4,4,0,1,6.8,7.0,1.01
2025-12-29 04:00:00,Z09,0,0,0,1,6.9,6.5,0.96
2026-01-01 04:00:00,Z09,0,0,0,1,7.2,6.0,0.98
2026-01-02 14:00:00,Z09,3,3,0,1,7.1,7.6,0.99
2026-01-04 06:00:00,Z09,0,0,0,1,6.8,6.2,0.97
2026-01-05 14:00:00,Z09,3,3,0,1,7.1,6.5,1.03
2026-01-19 23:00:00,Z09,1,1,0,1,7.1,7.0,0.98
2026-01-22 00:00:00,Z09,0,0,0,1,7.3,5.4,1.03
2026-01-24 19:00:00,Z09,4,4,0,1,7.4,7.7,0.98
2026-01-25 16:00:00,Z09,2,2,0,1,7.2,7.3,1.01
2026-01-27 19:00:00,Z09,5,4,1,1,6.8,9.3,1.18
2026-02-04 20:00:00,Z09,3,3,0,1,7.1,7.3,1.01
2026-02-07 07:00:00,Z09,5,4,1,1,6.9,7.4,1.16
2026-02-08 04:00:00,Z09,2,2,0,1,6.7,7.4,0.99
2026-02-11 11:00:00,Z09,2,2,0,1,7.0,6.7,1.0
2026-02-13 05:00:00,Z09,2,2,0,1,7.1,6.1,1.02
2026-02-17 04:00:00,Z09,0,0,0,1,7.0,5.9,1.03
2026-02-22 21:00:00,Z09,3,3,0,1,6.8,6.4,1.04
2026-02-23 00:00:00,Z09,1,1,0,1,7.0,6.8,1.0
2026-02-23 11:00:00,Z09,1,1,0,1,7.0,6.1,0.99
2026-02-25 17:00:00,Z09,2,1,1,1,7.2,9.0,1.72
2026-02-27 13:00:00,Z09,4,3,1,1,7.2,8.5,1.25
2026-02-28 11:00:00,Z09,4,3,1,1,6.9,8.6,1.22
2026-03-06 01:00:00,Z09,1,1,0,1,7.2,7.1,1.01
2026-03-09 13:00:00,Z09,1,1,0,1,7.3,6.5,1.0
2026-03-13 10:00:00,Z09,3,2,1,1,7.3,8.8,1.37
2026-03-17 17:00:00,Z09,3,3,0,1,7.0,7.3,1.06
2026-03-19 12:00:00,Z09,2,2,0,1,7.3,7.3,0.96
2026-03-19 17:00:00,Z09,4,4,0,1,6.6,6.8,0.99
2026-03-30 02:00:00,Z09,0,0,0,1,7.0,5.6,0.96
2026-04-03 07:00:00,Z09,3,3,0,1,7.3,6.7,0.99
2026-04-11 03:00:00,Z09,0,0,0,1,6.9,6.2,1.05
2026-04-14 11:00:00,Z09,2,2,0,1,6.9,6.7,1.01
2026-04-15 07:00:00,Z09,1,1,0,1,7.1,7.6,1.02
2026-04-16 06:00:00,Z09,4,2,2,1,6.9,10.9,1.72
2026-04-20 09:00:00,Z09,1,1,0,1,7.0,6.2,0.99
2026-04-20 10:00:00,Z09,1,1,0,1,7.3,7.0,0.99
2026-04-26 11:00:00,Z09,2,1,1,1,7.4,10.1,1.72
2026-04-26 14:00:00,Z09,5,5,0,2,6.9,6.5,1.02
2026-04-27 14:00:00,Z09,3,3,0,1,6.7,7.0,0.98
2026-04-28 04:00:00,Z09,0,0,0,1,7.4,5.4,0.97
2026-04-28 06:00:00,Z09,1,1,0,1,6.8,7.4,0.97
2026-04-30 07:00:00,Z09,6,4,2,1,7.0,8.0,1.36
2026-04-30 15:00:00,Z09,4,3,1,1,7.1,8.4,1.25
2026-05-08 10:00:00,Z09,2,1,1,1,6.8,10.2,1.7
2026-05-09 00:00:00,Z09,1,1,0,1,7.1,7.7,1.0
2026-05-09 12:00:00,Z09,3,3,0,1,7.2,6.5,0.97
2026-05-12 05:00:00,Z09,0,0,0,1,7.0,5.9,1.0
2026-05-14 05:00:00,Z09,1,1,0,1,7.0,6.9,1.01
2026-05-17 08:00:00,Z09,3,3,0,1,7.0,6.7,0.99
2026-05-20 09:00:00,Z09,1,1,0,1,6.9,7.6,0.99
2026-05-27 04:00:00,Z09,0,0,0,1,6.9,5.6,1.01
2026-05-29 10:00:00,Z09,2,2,0,1,7.1,6.9,1.02
2026-05-30 17:00:00,Z09,5,5,0,2,7.1,7.0,1.0
2026-06-01 13:00:00,Z09,1,1,0,1,7.2,7.3,1.04
2026-06-06 10:00:00,Z09,0,0,0,1,6.6,5.8,1.02
2026-06-07 18:00:00,Z09,3,2,1,1,7.1,9.7,1.36
2026-06-09 02:00:00,Z09,0,0,0,1,6.9,6.1,1.03
2026-06-09 06:00:00,Z09,1,1,0,1,6.8,7.0,1.02
2026-06-09 22:00:00,Z09,2,2,0,1,6.8,6.7,0.99
2026-06-19 10:00:00,Z09,4,4,0,1,7.1,6.5,0.99
2026-06-26 02:00:00,Z09,2,2,0,1,7.0,7.2,0.98
2026-06-27 17:00:00,Z09,4,3,1,1,7.3,8.1,1.29
2026-06-29 16:00:00,Z09,0,0,0,1,7.0,5.7,1.02
2025-07-04 17:00:00,Z10,1,1,0,1,9.4,10.0,0.99
2025-07-06 08:00:00,Z10,2,2,0,1,9.5,9.5,1.01
2025-07-06 12:00:00,Z10,3,3,0,1,9.0,11.6,1.0
2025-07-07 10:00:00,Z10,1,1,0,1,9.5,8.8,1.01
2025-07-09 11:00:00,Z10,1,1,0,1,9.3,8.9,1.01
2025-07-13 14:00:00,Z10,2,1,1,1,9.8,14.1,1.67
2025-07-14 12:00:00,Z10,1,1,0,1,9.7,9.8,1.02
2025-07-17 22:00:00,Z10,2,1,1,1,10.1,13.2,1.71
2025-07-18 01:00:00,Z10,0,0,0,1,9.2,8.1,1.01
2025-07-19 12:00:00,Z10,3,2,1,1,9.3,11.3,1.33
2025-07-20 01:00:00,Z10,0,0,0,1,9.4,7.3,0.98
2025-07-24 12:00:00,Z10,1,1,0,1,9.2,9.6,1.01
2025-07-25 07:00:00,Z10,1,1,0,1,9.2,9.7,1.01
2025-07-25 14:00:00,Z10,1,1,0,1,9.0,8.6,0.95
2025-07-28 12:00:00,Z10,0,0,0,1,9.6,8.5,0.96
2025-07-28 23:00:00,Z10,0,0,0,1,9.8,7.8,1.02
2025-07-29 02:00:00,Z10,0,0,0,1,9.0,7.7,1.02
2025-08-02 06:00:00,Z10,3,2,1,1,9.8,11.5,1.32
2025-08-02 15:00:00,Z10,2,1,1,1,10.1,14.3,1.68
2025-08-03 00:00:00,Z10,2,2,0,1,9.6,9.1,1.03
2025-08-03 09:00:00,Z10,2,1,1,1,9.4,14.0,1.78
2025-08-13 07:00:00,Z10,1,1,0,1,9.2,10.0,0.99
2025-08-15 03:00:00,Z10,1,1,0,1,9.5,8.2,0.98
2025-08-20 13:00:00,Z10,0,0,0,1,9.0,8.5,0.99
2025-08-24 19:00:00,Z10,5,5,0,2,9.2,8.3,0.96
2025-08-26 06:00:00,Z10,1,1,0,1,9.2,8.8,1.02
2025-08-26 08:00:00,Z10,2,2,0,1,9.0,9.7,1.01
2025-08-30 21:00:00,Z10,3,3,0,1,9.4,9.5,1.01
2025-09-01 05:00:00,Z10,2,2,0,1,9.4,8.9,0.99
2025-09-02 07:00:00,Z10,3,2,1,1,9.4,10.7,1.36
2025-09-02 09:00:00,Z10,2,2,0,1,9.7,10.1,0.95
2025-09-03 12:00:00,Z10,1,1,0,1,9.4,8.5,0.99
2025-09-07 02:00:00,Z10,0,0,0,1,9.5,8.9,1.0
2025-09-09 02:00:00,Z10,0,0,0,1,9.5,8.0,1.02
2025-09-10 12:00:00,Z10,0,0,0,1,9.2,8.1,1.01
2025-09-11 13:00:00,Z10,2,1,1,1,10.1,12.7,1.75
2025-09-25 00:00:00,Z10,0,0,0,1,9.7,9.2,1.02
2025-09-26 14:00:00,Z10,1,1,0,1,9.2,10.7,1.01
2025-10-01 16:00:00,Z10,2,2,0,1,9.4,10.1,0.97
2025-10-03 08:00:00,Z10,2,2,0,1,9.3,8.9,1.05
2025-10-07 00:00:00,Z10,0,0,0,1,9.1,7.1,1.04
2025-10-07 08:00:00,Z10,1,1,0,1,9.0,9.9,0.98
2025-10-07 22:00:00,Z10,2,2,0,1,9.1,8.5,1.02
2025-10-09 15:00:00,Z10,2,2,0,1,9.4,10.2,0.99
2025-10-12 07:00:00,Z10,0,0,0,1,9.5,8.5,0.98
2025-10-13 08:00:00,Z10,3,3,0,1,9.2,8.7,1.02
2025-10-18 06:00:00,Z10,1,1,0,1,9.6,9.6,0.97
2025-10-19 15:00:00,Z10,0,0,0,1,9.3,7.5,0.99
2025-10-20 01:00:00,Z10,0,0,0,1,9.1,7.5,1.01
2025-10-20 09:00:00,Z10,0,0,0,1,9.2,8.0,1.02
2025-10-26 04:00:00,Z10,1,1,0,1,9.5,9.4,1.01
2025-10-27 12:00:00,Z10,3,3,0,1,9.8,10.6,1.01
2025-11-01 11:00:00,Z10,0,0,0,1,9.1,7.7,1.0
2025-11-04 07:00:00,Z10,1,1,0,1,9.4,9.8,0.97
2025-11-04 08:00:00,Z10,3,3,0,1,9.2,8.7,0.99
2025-11-08 02:00:00,Z10,0,0,0,1,9.5,7.8,0.99
2025-11-09 12:00:00,Z10,0,0,0,1,9.5,6.5,0.99
2025-11-10 05:00:00,Z10,0,0,0,1,9.9,7.5,0.99
2025-11-13 00:00:00,Z10,0,0,0,1,9.3,6.8,0.98
2025-11-13 19:00:00,Z10,3,3,0,1,9.6,8.9,1.02
2025-11-14 03:00:00,Z10,0,0,0,1,9.3,7.0,0.98
2025-11-15 18:00:00,Z10,1,1,0,1,9.1,8.6,1.02
2025-11-19 07:00:00,Z10,1,1,0,1,9.0,9.6,0.98
2025-11-21 01:00:00,Z10,2,2,0,1,9.6,10.2,0.99
2025-11-22 20:00:00,Z10,5,5,0,2,9.6,9.5,1.01
2025-11-23 08:00:00,Z10,0,0,0,1,9.2,8.1,0.97
2025-11-27 07:00:00,Z10,4,4,0,1,9.3,10.3,0.97
2025-11-30 09:00:00,Z10,3,3,0,1,9.2,8.8,1.01
2025-12-03 07:00:00,Z10,1,1,0,1,9.8,10.6,0.98
2025-12-05 22:00:00,Z10,1,1,0,1,9.4,9.8,1.0
2025-12-06 06:00:00,Z10,0,0,0,1,9.0,8.2,0.99
2025-12-08 16:00:00,Z10,3,3,0,1,9.3,8.8,0.98
2025-12-10 01:00:00,Z10,2,1,1,1,9.0,13.6,1.71
2025-12-10 02:00:00,Z10,0,0,0,1,9.2,8.5,1.0
2025-12-11 06:00:00,Z10,2,2,0,1,9.4,9.5,1.02
2025-12-15 21:00:00,Z10,1,1,0,1,9.3,8.8,0.98
2025-12-16 06:00:00,Z10,1,1,0,1,9.4,8.1,0.97
2025-12-21 18:00:00,Z10,4,4,0,1,9.3,9.5,1.05
2025-12-22 13:00:00,Z10,1,1,0,1,9.2,10.6,0.95
2025-12-27 14:00:00,Z10,2,1,1,1,9.5,14.6,1.72
2025-12-29 15:00:00,Z10,1,1,0,1,9.4,8.8,0.99
2025-12-31 07:00:00,Z10,2,2,0,1,9.1,8.8,1.02
2025-12-31 14:00:00,Z10,1,1,0,1,9.3,7.5,1.02
2026-01-07 12:00:00,Z10,1,1,0,1,9.6,9.5,1.01
2026-01-09 19:00:00,Z10,2,1,1,1,9.8,12.8,1.74
2026-01-10 09:00:00,Z10,2,1,1,1,9.3,16.6,1.64
2026-01-16 14:00:00,Z10,3,2,1,1,9.5,12.3,1.39
2026-01-20 09:00:00,Z10,1,1,0,1,9.3,8.9,1.02
2026-01-21 13:00:00,Z10,0,0,0,1,9.4,8.8,0.99
2026-01-23 10:00:00,Z10,0,0,0,1,9.6,8.4,0.99
2026-01-25 11:00:00,Z10,5,5,0,2,9.6,9.6,1.0
2026-01-28 05:00:00,Z10,1,1,0,1,9.7,9.6,0.99
2026-01-28 11:00:00,Z10,1,1,0,1,9.2,10.0,1.0
2026-01-30 21:00:00,Z10,3,3,0,1,9.3,10.1,1.05
2026-02-04 05:00:00,Z10,0,0,0,1,9.5,7.1,0.98
2026-02-08 00:00:00,Z10,0,0,0,1,9.4,8.5,0.96
2026-02-15 17:00:00,Z10,4,3,1,1,9.3,10.7,1.24
2026-02-18 04:00:00,Z10,0,0,0,1,9.5,8.2,1.02
2026-02-25 12:00:00,Z10,1,1,0,1,9.5,9.7,0.97
2026-02-28 08:00:00,Z10,4,4,0,1,9.7,9.7,1.03
2026-02-28 21:00:00,Z10,3,2,1,1,9.6,12.1,1.33
2026-03-01 22:00:00,Z10,5,5,0,2,9.0,8.0,1.0
2026-03-03 04:00:00,Z10,0,0,0,1,9.6,7.4,1.01
2026-03-04 00:00:00,Z10,0,0,0,1,9.9,8.7,1.01
2026-03-18 22:00:00,Z10,0,0,0,1,9.1,8.5,1.0
2026-03-28 12:00:00,Z10,2,1,1,1,9.7,14.0,1.75
2026-03-29 03:00:00,Z10,0,0,0,1,9.8,8.5,1.01
2026-04-03 20:00:00,Z10,5,4,1,1,9.6,11.5,1.19
2026-04-06 19:00:00,Z10,2,2,0,1,9.6,9.5,0.99
2026-04-08 14:00:00,Z10,3,3,0,1,9.7,8.6,1.04
2026-04-11 04:00:00,Z10,0,0,0,1,9.6,7.9,0.99
2026-04-12 21:00:00,Z10,1,1,0,1,9.1,9.7,0.99
2026-04-14 06:00:00,Z10,3,3,0,1,10.0,8.9,0.98
2026-04-17 12:00:00,Z10,4,3,1,1,9.0,12.1,1.24
2026-04-18 05:00:00,Z10,0,0,0,1,9.3,7.4,1.01
2026-04-19 11:00:00,Z10,1,1,0,1,9.4,9.3,0.99
2026-04-29 04:00:00,Z10,1,1,0,1,9.2,8.7,1.02
2026-04-29 21:00:00,Z10,1,1,0,1,9.0,10.0,1.03
2026-05-05 07:00:00,Z10,1,1,0,1,9.3,9.9,0.99
2026-05-06 15:00:00,Z10,2,1,1,1,9.3,14.6,1.76
2026-05-13 22:00:00,Z10,2,2,0,1,9.8,10.5,0.97
2026-05-17 06:00:00,Z10,2,2,0,1,9.3,7.9,0.97
2026-05-19 05:00:00,Z10,0,0,0,1,9.1,6.9,1.01
2026-05-19 08:00:00,Z10,2,1,1,1,9.6,14.1,1.72
2026-05-23 04:00:00,Z10,0,0,0,1,9.7,8.5,0.99
2026-05-27 14:00:00,Z10,1,1,0,1,9.0,9.5,1.03
2026-06-10 21:00:00,Z10,5,5,0,2,9.8,10.7,0.98
2026-06-11 10:00:00,Z10,4,3,1,1,9.3,11.6,1.19
2026-06-16 16:00:00,Z10,4,4,0,1,9.7,8.8,1.02
2026-06-19 05:00:00,Z10,0,0,0,1,9.1,7.7,0.99
2026-06-21 10:00:00,Z10,2,1,1,1,9.1,12.9,1.71
2026-06-25 02:00:00,Z10,0,0,0,1,9.3,8.4,1.01
2025-07-02 07:00:00,Z11,0,0,0,1,4.7,6.4,0.98
2025-07-04 19:00:00,Z11,2,2,0,1,4.6,9.3,0.98
2025-07-11 01:00:00,Z11,0,0,0,1,4.7,7.1,0.99
2025-07-12 07:00:00,Z11,3,3,0,1,5.0,7.9,0.99
2025-07-12 12:00:00,Z11,7,6,1,2,5.1,8.3,1.17
2025-07-13 04:00:00,Z11,0,0,0,1,4.6,6.9,0.99
2025-07-16 08:00:00,Z11,1,1,0,1,5.0,8.7,0.99
2025-07-17 22:00:00,Z11,0,0,0,1,4.7,7.2,1.01
2025-07-22 15:00:00,Z11,3,3,0,1,5.0,7.7,1.0
2025-07-25 00:00:00,Z11,2,1,1,1,4.8,12.8,1.68
2025-07-26 05:00:00,Z11,0,0,0,1,4.7,7.6,1.02
2025-08-01 13:00:00,Z11,4,3,1,1,4.8,10.4,1.22
2025-08-02 10:00:00,Z11,2,2,0,1,4.8,7.9,1.02
2025-08-03 07:00:00,Z11,1,1,0,1,4.8,8.9,1.02
2025-08-04 00:00:00,Z11,0,0,0,1,5.0,6.9,1.0
2025-08-05 04:00:00,Z11,0,0,0,1,4.7,7.2,1.02
2025-08-06 13:00:00,Z11,3,2,1,1,4.6,11.7,1.36
2025-08-13 21:00:00,Z11,5,4,1,1,4.9,9.8,1.2
2025-08-14 19:00:00,Z11,6,6,0,2,4.7,8.4,0.98
2025-08-25 05:00:00,Z11,0,0,0,1,5.0,6.6,1.03
2025-08-25 09:00:00,Z11,4,4,0,1,4.7,8.5,1.02
2025-08-26 01:00:00,Z11,0,0,0,1,5.0,7.2,0.99
2025-08-26 09:00:00,Z11,1,1,0,1,4.7,8.2,0.98
2025-08-29 20:00:00,Z11,5,4,1,1,4.8,10.4,1.2
2025-09-03 09:00:00,Z11,1,1,0,1,4.9,8.4,1.04
2025-09-04 22:00:00,Z11,2,1,1,1,4.9,10.8,1.78
2025-09-05 22:00:00,Z11,4,3,1,1,4.7,10.0,1.25
2025-09-07 22:00:00,Z11,1,1,0,1,4.6,8.0,0.99
2025-09-09 12:00:00,Z11,0,0,0,1,4.7,7.1,1.01
2025-09-15 17:00:00,Z11,0,0,0,1,4.7,8.6,1.02
2025-09-16 21:00:00,Z11,2,1,1,1,4.5,11.6,1.69
2025-09-25 12:00:00,Z11,3,2,1,1,4.8,9.9,1.36
2025-09-25 17:00:00,Z11,2,2,0,1,4.8,7.8,0.99
2025-09-27 10:00:00,Z11,0,0,0,1,4.7,7.8,1.0
2025-09-27 21:00:00,Z11,1,1,0,1,4.9,7.7,0.98
2025-10-03 05:00:00,Z11,0,0,0,1,4.8,7.8,1.01
2025-10-05 10:00:00,Z11,5,4,1,1,4.6,8.8,1.19
2025-10-06 03:00:00,Z11,0,0,0,1,4.9,7.6,1.03
2025-10-06 08:00:00,Z11,1,1,0,1,4.9,7.4,1.02
2025-10-10 16:00:00,Z11,5,4,1,1,4.8,10.2,1.19
2025-10-10 17:00:00,Z11,5,5,0,2,4.8,8.1,0.99
2025-10-12 05:00:00,Z11,1,1,0,1,4.8,9.2,0.98
2025-10-18 23:00:00,Z11,1,1,0,1,4.8,8.2,0.97
2025-10-27 15:00:00,Z11,1,1,0,1,4.9,8.4,1.01
2025-10-27 19:00:00,Z11,3,3,0,1,4.7,8.1,0.98
2025-11-02 11:00:00,Z11,2,1,1,1,4.8,10.4,1.7
2025-11-09 19:00:00,Z11,5,4,1,1,4.6,9.1,1.2
2025-11-11 18:00:00,Z11,4,4,0,1,4.8,9.0,1.01
2025-11-12 16:00:00,Z11,0,0,0,1,4.6,7.5,1.0
2025-11-13 00:00:00,Z11,0,0,0,1,4.8,6.4,1.0
2025-11-20 11:00:00,Z11,1,1,0,1,4.7,8.0,1.04
2025-11-21 17:00:00,Z11,4,4,0,1,4.9,9.5,1.03
2025-11-25 19:00:00,Z11,4,3,1,1,4.9,9.8,1.2
2025-11-28 03:00:00,Z11,0,0,0,1,4.8,7.7,1.01
2025-12-01 11:00:00,Z11,2,2,0,1,4.7,8.8,1.0
2025-12-01 16:00:00,Z11,1,1,0,1,4.9,7.6,0.98
2025-12-03 05:00:00,Z11,0,0,0,1,5.1,7.0,1.02
2025-12-04 15:00:00,Z11,3,3,0,1,4.8,8.0,1.01
2025-12-08 12:00:00,Z11,3,3,0,1,4.8,8.6,1.0
2025-12-09 03:00:00,Z11,2,2,0,1,4.9,8.7,1.02
2025-12-12 20:00:00,Z11,4,4,0,1,5.0,8.3,0.99
2025-12-13 12:00:00,Z11,2,2,0,1,4.8,8.1,1.0
2025-12-15 22:00:00,Z11,1,1,0,1,4.9,8.1,1.01
2025-12-23 10:00:00,Z11,0,0,0,1,4.8,6.6,1.02
2025-12-25 05:00:00,Z11,0,0,0,1,4.7,7.6,1.05
2025-12-26 02:00:00,Z11,1,1,0,1,4.8,8.1,1.0
2025-12-31 08:00:00,Z11,0,0,0,1,4.8,6.4,1.03
2026-01-01 14:00:00,Z11,4,4,0,1,4.8,8.5,0.99
2026-01-03 12:00:00,Z11,5,5,0,2,5.2,9.3,0.93
2026-01-05 15:00:00,Z11,2,1,1,1,4.7,11.3,1.72
2026-01-07 13:00:00,Z11,2,1,1,1,5.0,11.8,1.72
2026-01-08 17:00:00,Z11,4,4,0,1,4.9,8.7,0.98
2026-01-09 13:00:00,Z11,3,2,1,1,4.8,11.5,1.36
2026-01-12 14:00:00,Z11,0,0,0,1,4.8,7.8,1.01
2026-01-13 12:00:00,Z11,2,1,1,1,4.8,11.3,1.73
2026-01-16 08:00:00,Z11,2,1,1,1,5.0,10.7,1.72
2026-01-16 10:00:00,Z11,2,1,1,1,5.0,12.5,1.75
2026-01-17 15:00:00,Z11,2,2,0,1,4.9,9.2,1.0
2026-01-18 23:00:00,Z11,3,2,1,1,4.7,11.4,1.39
2026-01-20 03:00:00,Z11,1,1,0,1,4.9,9.5,0.99
2026-01-22 10:00:00,Z11,2,1,1,1,4.6,13.0,1.73
2026-01-23 19:00:00,Z11,4,4,0,1,4.7,9.0,1.01
2026-01-25 13:00:00,Z11,3,3,0,1,4.6,8.0,1.0
2026-02-02 10:00:00,Z11,2,1,1,1,4.8,12.3,1.75
2026-02-02 15:00:00,Z11,3,2,1,1,4.8,10.8,1.37
2026-02-03 20:00:00,Z11,5,4,1,1,4.8,9.7,1.21
2026-02-04 05:00:00,Z11,1,1,0,1,4.6,9.5,1.02
2026-02-10 03:00:00,Z11,1,1,0,1,5.1,8.2,0.99
2026-02-11 19:00:00,Z11,4,4,0,1,4.8,9.3,1.04
2026-02-12 08:00:00,Z11,2,1,1,1,4.9,10.8,1.74
2026-02-17 15:00:00,Z11,2,2,0,1,4.8,8.3,0.98
2026-02-26 00:00:00,Z11,0,0,0,1,4.8,7.6,0.99
2026-02-26 19:00:00,Z11,5,4,1,1,5.0,8.5,1.17
2026-03-03 20:00:00,Z11,3,2,1,1,4.8,11.3,1.35
2026-03-07 20:00:00,Z11,7,7,0,2,4.8,9.9,0.97
2026-03-08 18:00:00,Z11,5,4,1,1,4.9,9.8,1.18
2026-03-09 07:00:00,Z11,0,0,0,1,4.8,7.3,0.95
2026-03-09 17:00:00,Z11,1,1,0,1,4.5,9.2,1.0
2026-03-16 05:00:00,Z11,0,0,0,1,4.8,7.2,1.03
2026-03-18 05:00:00,Z11,0,0,0,1,4.8,7.2,1.0
2026-03-22 14:00:00,Z11,2,1,1,1,4.8,11.7,1.67
2026-03-23 21:00:00,Z11,1,1,0,1,4.8,8.2,0.99
2026-03-26 15:00:00,Z11,0,0,0,1,4.9,6.2,1.01
2026-03-26 23:00:00,Z11,0,0,0,1,4.8,7.5,1.0
2026-03-28 09:00:00,Z11,0,0,0,1,4.8,6.6,1.02
2026-03-29 02:00:00,Z11,0,0,0,1,4.8,6.0,1.0
2026-03-30 20:00:00,Z11,1,1,0,1,5.1,9.8,0.96
2026-03-31 00:00:00,Z11,0,0,0,1,4.8,7.2,1.01
2026-04-01 17:00:00,Z11,1,1,0,1,4.8,8.3,0.99
2026-04-04 09:00:00,Z11,3,2,1,1,4.7,11.0,1.37
2026-04-07 22:00:00,Z11,1,1,0,1,4.8,9.0,1.01
2026-04-09 04:00:00,Z11,0,0,0,1,4.9,6.9,0.97
2026-04-12 07:00:00,Z11,1,1,0,1,4.7,9.6,1.0
2026-04-12 20:00:00,Z11,5,5,0,2,4.9,7.9,1.01
2026-04-15 05:00:00,Z11,2,2,0,1,4.8,8.1,1.02
2026-04-17 02:00:00,Z11,0,0,0,1,4.9,6.9,0.99
2026-04-19 03:00:00,Z11,0,0,0,1,4.8,6.8,1.02
2026-04-20 21:00:00,Z11,4,4,0,1,4.8,8.5,1.01
2026-04-21 01:00:00,Z11,0,0,0,1,4.8,8.2,0.96
2026-04-25 20:00:00,Z11,3,2,1,1,5.0,8.8,1.34
2026-05-04 00:00:00,Z11,1,1,0,1,4.8,8.7,0.98
2026-05-06 05:00:00,Z11,2,1,1,1,4.9,12.0,1.73
2026-05-09 07:00:00,Z11,0,0,0,1,4.8,6.5,1.02
2026-05-09 23:00:00,Z11,1,1,0,1,4.9,8.3,0.98
2026-05-10 16:00:00,Z11,7,7,0,2,5.0,8.3,0.99
2026-05-11 03:00:00,Z11,0,0,0,1,4.7,6.7,1.0
2026-05-15 07:00:00,Z11,3,3,0,1,5.0,7.8,1.0
2026-05-15 23:00:00,Z11,1,1,0,1,4.9,7.5,0.99
2026-05-18 23:00:00,Z11,0,0,0,1,4.8,7.4,0.99
2026-05-19 06:00:00,Z11,0,0,0,1,4.7,7.6,0.98
2026-05-28 01:00:00,Z11,0,0,0,1,4.6,7.4,1.01
2026-05-30 04:00:00,Z11,0,0,0,1,4.5,7.2,0.97
2026-06-03 07:00:00,Z11,1,1,0,1,4.7,9.1,0.97
2026-06-09 01:00:00,Z11,0,0,0,1,4.9,6.3,0.99
2026-06-09 19:00:00,Z11,2,2,0,1,4.9,7.7,1.01
2026-06-10 12:00:00,Z11,2,2,0,1,4.8,7.7,1.0
2026-06-10 21:00:00,Z11,3,3,0,1,4.7,8.6,0.95
2026-06-11 05:00:00,Z11,0,0,0,1,4.8,6.2,1.0
2026-06-12 13:00:00,Z11,1,1,0,1,4.8,9.7,0.98
2026-06-13 09:00:00,Z11,7,6,1,2,4.6,8.4,1.09
2026-06-18 12:00:00,Z11,2,2,0,1,4.8,8.3,1.02
2026-06-23 15:00:00,Z11,3,2,1,1,4.7,9.9,1.36
2026-06-25 19:00:00,Z11,5,5,0,2,4.5,9.0,1.01
2025-07-02 07:00:00,Z12,2,2,0,1,7.5,8.2,1.02
2025-07-04 20:00:00,Z12,7,7,0,2,7.7,8.4,1.0
2025-07-05 03:00:00,Z12,1,1,0,1,7.6,8.5,1.0
2025-07-05 06:00:00,Z12,2,2,0,1,7.5,7.1,1.01
2025-07-05 07:00:00,Z12,6,6,0,2,7.6,6.5,0.97
2025-07-08 22:00:00,Z12,1,1,0,1,8.0,8.4,1.02
2025-07-18 04:00:00,Z12,0,0,0,1,7.8,6.9,0.99
2025-07-19 10:00:00,Z12,3,3,0,1,7.6,7.3,1.01
2025-07-24 17:00:00,Z12,6,6,0,2,7.9,8.2,1.02
2025-07-25 01:00:00,Z12,0,0,0,1,7.6,5.4,1.0
2025-07-25 11:00:00,Z12,3,2,1,1,7.9,9.2,1.37
2025-07-27 22:00:00,Z12,2,2,0,1,7.7,7.8,0.99
2025-07-30 16:00:00,Z12,5,4,1,1,7.7,8.9,1.2
2025-08-04 14:00:00,Z12,3,3,0,1,7.5,6.7,1.02
2025-08-05 11:00:00,Z12,4,4,0,1,7.6,6.3,0.99
2025-08-11 08:00:00,Z12,4,3,1,1,7.5,7.7,1.23
2025-08-13 16:00:00,Z12,5,5,0,2,7.8,7.4,1.01
2025-08-14 02:00:00,Z12,0,0,0,1,7.4,6.5,0.99
2025-08-15 20:00:00,Z12,6,6,0,2,7.8,7.8,1.0
2025-08-16 03:00:00,Z12,0,0,0,1,7.7,7.1,1.02
2025-08-19 22:00:00,Z12,0,0,0,1,7.6,6.9,1.0
2025-08-20 22:00:00,Z12,4,3,1,1,7.6,8.6,1.21
2025-08-22 05:00:00,Z12,2,2,0,1,7.7,8.0,1.02
2025-08-26 01:00:00,Z12,1,1,0,1,7.7,7.5,0.98
2025-08-27 15:00:00,Z12,1,1,0,1,7.1,7.2,1.01
2025-09-02 06:00:00,Z12,3,2,1,1,8.0,9.0,1.34
2025-09-06 17:00:00,Z12,3,3,0,1,7.9,6.9,0.99
2025-09-07 11:00:00,Z12,3,3,0,1,8.5,8.2,0.98
2025-09-08 05:00:00,Z12,3,3,0,1,7.7,7.5,1.02
2025-09-09 06:00:00,Z12,3,3,0,1,7.6,7.6,0.97
2025-09-10 05:00:00,Z12,1,1,0,1,7.6,8.2,0.99
2025-09-14 21:00:00,Z12,5,5,0,2,7.5,7.6,0.99
2025-09-15 11:00:00,Z12,1,1,0,1,7.6,8.4,1.0
2025-09-18 19:00:00,Z12,5,4,1,1,7.5,8.6,1.2
2025-09-20 22:00:00,Z12,1,1,0,1,7.8,7.1,0.97
2025-09-26 07:00:00,Z12,3,2,1,1,7.4,9.6,1.35
2025-10-02 20:00:00,Z12,4,3,1,1,7.7,9.6,1.24
2025-10-11 16:00:00,Z12,3,3,0,1,7.8,6.7,0.97
2025-10-13 02:00:00,Z12,0,0,0,1,7.9,6.8,1.01
2025-10-13 16:00:00,Z12,2,1,1,1,7.8,10.7,1.75
2025-10-17 21:00:00,Z12,7,6,1,2,7.4,7.3,1.11
2025-10-19 22:00:00,Z12,0,0,0,1,7.3,6.6,1.0
2025-11-01 03:00:00,Z12,0,0,0,1,7.8,6.5,0.98
2025-11-05 10:00:00,Z12,0,0,0,1,7.7,5.7,0.96
2025-11-11 17:00:00,Z12,1,1,0,1,7.7,8.4,0.97
2025-11-19 17:00:00,Z12,4,4,0,1,7.2,8.6,1.02
2025-11-25 08:00:00,Z12,2,1,1,1,7.3,11.3,1.7
2025-11-26 18:00:00,Z12,8,8,0,3,7.5,7.4,1.0
2025-11-30 13:00:00,Z12,2,1,1,1,7.4,12.4,1.69
2025-12-07 08:00:00,Z12,4,3,1,1,7.3,9.3,1.23
2025-12-10 02:00:00,Z12,0,0,0,1,7.4,7.1,1.01
2025-12-10 05:00:00,Z12,4,4,0,1,7.5,7.2,1.02
2025-12-10 13:00:00,Z12,4,3,1,1,7.4,10.0,1.27
2025-12-11 11:00:00,Z12,2,2,0,1,7.6,8.8,1.01
2025-12-12 08:00:00,Z12,10,10,0,4,8.1,6.7,1.03
2025-12-12 10:00:00,Z12,1,1,0,1,7.7,8.1,1.01
2025-12-14 09:00:00,Z12,1,1,0,1,7.7,7.0,0.99
2025-12-14 11:00:00,Z12,2,2,0,1,7.6,8.1,1.02
2025-12-14 20:00:00,Z12,5,5,0,2,7.5,7.6,0.98
2025-12-14 23:00:00,Z12,0,0,0,1,7.4,5.5,1.01
2025-12-18 21:00:00,Z12,5,4,1,1,7.5,8.0,1.18
2025-12-20 18:00:00,Z12,9,9,0,3,7.7,7.6,0.99
2025-12-25 03:00:00,Z12,0,0,0,1,7.5,6.8,0.98
2025-12-28 01:00:00,Z12,1,1,0,1,7.9,6.4,0.98
2025-12-30 17:00:00,Z12,4,3,1,1,7.7,9.2,1.27
2025-12-31 07:00:00,Z12,3,3,0,1,7.8,7.9,1.0
2026-01-02 07:00:00,Z12,4,4,0,2,7.6,6.6,0.99
2026-01-06 20:00:00,Z12,5,5,0,2,7.2,7.9,0.98
2026-01-09 07:00:00,Z12,6,5,1,2,8.1,8.8,1.15
2026-01-10 01:00:00,Z12,1,1,0,1,7.6,7.6,1.01
2026-01-10 22:00:00,Z12,4,4,0,1,7.8,7.8,0.99
2026-01-22 12:00:00,Z12,3,2,1,1,7.8,8.8,1.39
2026-01-26 13:00:00,Z12,1,1,0,1,7.9,8.2,0.98
2026-01-26 15:00:00,Z12,0,0,0,1,7.7,6.4,0.97
2026-02-07 04:00:00,Z12,0,0,0,1,7.5,5.8,0.99
2026-02-11 08:00:00,Z12,1,1,0,1,7.6,7.5,1.0
2026-02-12 22:00:00,Z12,1,1,0,1,7.4,5.9,1.02
2026-02-13 01:00:00,Z12,0,0,0,1,8.0,6.4,0.96
2026-02-16 22:00:00,Z12,1,1,0,-1,7.3,7.5,1.01
2026-02-17 22:00:00,Z12,3,3,0,1,7.3,8.5,0.99
2026-02-18 20:00:00,Z12,6,6,0,2,7.5,8.3,0.98
2026-02-19 20:00:00,Z12,2,1,1,1,7.4,12.4,1.77
2026-02-22 13:00:00,Z12,4,4,0,1,7.5,7.9,0.99
2026-02-24 08:00:00,Z12,3,3,0,1,7.6,8.4,1.02
2026-02-25 18:00:00,Z12,6,6,0,2,8.0,8.0,1.04
2026-02-26 04:00:00,Z12,0,0,0,1,7.3,5.9,1.0
2026-02-27 02:00:00,Z12,1,1,0,1,7.6,7.7,0.98
2026-02-28 06:00:00,Z12,4,3,1,1,7.4,8.4,1.22
2026-03-02 19:00:00,Z12,4,4,0,1,7.5,7.6,0.97
2026-03-08 07:00:00,Z12,3,2,1,1,7.6,10.0,1.35
2026-03-13 15:00:00,Z12,6,6,0,2,7.5,7.5,1.02
2026-03-15 23:00:00,Z12,2,1,1,1,7.5,12.5,1.75
2026-03-18 05:00:00,Z12,2,2,0,1,7.8,8.1,0.97
2026-03-20 21:00:00,Z12,5,5,0,2,7.8,8.1,1.01
2026-03-25 16:00:00,Z12,3,3,0,1,7.5,7.4,0.98
2026-03-26 05:00:00,Z12,0,0,0,1,7.7,6.0,0.97
2026-03-30 07:00:00,Z12,5,4,1,1,7.4,9.1,1.2
2026-03-31 02:00:00,Z12,0,0,0,1,7.4,6.2,1.01
2026-04-05 22:00:00,Z12,3,2,1,1,7.7,9.8,1.34
2026-04-06 18:00:00,Z12,2,2,0,1,7.4,7.0,1.01
2026-04-12 05:00:00,Z12,0,0,0,1,7.2,5.5,1.0
2026-04-14 01:00:00,Z12,1,1,0,1,7.8,7.2,0.99
2026-04-14 08:00:00,Z12,3,2,1,1,7.7,10.1,1.38
2026-04-15 06:00:00,Z12,3,2,1,1,7.3,8.6,1.39
2026-04-22 00:00:00,Z12,0,0,0,1,7.8,6.1,0.99
2026-04-25 00:00:00,Z12,1,1,0,1,7.5,8.0,1.0
2026-04-25 01:00:00,Z12,1,1,0,1,7.6,8.2,1.0
2026-04-26 21:00:00,Z12,2,2,0,1,7.0,7.4,0.98
2026-04-30 11:00:00,Z12,2,2,0,1,7.3,8.0,1.01
2026-05-01 06:00:00,Z12,3,2,1,1,7.6,8.4,1.35
2026-05-01 20:00:00,Z12,6,6,0,2,8.0,8.2,1.01
2026-05-04 19:00:00,Z12,1,1,0,1,8.1,8.0,0.97
2026-05-05 03:00:00,Z12,0,0,0,1,7.7,6.3,1.0
2026-05-07 21:00:00,Z12,4,4,0,1,7.5,6.7,1.01
2026-05-08 19:00:00,Z12,8,7,1,2,7.9,8.9,1.07
2026-05-09 08:00:00,Z12,6,5,1,2,7.4,7.2,1.15
2026-05-11 17:00:00,Z12,8,8,0,3,7.9,7.9,1.01
2026-05-13 01:00:00,Z12,1,1,0,1,7.9,8.1,1.02
2026-05-18 09:00:00,Z12,1,1,0,1,7.8,7.4,1.0
2026-05-20 21:00:00,Z12,3,2,1,1,7.6,10.0,1.39
2026-05-26 01:00:00,Z12,0,0,0,1,7.9,6.7,0.99
2026-05-26 04:00:00,Z12,0,0,0,1,7.8,6.9,1.03
2026-06-02 18:00:00,Z12,5,4,1,1,7.7,8.4,1.18
2026-06-05 15:00:00,Z12,7,7,0,2,7.6,7.3,1.0
2026-06-05 18:00:00,Z12,11,9,2,3,7.3,8.9,1.16
2026-06-08 05:00:00,Z12,2,2,0,1,7.3,8.8,1.02
2026-06-11 02:00:00,Z12,0,0,0,1,7.8,6.5,1.04
2026-06-16 09:00:00,Z12,2,2,0,1,7.7,7.7,1.03
2026-06-19 04:00:00,Z12,0,0,0,1,7.8,6.2,0.97
2026-06-20 03:00:00,Z12,0,0,0,1,7.4,6.4,0.98
2026-06-22 06:00:00,Z12,2,2,0,1,7.5,6.3,0.99
2026-06-25 20:00:00,Z12,5,5,0,2,7.7,6.6,0.98
2026-06-27 01:00:00,Z12,0,0,0,1,7.8,6.3,1.0
2026-06-29 06:00:00,Z12,6,6,0,2,7.7,7.7,1.0
2025-07-01 23:00:00,Z13,1,1,0,1,7.3,9.2,1.02
2025-07-02 11:00:00,Z13,2,1,1,1,7.9,10.2,1.73
2025-07-05 23:00:00,Z13,2,1,1,1,7.2,9.9,1.76
2025-07-08 18:00:00,Z13,3,2,1,1,7.4,8.7,1.38
2025-07-12 15:00:00,Z13,2,1,1,1,7.7,8.8,1.72
2025-07-17 07:00:00,Z13,2,1,1,1,7.5,10.9,1.69
2025-07-18 19:00:00,Z13,6,6,0,2,7.5,7.5,0.99
2025-07-21 19:00:00,Z13,5,5,0,2,7.3,7.1,0.99
2025-07-26 15:00:00,Z13,9,9,0,4,7.4,7.6,1.01
2025-07-30 21:00:00,Z13,2,1,1,1,7.5,11.5,1.69
2025-08-01 08:00:00,Z13,2,2,0,1,7.2,7.4,1.02
2025-08-04 18:00:00,Z13,4,4,0,1,7.5,6.6,0.99
2025-08-07 17:00:00,Z13,1,1,0,1,7.3,6.7,1.01
2025-08-08 23:00:00,Z13,0,0,0,1,7.2,5.7,1.02
2025-08-11 01:00:00,Z13,0,0,0,1,7.5,5.7,1.0
2025-08-12 19:00:00,Z13,4,3,1,1,7.4,8.8,1.26
2025-08-13 13:00:00,Z13,2,1,1,1,7.1,10.3,1.79
2025-08-14 07:00:00,Z13,1,1,0,1,7.0,7.6,0.98
2025-08-16 13:00:00,Z13,6,6,0,2,7.6,7.1,1.03
2025-08-21 02:00:00,Z13,0,0,0,1,7.6,6.3,0.98
2025-08-23 12:00:00,Z13,3,3,0,1,7.4,7.4,0.99
2025-08-25 10:00:00,Z13,1,1,0,1,7.2,7.4,0.99
2025-08-29 03:00:00,Z13,0,0,0,1,7.3,6.2,1.0
2025-08-29 10:00:00,Z13,1,1,0,1,7.6,8.5,0.99
2025-09-02 17:00:00,Z13,4,4,0,1,7.6,8.8,1.02
2025-09-02 23:00:00,Z13,0,0,0,1,7.4,7.3,0.98
2025-09-04 07:00:00,Z13,1,1,0,1,7.3,6.5,0.98
2025-09-07 22:00:00,Z13,2,2,0,1,7.6,7.1,1.0
2025-09-08 02:00:00,Z13,2,2,0,1,6.9,7.8,0.97
2025-09-09 10:00:00,Z13,7,7,0,2,7.6,7.3,1.02
2025-09-10 13:00:00,Z13,0,0,0,1,7.5,6.2,1.02
2025-09-13 10:00:00,Z13,0,0,0,1,7.2,6.0,1.01
2025-09-17 16:00:00,Z13,3,2,1,1,7.2,9.9,1.4
2025-09-25 01:00:00,Z13,1,1,0,1,7.3,7.9,1.01
2025-09-25 08:00:00,Z13,2,1,1,1,7.7,10.0,1.71
2025-09-25 12:00:00,Z13,9,7,2,2,7.5,9.0,1.21
2025-10-01 04:00:00,Z13,0,0,0,1,7.3,6.6,1.0
2025-10-07 16:00:00,Z13,2,2,0,1,7.7,8.2,1.0
2025-10-12 01:00:00,Z13,1,1,0,1,7.2,6.9,1.01
2025-10-14 18:00:00,Z13,6,6,0,2,7.3,7.5,0.99
2025-10-15 09:00:00,Z13,0,0,0,1,7.3,7.0,1.0
2025-10-24 23:00:00,Z13,2,1,1,1,7.3,10.6,1.73
2025-10-31 13:00:00,Z13,5,5,0,2,7.4,6.7,0.95
2025-11-05 04:00:00,Z13,0,0,0,1,7.3,7.9,1.0
2025-11-09 03:00:00,Z13,1,1,0,1,6.8,8.1,1.0
2025-11-09 08:00:00,Z13,2,2,0,1,7.6,6.8,1.02
2025-11-09 22:00:00,Z13,5,5,0,2,7.1,7.1,1.02
2025-11-10 21:00:00,Z13,2,2,0,1,7.4,7.2,1.01
2025-11-15 21:00:00,Z13,1,1,0,1,7.5,7.7,0.99
2025-11-17 09:00:00,Z13,1,1,0,1,7.5,7.8,1.02
2025-11-20 19:00:00,Z13,5,5,0,2,7.1,8.3,1.04
2025-11-21 02:00:00,Z13,0,0,0,1,7.1,6.6,1.02
2025-11-25 03:00:00,Z13,0,0,0,1,7.3,7.0,0.98
2025-11-27 04:00:00,Z13,0,0,0,1,7.3,7.4,1.03
2025-11-29 03:00:00,Z13,1,1,0,1,7.1,7.0,1.01
2025-12-08 18:00:00,Z13,2,1,1,1,7.5,10.9,1.68
2025-12-12 16:00:00,Z13,3,2,1,1,7.1,9.1,1.34
2025-12-21 06:00:00,Z13,3,2,1,1,7.3,10.1,1.36
2025-12-25 03:00:00,Z13,0,0,0,1,7.7,6.7,1.0
2025-12-26 23:00:00,Z13,4,3,1,1,7.1,8.9,1.25
2026-01-05 11:00:00,Z13,0,0,0,1,7.3,6.0,0.97
2026-01-08 06:00:00,Z13,0,0,0,1,7.5,6.3,1.0
2026-01-21 08:00:00,Z13,2,2,0,1,7.2,6.6,1.01
2026-01-23 03:00:00,Z13,0,0,0,1,7.6,6.2,1.02
2026-01-23 15:00:00,Z13,7,7,0,3,7.2,6.4,0.99
2026-01-25 00:00:00,Z13,0,0,0,1,7.3,6.5,1.02
2026-01-27 20:00:00,Z13,2,2,0,1,7.2,7.9,0.98
2026-01-30 21:00:00,Z13,5,5,0,2,7.5,5.7,0.98
2026-02-02 10:00:00,Z13,5,5,0,2,7.2,6.9,0.98
2026-02-04 23:00:00,Z13,1,1,0,1,7.4,6.7,1.02
2026-02-13 01:00:00,Z13,0,0,0,1,7.6,5.9,0.98
2026-02-17 02:00:00,Z13,0,0,0,1,7.4,5.6,1.0
2026-02-19 20:00:00,Z13,1,1,0,1,7.3,6.3,1.0
2026-02-21 16:00:00,Z13,6,6,0,2,7.0,7.8,1.01
2026-02-25 18:00:00,Z13,5,4,1,1,7.6,8.3,1.18
2026-02-27 19:00:00,Z13,9,9,0,3,7.3,8.4,1.03
2026-02-27 22:00:00,Z13,6,5,1,2,7.8,7.8,1.14
2026-02-27 23:00:00,Z13,1,1,0,1,7.3,7.7,1.05
2026-03-01 13:00:00,Z13,0,0,0,1,7.4,7.0,1.03
2026-03-02 09:00:00,Z13,3,3,0,1,7.5,6.8,1.04
2026-03-03 18:00:00,Z13,6,6,0,2,7.3,7.3,0.99
2026-03-05 22:00:00,Z13,1,1,0,1,7.9,6.3,1.03
2026-03-08 13:00:00,Z13,5,4,1,1,7.8,8.6,1.16
2026-03-10 00:00:00,Z13,0,0,0,1,7.1,6.7,0.99
2026-03-10 09:00:00,Z13,2,1,1,1,7.2,10.0,1.67
2026-03-10 10:00:00,Z13,2,2,0,1,7.4,7.7,1.0
2026-03-10 16:00:00,Z13,5,4,1,1,7.5,8.4,1.21
2026-03-13 10:00:00,Z13,3,3,0,1,7.0,7.7,0.99
2026-03-16 13:00:00,Z13,5,5,0,2,7.7,6.4,1.03
2026-03-16 15:00:00,Z13,0,0,0,1,7.4,6.2,0.96
2026-03-19 11:00:00,Z13,3,3,0,1,7.2,7.6,1.03
2026-03-20 00:00:00,Z13,0,0,0,1,7.4,6.0,1.01
2026-03-22 05:00:00,Z13,1,1,0,1,7.0,7.9,1.02
2026-03-25 06:00:00,Z13,2,1,1,1,7.5,9.6,1.68
2026-03-29 03:00:00,Z13,0,0,0,1,7.1,7.8,1.03
2026-04-06 10:00:00,Z13,3,3,0,1,7.2,6.8,1.02
2026-04-11 08:00:00,Z13,3,2,1,1,7.6,9.1,1.37
2026-04-13 19:00:00,Z13,2,2,0,1,7.8,6.9,1.03
2026-04-18 11:00:00,Z13,5,4,1,1,7.2,8.2,1.26
2026-04-19 19:00:00,Z13,8,8,0,3,7.2,7.7,1.0
2026-04-23 11:00:00,Z13,9,7,2,2,7.6,8.2,1.22
2026-04-23 16:00:00,Z13,7,6,1,2,7.4,8.8,1.13
2026-04-24 21:00:00,Z13,2,2,0,1,7.8,7.6,1.0
2026-04-27 18:00:00,Z13,7,6,1,2,7.4,8.7,1.15
2026-04-28 07:00:00,Z13,4,3,1,1,7.1,9.5,1.24
2026-04-29 10:00:00,Z13,4,3,1,1,7.6,9.1,1.23
2026-04-29 23:00:00,Z13,0,0,0,1,7.2,5.9,1.01
2026-05-01 13:00:00,Z13,2,2,0,1,7.5,7.6,0.98
2026-05-06 05:00:00,Z13,1,1,0,1,7.2,6.2,0.97
2026-05-11 19:00:00,Z13,5,4,1,1,7.1,8.7,1.2
2026-05-12 21:00:00,Z13,3,2,1,1,7.4,8.9,1.36
2026-05-17 04:00:00,Z13,0,0,0,1,7.6,6.1,0.97
2026-05-21 00:00:00,Z13,2,1,1,1,7.3,11.1,1.73
2026-05-21 04:00:00,Z13,0,0,0,1,7.0,6.5,1.02
2026-05-21 08:00:00,Z13,3,2,1,1,7.6,9.0,1.38
2026-05-22 09:00:00,Z13,3,2,1,1,7.4,9.4,1.34
2026-05-22 10:00:00,Z13,6,6,0,2,7.2,8.2,1.03
2026-05-25 22:00:00,Z13,4,4,0,1,7.5,7.6,0.99
2026-05-27 16:00:00,Z13,4,4,0,1,7.4,6.0,0.99
2026-06-02 03:00:00,Z13,0,0,0,1,7.4,7.2,0.98
2026-06-09 08:00:00,Z13,0,0,0,1,7.6,7.2,1.0
2026-06-09 19:00:00,Z13,7,6,1,2,7.7,7.9,1.12
2026-06-18 01:00:00,Z13,1,1,0,1,7.5,8.0,1.0
2026-06-18 09:00:00,Z13,5,5,0,2,7.3,7.8,1.02
2026-06-18 14:00:00,Z13,4,4,0,1,7.4,6.6,1.0
2026-06-21 13:00:00,Z13,6,6,0,2,7.3,7.5,1.0
2026-06-24 03:00:00,Z13,0,0,0,1,7.5,5.5,0.96
2026-06-24 05:00:00,Z13,1,1,0,1,7.5,7.8,1.01
2026-06-26 03:00:00,Z13,1,1,0,1,7.1,7.2,1.0
2026-06-29 03:00:00,Z13,1,1,0,1,7.3,7.9,1.01
2026-06-30 22:00:00,Z13,1,1,0,1,7.3,7.8,0.99
2025-07-05 02:00:00,Z14,0,0,0,1,9.1,8.9,1.02
2025-07-05 05:00:00,Z14,0,0,0,1,9.6,8.7,1.01
2025-07-05 21:00:00,Z14,0,0,0,1,9.5,7.7,1.02
2025-07-06 14:00:00,Z14,0,0,0,1,9.3,8.2,1.0
2025-07-08 07:00:00,Z14,1,1,0,1,9.8,10.2,1.0
2025-07-16 03:00:00,Z14,0,0,0,1,9.9,8.1,0.99
2025-07-16 19:00:00,Z14,2,1,1,1,9.4,14.1,1.69
2025-07-22 05:00:00,Z14,1,1,0,1,9.6,10.3,0.98
2025-07-25 14:00:00,Z14,3,2,1,1,9.7,12.9,1.32
2025-08-10 06:00:00,Z14,1,1,0,1,9.9,11.8,0.98
2025-08-11 14:00:00,Z14,1,1,0,1,9.4,9.9,1.0
2025-08-19 19:00:00,Z14,1,1,0,1,9.8,9.2,1.02
2025-08-21 14:00:00,Z14,1,1,0,1,9.7,10.3,0.96
2025-08-21 22:00:00,Z14,0,0,0,1,9.7,7.9,0.97
2025-08-22 06:00:00,Z14,0,0,0,1,9.8,8.7,0.99
2025-08-25 08:00:00,Z14,2,2,0,1,9.6,10.3,1.03
2025-08-25 09:00:00,Z14,1,1,0,1,9.8,8.7,0.97
2025-08-27 07:00:00,Z14,0,0,0,1,9.5,7.1,0.98
2025-08-29 01:00:00,Z14,0,0,0,1,9.8,9.1,0.98
2025-08-29 19:00:00,Z14,1,1,0,1,9.6,10.4,0.99
2025-09-04 15:00:00,Z14,3,3,0,1,10.1,9.7,1.0
2025-09-06 06:00:00,Z14,3,2,1,1,9.9,11.8,1.38
2025-09-19 05:00:00,Z14,2,2,0,1,10.3,7.2,0.97
2025-09-24 20:00:00,Z14,0,0,0,1,9.7,9.4,1.0
2025-09-27 08:00:00,Z14,5,4,1,1,9.9,10.9,1.17
2025-10-06 12:00:00,Z14,1,1,0,1,9.9,8.8,1.02
2025-10-08 06:00:00,Z14,1,1,0,1,10.1,9.0,0.98
2025-10-08 14:00:00,Z14,4,4,0,1,9.5,10.4,0.99
2025-10-09 17:00:00,Z14,2,2,0,1,9.5,9.6,1.0
2025-10-10 02:00:00,Z14,0,0,0,1,10.4,9.2,1.02
2025-10-15 00:00:00,Z14,0,0,0,1,9.5,8.1,0.99
2025-10-15 19:00:00,Z14,3,2,1,1,9.6,12.7,1.35
2025-10-16 09:00:00,Z14,1,1,0,1,9.4,10.4,1.0
2025-10-23 10:00:00,Z14,1,1,0,1,10.1,9.5,0.99
2025-10-25 09:00:00,Z14,4,3,1,1,9.5,11.1,1.25
2025-10-26 14:00:00,Z14,1,1,0,1,10.0,10.3,1.03
2025-10-27 19:00:00,Z14,2,2,0,1,9.8,9.5,1.01
2025-10-29 11:00:00,Z14,5,5,0,2,9.8,9.3,0.98
2025-10-30 04:00:00,Z14,0,0,0,1,10.0,7.5,1.0
2025-11-01 00:00:00,Z14,0,0,0,1,9.9,7.6,0.98
2025-11-10 14:00:00,Z14,0,0,0,1,9.9,8.0,1.02
2025-11-11 18:00:00,Z14,1,1,0,1,9.6,8.2,1.01
2025-11-13 19:00:00,Z14,1,1,0,1,10.2,10.2,0.98
2025-11-16 08:00:00,Z14,4,3,1,1,9.9,11.5,1.28
2025-11-17 06:00:00,Z14,3,3,0,1,10.5,10.9,0.99
2025-11-24 15:00:00,Z14,2,1,1,1,10.0,14.7,1.76
2025-11-25 04:00:00,Z14,0,0,0,1,9.5,7.4,1.02
2025-11-25 15:00:00,Z14,3,3,0,1,9.6,8.8,1.0
2025-11-26 12:00:00,Z14,3,2,1,1,9.7,11.1,1.37
2025-12-04 19:00:00,Z14,0,0,0,1,10.0,8.5,0.93
2025-12-10 03:00:00,Z14,0,0,0,1,9.7,8.2,1.02
2025-12-17 05:00:00,Z14,0,0,0,1,10.2,7.3,0.99
2025-12-23 09:00:00,Z14,4,4,0,1,10.1,10.1,1.0
2025-12-25 22:00:00,Z14,0,0,0,1,9.8,8.4,1.01
2025-12-27 15:00:00,Z14,3,3,0,1,10.1,10.0,1.01
2025-12-31 09:00:00,Z14,2,2,0,1,10.1,10.7,0.98
2025-12-31 14:00:00,Z14,1,1,0,1,10.2,9.9,0.99
2026-01-01 14:00:00,Z14,3,2,1,1,9.7,12.0,1.36
2026-01-05 01:00:00,Z14,1,1,0,1,9.7,9.9,0.99
2026-01-06 21:00:00,Z14,1,1,0,1,10.1,9.6,1.04
2026-01-07 20:00:00,Z14,2,2,0,1,9.9,9.9,1.01
2026-01-08 18:00:00,Z14,3,2,1,1,10.1,11.7,1.37
2026-01-14 00:00:00,Z14,0,0,0,1,9.9,9.3,1.01
2026-01-18 15:00:00,Z14,2,1,1,1,10.1,16.3,1.75
2026-01-25 08:00:00,Z14,5,4,1,1,9.8,11.9,1.2
2026-01-25 11:00:00,Z14,2,1,1,1,10.1,15.7,1.74
2026-01-26 08:00:00,Z14,2,2,0,1,9.7,10.2,1.01
2026-01-27 11:00:00,Z14,3,3,0,1,9.5,9.8,1.0
2026-01-27 19:00:00,Z14,1,1,0,1,9.9,9.1,1.0
2026-01-28 09:00:00,Z14,0,0,0,1,9.9,9.7,1.02
2026-01-29 21:00:00,Z14,0,0,0,1,9.7,7.9,0.99
2026-01-31 08:00:00,Z14,6,5,1,2,9.7,10.6,1.16
2026-02-01 23:00:00,Z14,0,0,0,1,10.4,8.5,0.95
2026-02-02 14:00:00,Z14,0,0,0,1,9.7,8.0,0.99
2026-02-06 18:00:00,Z14,3,2,1,1,10.0,11.4,1.34
2026-02-07 22:00:00,Z14,1,1,0,1,9.7,10.3,1.0
2026-02-13 04:00:00,Z14,1,1,0,1,9.6,10.9,1.02
2026-02-14 19:00:00,Z14,4,3,1,1,9.7,10.5,1.26
2026-02-16 07:00:00,Z14,5,5,0,2,9.6,9.9,0.99
2026-02-18 11:00:00,Z14,1,1,0,1,10.1,9.6,1.02
2026-02-23 03:00:00,Z14,0,0,0,1,9.8,7.2,1.01
2026-02-27 12:00:00,Z14,0,0,0,1,9.5,9.2,1.01
2026-03-01 16:00:00,Z14,3,3,0,1,10.4,10.4,0.99
2026-03-07 08:00:00,Z14,4,4,0,1,10.3,9.7,1.02
2026-03-09 18:00:00,Z14,1,1,0,1,9.9,10.9,1.01
2026-03-10 23:00:00,Z14,0,0,0,1,9.5,9.1,1.02
2026-03-13 09:00:00,Z14,1,1,0,1,9.8,9.8,0.98
2026-03-14 16:00:00,Z14,2,1,1,1,9.5,14.5,1.74
2026-03-14 17:00:00,Z14,6,5,1,2,9.8,10.4,1.15
2026-03-16 05:00:00,Z14,0,0,0,1,9.7,9.5,0.98
2026-03-19 04:00:00,Z14,0,0,0,1,9.4,8.8,1.0
2026-03-22 05:00:00,Z14,2,1,1,1,10.0,14.2,1.77
2026-03-23 01:00:00,Z14,0,0,0,1,9.5,8.0,1.01
2026-03-26 03:00:00,Z14,0,0,0,1,9.2,7.8,1.0
2026-03-26 23:00:00,Z14,1,1,0,1,10.1,10.6,1.02
2026-03-28 01:00:00,Z14,0,0,0,1,9.6,7.8,0.99
2026-03-30 17:00:00,Z14,3,3,0,1,9.6,10.5,1.02
2026-03-31 16:00:00,Z14,2,2,0,1,9.8,9.1,0.98
2026-04-03 23:00:00,Z14,0,0,0,1,9.2,8.2,0.98
2026-04-07 15:00:00,Z14,0,0,0,1,9.4,8.0,0.98
2026-04-09 22:00:00,Z14,1,1,0,1,9.6,10.0,1.03
2026-04-18 21:00:00,Z14,4,4,0,1,10.1,10.2,0.99
2026-04-21 01:00:00,Z14,1,1,0,1,9.5,10.6,0.96
2026-04-22 00:00:00,Z14,0,0,0,1,9.9,9.3,0.99
2026-04-24 09:00:00,Z14,4,3,1,1,9.5,13.0,1.26
2026-05-01 19:00:00,Z14,1,1,0,1,9.6,10.5,1.0
2026-05-05 08:00:00,Z14,4,4,0,1,9.8,10.6,1.0
2026-05-05 16:00:00,Z14,3,2,1,1,10.0,13.2,1.33
2026-05-06 05:00:00,Z14,1,1,0,1,10.1,10.7,0.99
2026-05-10 17:00:00,Z14,6,6,0,2,9.8,9.6,0.97
2026-05-11 20:00:00,Z14,2,2,0,1,9.9,11.3,1.03
2026-05-13 00:00:00,Z14,0,0,0,1,9.7,8.3,0.99
2026-05-13 10:00:00,Z14,0,0,0,1,9.7,8.3,0.97
2026-05-20 13:00:00,Z14,6,5,1,2,10.0,12.0,1.16
2026-05-24 19:00:00,Z14,3,3,0,1,10.2,10.1,1.01
2026-05-29 14:00:00,Z14,1,1,0,1,9.6,10.0,1.01
2026-05-30 01:00:00,Z14,0,0,0,1,10.0,8.5,1.04
2026-05-30 06:00:00,Z14,2,2,0,1,9.9,9.0,1.03
2026-05-31 07:00:00,Z14,5,4,1,1,9.2,10.3,1.16
2026-06-07 00:00:00,Z14,0,0,0,1,10.3,8.0,0.98
2026-06-07 21:00:00,Z14,0,0,0,1,9.3,7.8,1.03
2026-06-09 17:00:00,Z14,3,3,0,1,10.1,10.1,1.03
2026-06-13 10:00:00,Z14,2,1,1,1,9.7,11.5,1.68
2026-06-15 06:00:00,Z14,3,3,0,1,10.0,10.3,1.02
2026-06-17 07:00:00,Z14,6,5,1,2,9.5,11.0,1.17
2026-06-19 19:00:00,Z14,2,1,1,1,9.7,13.9,1.78
2026-06-21 04:00:00,Z14,0,0,0,1,10.1,8.7,1.0
2026-06-23 18:00:00,Z14,1,1,0,1,9.5,10.5,1.02
2026-06-26 19:00:00,Z14,1,1,0,1,10.2,10.3,0.98
2026-06-27 14:00:00,Z14,3,3,0,1,9.9,9.0,1.02
2025-07-01 22:00:00,Z15,0,0,0,1,8.1,6.5,1.01
2025-07-02 11:00:00,Z15,1,1,0,1,8.2,8.6,1.04
2025-07-03 17:00:00,Z15,4,3,1,1,8.1,9.2,1.27
2025-07-11 03:00:00,Z15,0,0,0,1,8.4,7.4,1.0
2025-07-11 21:00:00,Z15,3,2,1,1,8.1,9.6,1.43
2025-07-12 19:00:00,Z15,2,2,0,1,8.3,8.3,0.98
2025-07-14 04:00:00,Z15,0,0,0,1,8.2,6.4,0.98
2025-07-15 10:00:00,Z15,0,0,0,1,8.3,6.9,0.99
2025-07-23 14:00:00,Z15,0,0,0,1,8.2,6.5,1.0
2025-07-26 05:00:00,Z15,0,0,0,1,8.4,6.9,0.99
2025-07-26 11:00:00,Z15,0,0,0,1,8.7,6.6,0.99
2025-08-12 22:00:00,Z15,1,1,0,1,8.2,9.8,0.97
2025-08-14 04:00:00,Z15,0,0,0,1,8.4,7.4,1.0
2025-08-16 09:00:00,Z15,0,0,0,1,8.0,6.0,1.0
2025-08-20 00:00:00,Z15,0,0,0,1,7.6,7.0,0.96
2025-08-24 01:00:00,Z15,0,0,0,1,8.1,7.9,0.97
2025-08-24 11:00:00,Z15,1,1,0,1,8.3,9.3,0.98
2025-08-27 14:00:00,Z15,0,0,0,1,8.5,7.0,1.03
2025-08-29 20:00:00,Z15,2,2,0,1,8.0,7.8,1.01
2025-08-31 09:00:00,Z15,3,3,0,1,8.3,8.2,1.03
2025-09-02 17:00:00,Z15,2,1,1,1,8.3,11.0,1.75
2025-09-04 15:00:00,Z15,0,0,0,1,7.9,7.6,0.96
2025-09-07 20:00:00,Z15,5,4,1,1,8.6,7.6,1.16
2025-09-08 08:00:00,Z15,2,1,1,1,8.3,10.5,1.7
2025-09-12 11:00:00,Z15,1,1,0,1,8.2,8.5,1.01
2025-09-12 12:00:00,Z15,2,1,1,1,8.5,11.6,1.72
2025-09-15 09:00:00,Z15,1,1,0,1,8.4,8.7,1.0
2025-09-20 23:00:00,Z15,1,1,0,1,8.4,8.6,1.01
2025-09-21 14:00:00,Z15,0,0,0,1,8.6,6.8,1.02
2025-09-23 16:00:00,Z15,2,1,1,1,8.3,12.4,1.7
2025-09-26 02:00:00,Z15,1,1,0,1,8.3,9.1,1.02
2025-09-27 20:00:00,Z15,3,2,1,1,8.2,10.5,1.33
2025-09-29 13:00:00,Z15,0,0,0,1,8.0,7.6,1.0
2025-10-07 01:00:00,Z15,0,0,0,1,8.2,6.6,1.0
2025-10-07 05:00:00,Z15,1,1,0,1,7.5,9.2,0.99
2025-10-11 18:00:00,Z15,3,2,1,1,8.0,10.3,1.35
2025-10-16 16:00:00,Z15,1,1,0,1,8.3,9.0,1.02
2025-10-17 14:00:00,Z15,2,2,0,1,8.1,7.9,1.03
2025-10-18 06:00:00,Z15,0,0,0,1,8.2,7.7,1.04
2025-10-18 19:00:00,Z15,3,3,0,1,8.4,8.3,1.0
2025-10-18 23:00:00,Z15,0,0,0,1,8.1,7.1,1.03
2025-10-21 05:00:00,Z15,0,0,0,1,8.5,7.6,0.99
2025-10-27 20:00:00,Z15,3,2,1,-3,8.0,10.4,1.39
2025-11-05 14:00:00,Z15,3,3,0,1,7.6,7.5,1.03
2025-11-08 07:00:00,Z15,1,1,0,1,8.0,8.1,1.02
2025-11-08 20:00:00,Z15,3,3,0,1,8.3,7.5,0.99
2025-11-09 12:00:00,Z15,4,4,0,1,8.4,7.4,0.98
2025-11-12 22:00:00,Z15,1,1,0,1,8.1,7.9,1.02
2025-11-17 12:00:00,Z15,2,1,1,1,7.8,12.6,1.77
2025-11-25 16:00:00,Z15,0,0,0,1,8.1,6.8,1.0
2025-11-27 15:00:00,Z15,3,3,0,1,8.0,9.4,0.97
2025-11-29 19:00:00,Z15,3,2,1,1,8.2,9.1,1.39
2025-12-01 17:00:00,Z15,0,0,0,1,8.1,6.2,0.96
2025-12-03 14:00:00,Z15,1,1,0,1,8.4,8.7,1.0
2025-12-05 10:00:00,Z15,1,1,0,1,8.3,7.8,0.98
2025-12-06 09:00:00,Z15,0,0,0,1,7.7,7.2,0.98
2025-12-06 22:00:00,Z15,1,1,0,1,8.0,7.9,1.0
2025-12-10 05:00:00,Z15,0,0,0,1,7.8,8.2,0.98
2025-12-11 20:00:00,Z15,1,1,0,1,8.2,8.3,0.99
2025-12-13 12:00:00,Z15,2,1,1,1,8.4,11.9,1.7
2025-12-18 03:00:00,Z15,0,0,0,1,7.9,6.8,1.01
2025-12-20 17:00:00,Z15,3,2,1,1,8.1,10.7,1.39
2025-12-26 09:00:00,Z15,3,3,0,1,8.4,7.8,1.02
2025-12-30 15:00:00,Z15,0,0,0,1,8.4,7.3,1.01
2026-01-02 04:00:00,Z15,0,0,0,1,8.3,6.9,0.99
2026-01-02 15:00:00,Z15,2,1,1,1,8.2,11.9,1.7
2026-01-05 18:00:00,Z15,0,0,0,1,7.7,5.6,0.99
2026-01-05 20:00:00,Z15,4,3,1,1,8.4,10.0,1.23
2026-01-10 07:00:00,Z15,2,2,0,1,8.0,9.4,0.99
2026-01-15 21:00:00,Z15,3,3,0,1,8.1,8.9,0.94
2026-01-16 10:00:00,Z15,5,5,0,2,8.1,8.2,0.97
2026-01-20 16:00:00,Z15,4,3,1,1,8.3,8.6,1.26
2026-01-22 04:00:00,Z15,1,1,0,1,8.3,8.1,1.02
2026-01-27 15:00:00,Z15,1,1,0,1,8.3,8.6,1.0
2026-01-29 19:00:00,Z15,6,5,1,2,8.1,10.1,1.13
2026-01-30 08:00:00,Z15,1,1,0,1,8.1,8.5,1.0
2026-01-30 09:00:00,Z15,1,1,0,1,8.0,7.8,1.01
2026-02-01 14:00:00,Z15,1,1,0,1,8.1,8.6,0.96
2026-02-10 23:00:00,Z15,0,0,0,1,8.4,7.0,1.02
2026-02-12 15:00:00,Z15,4,4,0,1,8.0,8.4,0.97
2026-02-23 10:00:00,Z15,2,2,0,1,8.3,7.3,1.01
2026-02-25 16:00:00,Z15,2,2,0,1,8.2,8.1,0.99
2026-02-25 21:00:00,Z15,1,1,0,1,8.3,8.1,0.99
2026-02-27 04:00:00,Z15,0,0,0,1,8.1,7.6,1.01
2026-03-02 11:00:00,Z15,1,1,0,1,8.3,8.7,1.01
2026-03-04 00:00:00,Z15,0,0,0,1,8.3,6.1,1.02
2026-03-07 14:00:00,Z15,2,1,1,1,7.7,11.9,1.72
2026-03-10 14:00:00,Z15,1,1,0,1,8.6,8.0,0.99
2026-03-13 03:00:00,Z15,0,0,0,1,8.3,7.0,0.97
2026-03-14 02:00:00,Z15,0,0,0,1,8.3,8.0,1.02
2026-03-14 06:00:00,Z15,2,2,0,1,8.3,9.1,0.99
2026-03-14 21:00:00,Z15,2,1,1,1,8.3,11.6,1.69
2026-03-17 08:00:00,Z15,1,1,0,1,8.3,7.1,1.0
2026-03-20 08:00:00,Z15,1,1,0,1,8.2,8.0,1.01
2026-03-23 16:00:00,Z15,3,2,1,1,8.8,9.4,1.38
2026-03-26 00:00:00,Z15,0,0,0,1,8.3,7.8,1.01
2026-03-28 16:00:00,Z15,4,4,0,1,8.3,9.5,0.98
2026-03-31 19:00:00,Z15,2,1,1,1,8.6,10.7,1.73
2026-04-03 19:00:00,Z15,1,1,0,1,8.5,8.4,0.99
2026-04-07 17:00:00,Z15,2,1,1,1,8.2,12.2,1.79
2026-04-11 17:00:00,Z15,7,7,0,2,8.1,8.6,1.01
2026-04-12 00:00:00,Z15,0,0,0,1,8.1,8.0,1.01
2026-04-19 14:00:00,Z15,3,3,0,1,8.3,8.0,1.05
2026-04-23 05:00:00,Z15,1,1,0,1,8.2,8.7,1.02
2026-04-25 17:00:00,Z15,4,4,0,1,8.6,8.0,1.02
2026-04-28 20:00:00,Z15,2,2,0,1,7.7,9.6,0.98
2026-04-29 10:00:00,Z15,2,1,1,1,8.1,11.9,1.75
2026-04-30 08:00:00,Z15,3,3,0,1,8.1,8.5,1.0
2026-05-01 11:00:00,Z15,4,3,1,1,8.2,8.9,1.24
2026-05-01 22:00:00,Z15,2,1,1,1,8.2,12.8,1.72
2026-05-03 21:00:00,Z15,3,2,1,1,8.1,10.7,1.36
2026-05-04 13:00:00,Z15,0,0,0,1,8.3,6.2,0.99
2026-05-07 12:00:00,Z15,1,1,0,1,7.9,9.3,0.98
2026-05-10 06:00:00,Z15,1,1,0,1,8.5,8.4,1.02
2026-05-11 15:00:00,Z15,3,3,0,1,8.0,7.8,0.99
2026-05-18 21:00:00,Z15,3,2,1,1,7.9,9.9,1.33
2026-05-18 22:00:00,Z15,2,2,0,1,8.4,7.7,0.97
2026-05-19 18:00:00,Z15,2,2,0,1,8.3,7.8,0.99
2026-05-20 02:00:00,Z15,0,0,0,1,8.3,7.4,0.98
2026-05-22 00:00:00,Z15,1,1,0,1,7.7,8.2,0.98
2026-05-22 16:00:00,Z15,2,1,1,1,7.8,11.5,1.75
2026-05-23 08:00:00,Z15,2,2,0,1,8.3,7.8,1.0
2026-05-24 22:00:00,Z15,1,1,0,1,8.2,9.3,0.98
2026-05-26 12:00:00,Z15,1,1,0,1,8.1,8.8,1.03
2026-05-27 23:00:00,Z15,0,0,0,1,8.1,7.5,0.95
2026-05-31 17:00:00,Z15,1,1,0,1,8.3,9.2,0.98
2026-06-01 04:00:00,Z15,0,0,0,1,8.4,7.0,1.01
2026-06-01 15:00:00,Z15,1,1,0,1,7.9,8.3,0.98
2026-06-02 15:00:00,Z15,1,1,0,1,8.0,7.9,1.05
2026-06-02 20:00:00,Z15,1,1,0,1,8.2,8.5,1.0
2026-06-04 14:00:00,Z15,2,2,0,1,8.6,7.4,0.99
2026-06-04 22:00:00,Z15,0,0,0,1,7.9,6.0,1.02
2026-06-06 18:00:00,Z15,1,1,0,1,8.3,8.2,0.99
2026-06-08 17:00:00,Z15,4,3,1,1,8.1,9.3,1.24
2026-06-08 18:00:00,Z15,1,1,0,1,8.0,7.9,1.0
2026-06-15 04:00:00,Z15,0,0,0,1,8.1,6.9,0.98
2026-06-17 20:00:00,Z15,4,3,1,1,8.2,10.8,1.23
2026-06-17 22:00:00,Z15,1,1,0,1,8.2,9.6,1.0
2026-06-19 19:00:00,Z15,0,0,0,1,7.9,6.8,1.0
2026-06-20 00:00:00,Z15,1,1,0,1,8.1,9.0,1.01
2026-06-20 05:00:00,Z15,3,2,1,1,7.9,9.7,1.33
2026-06-26 01:00:00,Z15,0,0,0,1,8.2,7.0,1.02
