store_id,sku_id
DS01,SKU0261
DS01,SKU0176
DS01,SKU0161
DS01,SKU0266
DS01,SKU0117
DS01,SKU0122
DS01,SKU0172
DS01,SKU0095
DS01,SKU0094
DS01,SKU0076
DS01,SKU0127
DS01,SKU0106
DS01,SKU0219
DS01,SKU0143
DS01,SKU0018
DS01,SKU0032
DS01,SKU0061
DS01,SKU0212
DS01,SKU0023
DS01,SKU0012
DS01,SKU0256
DS01,SKU0085
DS01,SKU0013
DS01,SKU0169
DS01,SKU0132
DS01,SKU0218
DS01,SKU0043
DS01,SKU0066
DS01,SKU0113
DS01,SKU0103
DS01,SKU0134
DS01,SKU0259
DS01,SKU0209
DS01,SKU0050
DS01,SKU0181
DS01,SKU0135
DS01,SKU0016
DS01,SKU0081
DS01,SKU0257
DS01,SKU0195
DS01,SKU0049
DS01,SKU0030
DS01,SKU0236
DS01,SKU0242
DS01,SKU0251
DS01,SKU0147
DS01,SKU0230
DS01,SKU0200
DS01,SKU0225
DS01,SKU0046
DS01,SKU0092
DS01,SKU0240
DS01,SKU0260
DS01,SKU0264
DS01,SKU0226
DS01,SKU0156
DS01,SKU0086
DS01,SKU0022
DS01,SKU0198
DS01,SKU0138
DS01,SKU0194
DS01,SKU0121
DS01,SKU0145
DS01,SKU0128
DS01,SKU0087
DS01,SKU0035
DS01,SKU0059
DS01,SKU0079
DS01,SKU0011
DS01,SKU0037
DS01,SKU0179
DS01,SKU0210
DS01,SKU0063
DS01,SKU0002
DS01,SKU0207
DS01,SKU0091
DS01,SKU0213
DS01,SKU0047
DS01,SKU0068
DS01,SKU0253
DS01,SKU0167
DS01,SKU0215
DS01,SKU0197
DS01,SKU0238
DS01,SKU0222
DS01,SKU0051
DS01,SKU0205
DS01,SKU0114
DS01,SKU0131
DS01,SKU0115
DS01,SKU0073
DS01,SKU0010
DS01,SKU0069
DS01,SKU0052
DS01,SKU0028
DS01,SKU0184
DS01,SKU0193
DS01,SKU0029
DS01,SKU0006
DS01,SKU0044
DS01,SKU0174
DS01,SKU0082
DS01,SKU0026
DS01,SKU0021
DS01,SKU0129
DS01,SKU0188
DS01,SKU0149
DS01,SKU0099
DS01,SKU0180
DS01,SKU0008
DS01,SKU0232
DS01,SKU0045
DS01,SKU0003
DS01,SKU0001
DS01,SKU0162
DS01,SKU0004
DS01,SKU0072
DS01,SKU0142
DS01,SKU0116
DS01,SKU0015
DS01,SKU0005
DS01,SKU0104
DS01,SKU0034
DS01,SKU0042
DS01,SKU0053
DS01,SKU0185
DS01,SKU0250
DS01,SKU0009
DS01,SKU0017
DS01,SKU0254
DS01,SKU0054
DS01,SKU0159
DS01,SKU0154
DS01,SKU0093
DS01,SKU0136
DS01,SKU0100
DS01,SKU0165
DS01,SKU0090
DS01,SKU0204
DS01,SKU0183
DS01,SKU0168
DS01,SKU0186
DS01,SKU0158
DS01,SKU0077
DS01,SKU0252
DS01,SKU0031
DS01,SKU0089
DS01,SKU0067
DS01,SKU0041
DS01,SKU0110
DS01,SKU0025
DS01,SKU0130
DS01,SKU0105
DS01,SKU0111
DS01,SKU0062
DS01,SKU0160
DS01,SKU0241
DS01,SKU0058
DS01,SKU0083
DS01,SKU0216
DS01,SKU0071
DS01,SKU0187
DS01,SKU0146
DS01,SKU0258
DS01,SKU0074
DS01,SKU0173
DS01,SKU0224
DS01,SKU0027
DS01,SKU0206
DS01,SKU0155
DS01,SKU0020
DS01,SKU0203
DS01,SKU0148
DS01,SKU0056
DS01,SKU0235
DS01,SKU0102
DS01,SKU0227
DS01,SKU0233
DS01,SKU0199
DS01,SKU0119
DS01,SKU0098
DS01,SKU0201
DS01,SKU0265
DS01,SKU0075
DS01,SKU0234
DS01,SKU0178
DS01,SKU0007
DS02,SKU0261
DS02,SKU0176
DS02,SKU0161
DS02,SKU0266
DS02,SKU0117
DS02,SKU0122
DS02,SKU0172
DS02,SKU0095
DS02,SKU0094
DS02,SKU0076
DS02,SKU0127
DS02,SKU0106
DS02,SKU0219
DS02,SKU0143
DS02,SKU0018
DS02,SKU0032
DS02,SKU0061
DS02,SKU0212
DS02,SKU0023
DS02,SKU0012
DS02,SKU0256
DS02,SKU0085
DS02,SKU0013
DS02,SKU0169
DS02,SKU0132
DS02,SKU0218
DS02,SKU0043
DS02,SKU0066
DS02,SKU0113
DS02,SKU0103
DS02,SKU0134
DS02,SKU0259
DS02,SKU0209
DS02,SKU0050
DS02,SKU0181
DS02,SKU0135
DS02,SKU0016
DS02,SKU0081
DS02,SKU0257
DS02,SKU0195
DS02,SKU0049
DS02,SKU0030
DS02,SKU0236
DS02,SKU0242
DS02,SKU0251
DS02,SKU0147
DS02,SKU0230
DS02,SKU0200
DS02,SKU0225
DS02,SKU0046
DS02,SKU0092
DS02,SKU0240
DS02,SKU0260
DS02,SKU0264
DS02,SKU0226
DS02,SKU0156
DS02,SKU0086
DS02,SKU0022
DS02,SKU0198
DS02,SKU0138
DS02,SKU0194
DS02,SKU0121
DS02,SKU0145
DS02,SKU0128
DS02,SKU0087
DS02,SKU0035
DS02,SKU0059
DS02,SKU0011
DS02,SKU0037
DS02,SKU0179
DS02,SKU0210
DS02,SKU0063
DS02,SKU0002
DS02,SKU0096
DS02,SKU0207
DS02,SKU0091
DS02,SKU0213
DS02,SKU0047
DS02,SKU0068
DS02,SKU0167
DS02,SKU0215
DS02,SKU0197
DS02,SKU0191
DS02,SKU0238
DS02,SKU0222
DS02,SKU0205
DS02,SKU0114
DS02,SKU0131
DS02,SKU0115
DS02,SKU0190
DS02,SKU0010
DS02,SKU0069
DS02,SKU0052
DS02,SKU0028
DS02,SKU0184
DS02,SKU0193
DS02,SKU0029
DS02,SKU0006
DS02,SKU0044
DS02,SKU0174
DS02,SKU0026
DS02,SKU0021
DS02,SKU0144
DS02,SKU0129
DS02,SKU0188
DS02,SKU0149
DS02,SKU0099
DS02,SKU0180
DS02,SKU0008
DS02,SKU0232
DS02,SKU0045
DS02,SKU0003
DS02,SKU0001
DS02,SKU0162
DS02,SKU0004
DS02,SKU0038
DS02,SKU0072
DS02,SKU0142
DS02,SKU0116
DS02,SKU0015
DS02,SKU0005
DS02,SKU0104
DS02,SKU0034
DS02,SKU0042
DS02,SKU0053
DS02,SKU0185
DS02,SKU0250
DS02,SKU0009
DS02,SKU0017
DS02,SKU0254
DS02,SKU0159
DS02,SKU0154
DS02,SKU0093
DS02,SKU0136
DS02,SKU0100
DS02,SKU0090
DS02,SKU0070
DS02,SKU0204
DS02,SKU0183
DS02,SKU0231
DS02,SKU0168
DS02,SKU0186
DS02,SKU0158
DS02,SKU0077
DS02,SKU0252
DS02,SKU0031
DS02,SKU0067
DS02,SKU0041
DS02,SKU0110
DS02,SKU0025
DS02,SKU0130
DS02,SKU0105
DS02,SKU0111
DS02,SKU0062
DS02,SKU0160
DS02,SKU0058
DS02,SKU0083
DS02,SKU0216
DS02,SKU0071
DS02,SKU0187
DS02,SKU0146
DS02,SKU0258
DS02,SKU0074
DS02,SKU0173
DS03,SKU0261
DS03,SKU0176
DS03,SKU0161
DS03,SKU0266
DS03,SKU0117
DS03,SKU0122
DS03,SKU0172
DS03,SKU0095
DS03,SKU0094
DS03,SKU0076
DS03,SKU0127
DS03,SKU0106
DS03,SKU0219
DS03,SKU0143
DS03,SKU0018
DS03,SKU0032
DS03,SKU0061
DS03,SKU0212
DS03,SKU0023
DS03,SKU0012
DS03,SKU0256
DS03,SKU0085
DS03,SKU0013
DS03,SKU0169
DS03,SKU0132
DS03,SKU0218
DS03,SKU0043
DS03,SKU0066
DS03,SKU0113
DS03,SKU0103
DS03,SKU0134
DS03,SKU0259
DS03,SKU0209
DS03,SKU0050
DS03,SKU0181
DS03,SKU0135
DS03,SKU0016
DS03,SKU0081
DS03,SKU0257
DS03,SKU0195
DS03,SKU0049
DS03,SKU0030
DS03,SKU0236
DS03,SKU0242
DS03,SKU0251
DS03,SKU0147
DS03,SKU0230
DS03,SKU0200
DS03,SKU0225
DS03,SKU0046
DS03,SKU0092
DS03,SKU0240
DS03,SKU0260
DS03,SKU0264
DS03,SKU0226
DS03,SKU0156
DS03,SKU0086
DS03,SKU0022
DS03,SKU0198
DS03,SKU0138
DS03,SKU0194
DS03,SKU0121
DS03,SKU0145
DS03,SKU0128
DS03,SKU0087
DS03,SKU0035
DS03,SKU0059
DS03,SKU0079
DS03,SKU0011
DS03,SKU0037
DS03,SKU0179
DS03,SKU0210
DS03,SKU0063
DS03,SKU0002
DS03,SKU0096
DS03,SKU0207
DS03,SKU0213
DS03,SKU0047
DS03,SKU0068
DS03,SKU0253
DS03,SKU0167
DS03,SKU0197
DS03,SKU0191
DS03,SKU0238
DS03,SKU0222
DS03,SKU0051
DS03,SKU0205
DS03,SKU0114
DS03,SKU0131
DS03,SKU0115
DS03,SKU0190
DS03,SKU0073
DS03,SKU0010
DS03,SKU0069
DS03,SKU0028
DS03,SKU0184
DS03,SKU0239
DS03,SKU0193
DS03,SKU0029
DS03,SKU0006
DS03,SKU0044
DS03,SKU0174
DS03,SKU0082
DS03,SKU0026
DS03,SKU0021
DS03,SKU0144
DS03,SKU0129
DS03,SKU0188
DS03,SKU0149
DS03,SKU0099
DS03,SKU0180
DS03,SKU0008
DS03,SKU0045
DS03,SKU0003
DS03,SKU0001
DS03,SKU0162
DS03,SKU0004
DS03,SKU0072
DS03,SKU0142
DS03,SKU0116
DS03,SKU0015
DS03,SKU0005
DS03,SKU0104
DS03,SKU0042
DS03,SKU0053
DS03,SKU0185
DS03,SKU0250
DS03,SKU0009
DS03,SKU0017
DS03,SKU0254
DS03,SKU0054
DS03,SKU0159
DS03,SKU0154
DS03,SKU0093
DS03,SKU0136
DS03,SKU0100
DS03,SKU0165
DS03,SKU0090
DS03,SKU0070
DS03,SKU0204
DS03,SKU0231
DS03,SKU0168
DS03,SKU0186
DS03,SKU0158
DS03,SKU0077
DS03,SKU0252
DS03,SKU0031
DS03,SKU0089
DS03,SKU0067
DS03,SKU0041
DS03,SKU0110
DS03,SKU0025
DS03,SKU0105
DS03,SKU0111
DS03,SKU0062
DS03,SKU0160
DS03,SKU0241
DS03,SKU0058
DS03,SKU0083
DS03,SKU0187
DS03,SKU0146
DS03,SKU0258
DS03,SKU0074
DS03,SKU0173
DS03,SKU0224
DS03,SKU0027
DS03,SKU0206
DS03,SKU0155
DS03,SKU0020
DS03,SKU0148
DS03,SKU0220
DS03,SKU0056
DS03,SKU0235
DS03,SKU0102
DS03,SKU0170
DS03,SKU0227
DS03,SKU0233
DS03,SKU0199
DS03,SKU0119
DS03,SKU0098
DS03,SKU0201
DS03,SKU0265
DS03,SKU0060
DS03,SKU0075
DS03,SKU0234
DS03,SKU0178
DS03,SKU0007
DS03,SKU0177
DS03,SKU0249
DS03,SKU0120
DS03,SKU0196
DS03,SKU0033
DS03,SKU0057
DS03,SKU0097
DS03,SKU0019
DS03,SKU0039
DS03,SKU0208
DS03,SKU0151
DS03,SKU0163
DS03,SKU0124
DS03,SKU0245
DS03,SKU0014
DS03,SKU0189
DS03,SKU0078
DS04,SKU0261
DS04,SKU0176
DS04,SKU0161
DS04,SKU0266
DS04,SKU0117
DS04,SKU0122
DS04,SKU0172
DS04,SKU0095
DS04,SKU0094
DS04,SKU0076
DS04,SKU0127
DS04,SKU0106
DS04,SKU0219
DS04,SKU0143
DS04,SKU0018
DS04,SKU0032
DS04,SKU0061
DS04,SKU0212
DS04,SKU0023
DS04,SKU0012
DS04,SKU0256
DS04,SKU0085
DS04,SKU0013
DS04,SKU0169
DS04,SKU0132
DS04,SKU0218
DS04,SKU0043
DS04,SKU0066
DS04,SKU0113
DS04,SKU0103
DS04,SKU0134
DS04,SKU0259
DS04,SKU0209
DS04,SKU0050
DS04,SKU0181
DS04,SKU0135
DS04,SKU0016
DS04,SKU0081
DS04,SKU0257
DS04,SKU0195
DS04,SKU0049
DS04,SKU0030
DS04,SKU0236
DS04,SKU0242
DS04,SKU0251
DS04,SKU0147
DS04,SKU0230
DS04,SKU0200
DS04,SKU0225
DS04,SKU0046
DS04,SKU0092
DS04,SKU0240
DS04,SKU0260
DS04,SKU0264
DS04,SKU0226
DS04,SKU0156
DS04,SKU0086
DS04,SKU0022
DS04,SKU0198
DS04,SKU0138
DS04,SKU0194
DS04,SKU0121
DS04,SKU0145
DS04,SKU0128
DS04,SKU0087
DS04,SKU0035
DS04,SKU0059
DS04,SKU0079
DS04,SKU0011
DS04,SKU0037
DS04,SKU0179
DS04,SKU0210
DS04,SKU0063
DS04,SKU0002
DS04,SKU0096
DS04,SKU0207
DS04,SKU0091
DS04,SKU0213
DS04,SKU0047
DS04,SKU0068
DS04,SKU0253
DS04,SKU0167
DS04,SKU0215
DS04,SKU0197
DS04,SKU0191
DS04,SKU0238
DS04,SKU0222
DS04,SKU0114
DS04,SKU0131
DS04,SKU0115
DS04,SKU0190
DS04,SKU0073
DS04,SKU0010
DS04,SKU0069
DS04,SKU0028
DS04,SKU0184
DS04,SKU0239
DS04,SKU0193
DS04,SKU0029
DS04,SKU0006
DS04,SKU0044
DS04,SKU0174
DS04,SKU0082
DS04,SKU0026
DS04,SKU0021
DS04,SKU0144
DS04,SKU0129
DS04,SKU0149
DS04,SKU0180
DS04,SKU0008
DS04,SKU0232
DS04,SKU0003
DS04,SKU0001
DS04,SKU0162
DS04,SKU0004
DS04,SKU0072
DS04,SKU0142
DS04,SKU0116
DS04,SKU0015
DS04,SKU0005
DS04,SKU0104
DS04,SKU0034
DS04,SKU0042
DS04,SKU0053
DS04,SKU0185
DS04,SKU0250
DS04,SKU0254
DS04,SKU0054
DS04,SKU0159
DS04,SKU0154
DS04,SKU0093
DS04,SKU0136
DS04,SKU0100
DS04,SKU0165
DS04,SKU0090
DS04,SKU0070
DS04,SKU0204
DS04,SKU0183
DS04,SKU0231
DS04,SKU0168
DS04,SKU0186
DS04,SKU0158
DS04,SKU0077
DS04,SKU0252
DS04,SKU0031
DS04,SKU0067
DS04,SKU0041
DS04,SKU0110
DS04,SKU0130
DS04,SKU0105
DS04,SKU0111
DS04,SKU0062
DS04,SKU0160
DS04,SKU0241
DS04,SKU0058
DS04,SKU0083
DS04,SKU0216
DS04,SKU0071
DS04,SKU0187
DS04,SKU0146
DS04,SKU0258
DS04,SKU0074
DS04,SKU0173
DS04,SKU0224
DS04,SKU0027
DS04,SKU0206
DS04,SKU0155
DS04,SKU0020
DS04,SKU0203
DS04,SKU0148
DS04,SKU0220
DS04,SKU0056
DS04,SKU0235
DS04,SKU0102
DS04,SKU0170
DS05,SKU0261
DS05,SKU0176
DS05,SKU0161
DS05,SKU0266
DS05,SKU0117
DS05,SKU0122
DS05,SKU0172
DS05,SKU0095
DS05,SKU0094
DS05,SKU0076
DS05,SKU0127
DS05,SKU0106
DS05,SKU0219
DS05,SKU0143
DS05,SKU0018
DS05,SKU0032
DS05,SKU0061
DS05,SKU0212
DS05,SKU0023
DS05,SKU0012
DS05,SKU0256
DS05,SKU0085
DS05,SKU0013
DS05,SKU0169
DS05,SKU0132
DS05,SKU0218
DS05,SKU0043
DS05,SKU0066
DS05,SKU0113
DS05,SKU0103
DS05,SKU0134
DS05,SKU0259
DS05,SKU0209
DS05,SKU0050
DS05,SKU0181
DS05,SKU0135
DS05,SKU0016
DS05,SKU0081
DS05,SKU0257
DS05,SKU0195
DS05,SKU0049
DS05,SKU0030
DS05,SKU0236
DS05,SKU0242
DS05,SKU0251
DS05,SKU0147
DS05,SKU0230
DS05,SKU0200
DS05,SKU0225
DS05,SKU0046
DS05,SKU0092
DS05,SKU0240
DS05,SKU0260
DS05,SKU0264
DS05,SKU0226
DS05,SKU0156
DS05,SKU0086
DS05,SKU0022
DS05,SKU0198
DS05,SKU0138
DS05,SKU0194
DS05,SKU0145
DS05,SKU0128
DS05,SKU0087
DS05,SKU0035
DS05,SKU0079
DS05,SKU0011
DS05,SKU0037
DS05,SKU0179
DS05,SKU0210
DS05,SKU0063
DS05,SKU0002
DS05,SKU0096
DS05,SKU0207
DS05,SKU0091
DS05,SKU0213
DS05,SKU0047
DS05,SKU0068
DS05,SKU0253
DS05,SKU0215
DS05,SKU0197
DS05,SKU0191
DS05,SKU0238
DS05,SKU0222
DS05,SKU0051
DS05,SKU0205
DS05,SKU0114
DS05,SKU0131
DS05,SKU0115
DS05,SKU0190
DS05,SKU0073
DS05,SKU0010
DS05,SKU0069
DS05,SKU0052
DS05,SKU0028
DS05,SKU0184
DS05,SKU0239
DS05,SKU0029
DS05,SKU0006
DS05,SKU0044
DS05,SKU0174
DS05,SKU0082
DS05,SKU0026
DS05,SKU0021
DS05,SKU0144
DS05,SKU0129
DS05,SKU0188
DS05,SKU0149
DS05,SKU0099
DS05,SKU0180
DS05,SKU0008
DS05,SKU0232
DS05,SKU0003
DS05,SKU0001
DS05,SKU0162
DS05,SKU0004
DS05,SKU0038
DS05,SKU0072
DS05,SKU0142
DS05,SKU0116
DS05,SKU0015
DS05,SKU0005
DS05,SKU0104
DS05,SKU0034
DS05,SKU0042
DS05,SKU0185
DS05,SKU0250
DS05,SKU0009
DS05,SKU0017
DS05,SKU0254
DS05,SKU0159
DS05,SKU0154
DS05,SKU0093
DS05,SKU0136
DS05,SKU0100
DS05,SKU0165
DS05,SKU0090
DS05,SKU0070
DS05,SKU0204
DS05,SKU0183
DS05,SKU0231
DS05,SKU0168
DS05,SKU0186
DS05,SKU0077
DS05,SKU0252
DS05,SKU0031
DS05,SKU0089
DS05,SKU0067
DS05,SKU0041
DS05,SKU0110
DS05,SKU0025
DS05,SKU0105
DS05,SKU0062
DS05,SKU0160
DS05,SKU0241
DS05,SKU0058
DS05,SKU0083
DS05,SKU0216
DS05,SKU0071
DS05,SKU0187
DS05,SKU0146
DS05,SKU0258
DS05,SKU0074
DS05,SKU0173
DS05,SKU0224
DS05,SKU0027
DS05,SKU0206
DS05,SKU0155
DS05,SKU0020
DS05,SKU0203
DS06,SKU0261
DS06,SKU0176
DS06,SKU0161
DS06,SKU0266
DS06,SKU0117
DS06,SKU0122
DS06,SKU0172
DS06,SKU0095
DS06,SKU0094
DS06,SKU0076
DS06,SKU0127
DS06,SKU0106
DS06,SKU0219
DS06,SKU0143
DS06,SKU0018
DS06,SKU0032
DS06,SKU0061
DS06,SKU0212
DS06,SKU0023
DS06,SKU0012
DS06,SKU0256
DS06,SKU0085
DS06,SKU0013
DS06,SKU0169
DS06,SKU0132
DS06,SKU0218
DS06,SKU0043
DS06,SKU0066
DS06,SKU0113
DS06,SKU0103
DS06,SKU0134
DS06,SKU0259
DS06,SKU0209
DS06,SKU0050
DS06,SKU0181
DS06,SKU0135
DS06,SKU0016
DS06,SKU0081
DS06,SKU0257
DS06,SKU0195
DS06,SKU0049
DS06,SKU0030
DS06,SKU0236
DS06,SKU0242
DS06,SKU0251
DS06,SKU0147
DS06,SKU0230
DS06,SKU0200
DS06,SKU0225
DS06,SKU0046
DS06,SKU0092
DS06,SKU0240
DS06,SKU0260
DS06,SKU0264
DS06,SKU0226
DS06,SKU0156
DS06,SKU0086
DS06,SKU0022
DS06,SKU0198
DS06,SKU0138
DS06,SKU0194
DS06,SKU0121
DS06,SKU0128
DS06,SKU0087
DS06,SKU0035
DS06,SKU0059
DS06,SKU0079
DS06,SKU0011
DS06,SKU0037
DS06,SKU0179
DS06,SKU0210
DS06,SKU0002
DS06,SKU0096
DS06,SKU0091
DS06,SKU0213
DS06,SKU0068
DS06,SKU0253
DS06,SKU0167
DS06,SKU0215
DS06,SKU0197
DS06,SKU0191
DS06,SKU0238
DS06,SKU0222
DS06,SKU0051
DS06,SKU0205
DS06,SKU0114
DS06,SKU0131
DS06,SKU0115
DS06,SKU0190
DS06,SKU0073
DS06,SKU0010
DS06,SKU0069
DS06,SKU0028
DS06,SKU0184
DS06,SKU0239
DS06,SKU0193
DS06,SKU0006
DS06,SKU0044
DS06,SKU0174
DS06,SKU0082
DS06,SKU0026
DS06,SKU0144
DS06,SKU0129
DS06,SKU0188
DS06,SKU0149
DS06,SKU0099
DS06,SKU0180
DS06,SKU0008
DS06,SKU0232
DS06,SKU0045
DS06,SKU0003
DS06,SKU0001
DS06,SKU0162
DS06,SKU0004
DS06,SKU0038
DS06,SKU0072
DS06,SKU0142
DS06,SKU0116
DS06,SKU0015
DS06,SKU0005
DS06,SKU0104
DS06,SKU0034
DS06,SKU0042
DS06,SKU0053
DS06,SKU0185
DS06,SKU0250
DS06,SKU0009
DS06,SKU0017
DS06,SKU0054
DS06,SKU0159
DS06,SKU0154
DS06,SKU0093
DS06,SKU0136
DS06,SKU0100
DS06,SKU0165
DS06,SKU0070
DS06,SKU0204
DS06,SKU0183
DS06,SKU0231
DS06,SKU0168
DS06,SKU0186
DS06,SKU0158
DS06,SKU0077
DS06,SKU0252
DS06,SKU0031
DS06,SKU0089
DS06,SKU0067
DS06,SKU0041
DS06,SKU0110
DS06,SKU0025
DS06,SKU0130
DS06,SKU0105
DS07,SKU0261
DS07,SKU0176
DS07,SKU0161
DS07,SKU0266
DS07,SKU0117
DS07,SKU0122
DS07,SKU0172
DS07,SKU0095
DS07,SKU0094
DS07,SKU0076
DS07,SKU0127
DS07,SKU0106
DS07,SKU0219
DS07,SKU0143
DS07,SKU0018
DS07,SKU0032
DS07,SKU0061
DS07,SKU0212
DS07,SKU0023
DS07,SKU0012
DS07,SKU0256
DS07,SKU0085
DS07,SKU0013
DS07,SKU0169
DS07,SKU0132
DS07,SKU0218
DS07,SKU0043
DS07,SKU0066
DS07,SKU0113
DS07,SKU0103
DS07,SKU0134
DS07,SKU0259
DS07,SKU0209
DS07,SKU0050
DS07,SKU0181
DS07,SKU0135
DS07,SKU0016
DS07,SKU0081
DS07,SKU0257
DS07,SKU0195
DS07,SKU0049
DS07,SKU0030
DS07,SKU0236
DS07,SKU0242
DS07,SKU0251
DS07,SKU0147
DS07,SKU0230
DS07,SKU0200
DS07,SKU0225
DS07,SKU0046
DS07,SKU0092
DS07,SKU0240
DS07,SKU0260
DS07,SKU0264
DS07,SKU0226
DS07,SKU0156
DS07,SKU0086
DS07,SKU0022
DS07,SKU0198
DS07,SKU0138
DS07,SKU0194
DS07,SKU0121
DS07,SKU0145
DS07,SKU0128
DS07,SKU0087
DS07,SKU0035
DS07,SKU0059
DS07,SKU0079
DS07,SKU0179
DS07,SKU0210
DS07,SKU0002
DS07,SKU0096
DS07,SKU0207
DS07,SKU0091
DS07,SKU0213
DS07,SKU0047
DS07,SKU0068
DS07,SKU0253
DS07,SKU0167
DS07,SKU0215
DS07,SKU0191
DS07,SKU0238
DS07,SKU0222
DS07,SKU0051
DS07,SKU0205
DS07,SKU0114
DS07,SKU0131
DS07,SKU0190
DS07,SKU0073
DS07,SKU0010
DS07,SKU0069
DS07,SKU0052
DS07,SKU0028
DS07,SKU0184
DS07,SKU0239
DS07,SKU0193
DS07,SKU0029
DS07,SKU0006
DS07,SKU0044
DS07,SKU0174
DS07,SKU0082
DS07,SKU0021
DS07,SKU0144
DS07,SKU0129
DS07,SKU0188
DS07,SKU0149
DS07,SKU0099
DS07,SKU0180
DS07,SKU0008
DS07,SKU0232
DS07,SKU0045
DS07,SKU0003
DS07,SKU0001
DS07,SKU0162
DS07,SKU0004
DS07,SKU0038
DS07,SKU0072
DS07,SKU0142
DS07,SKU0116
DS07,SKU0015
DS07,SKU0005
DS07,SKU0104
DS07,SKU0034
DS07,SKU0042
DS07,SKU0053
DS07,SKU0185
DS07,SKU0250
DS07,SKU0009
DS07,SKU0017
DS07,SKU0254
DS07,SKU0054
DS07,SKU0159
DS07,SKU0154
DS07,SKU0093
DS07,SKU0136
DS07,SKU0100
DS07,SKU0165
DS07,SKU0090
DS07,SKU0070
DS07,SKU0204
DS07,SKU0183
DS07,SKU0231
DS07,SKU0168
DS07,SKU0186
DS07,SKU0158
DS07,SKU0252
DS07,SKU0031
DS07,SKU0089
DS07,SKU0067
DS07,SKU0041
DS07,SKU0110
DS07,SKU0130
DS07,SKU0105
DS07,SKU0062
DS07,SKU0160
DS07,SKU0241
DS07,SKU0083
DS08,SKU0261
DS08,SKU0176
DS08,SKU0161
DS08,SKU0266
DS08,SKU0117
DS08,SKU0122
DS08,SKU0172
DS08,SKU0095
DS08,SKU0094
DS08,SKU0076
DS08,SKU0127
DS08,SKU0106
DS08,SKU0219
DS08,SKU0143
DS08,SKU0018
DS08,SKU0032
DS08,SKU0061
DS08,SKU0212
DS08,SKU0023
DS08,SKU0012
DS08,SKU0256
DS08,SKU0085
DS08,SKU0013
DS08,SKU0169
DS08,SKU0132
DS08,SKU0218
DS08,SKU0043
DS08,SKU0066
DS08,SKU0113
DS08,SKU0103
DS08,SKU0134
DS08,SKU0259
DS08,SKU0209
DS08,SKU0050
DS08,SKU0181
DS08,SKU0135
DS08,SKU0016
DS08,SKU0081
DS08,SKU0257
DS08,SKU0195
DS08,SKU0049
DS08,SKU0030
DS08,SKU0236
DS08,SKU0242
DS08,SKU0251
DS08,SKU0147
DS08,SKU0230
DS08,SKU0200
DS08,SKU0225
DS08,SKU0046
DS08,SKU0092
DS08,SKU0240
DS08,SKU0260
DS08,SKU0264
DS08,SKU0226
DS08,SKU0156
DS08,SKU0086
DS08,SKU0022
DS08,SKU0198
DS08,SKU0138
DS08,SKU0194
DS08,SKU0121
DS08,SKU0145
DS08,SKU0128
DS08,SKU0035
DS08,SKU0059
DS08,SKU0079
DS08,SKU0011
DS08,SKU0037
DS08,SKU0179
DS08,SKU0210
DS08,SKU0063
DS08,SKU0002
DS08,SKU0096
DS08,SKU0207
DS08,SKU0091
DS08,SKU0213
DS08,SKU0047
DS08,SKU0068
DS08,SKU0167
DS08,SKU0215
DS08,SKU0197
DS08,SKU0191
DS08,SKU0238
DS08,SKU0051
DS08,SKU0205
DS08,SKU0114
DS08,SKU0131
DS08,SKU0115
DS08,SKU0190
DS08,SKU0073
DS08,SKU0010
DS08,SKU0069
DS08,SKU0052
DS08,SKU0028
DS08,SKU0184
DS08,SKU0239
DS08,SKU0029
DS08,SKU0006
DS08,SKU0044
DS08,SKU0174
DS08,SKU0082
DS08,SKU0021
DS08,SKU0144
DS08,SKU0129
DS08,SKU0188
DS08,SKU0149
DS08,SKU0099
DS08,SKU0180
DS08,SKU0008
DS08,SKU0232
DS08,SKU0045
DS08,SKU0003
DS08,SKU0001
DS08,SKU0162
DS08,SKU0004
DS08,SKU0038
DS08,SKU0142
DS08,SKU0116
DS08,SKU0015
DS08,SKU0005
DS08,SKU0104
DS08,SKU0034
DS08,SKU0042
DS08,SKU0053
DS08,SKU0185
DS08,SKU0250
DS08,SKU0009
DS08,SKU0017
DS08,SKU0254
DS08,SKU0054
DS08,SKU0159
DS08,SKU0154
DS08,SKU0093
DS08,SKU0136
DS08,SKU0100
DS08,SKU0165
DS08,SKU0070
DS08,SKU0204
DS08,SKU0183
DS08,SKU0168
