date,store_id,active_captains,orders_placed,orders_delivered,avg_delivery_min,capacity_orders,utilisation_pct,fleet_cost_aed
2025-01-02,DS01,3,19,18,18.7,54,35.2,396.0
2025-01-02,DS03,3,16,16,19.1,54,29.6,392.0
2025-01-02,DS05,3,11,11,20.7,54,20.4,382.0
2025-01-03,DS01,4,56,55,18.6,72,77.8,590.0
2025-01-03,DS02,3,38,36,19.3,54,70.4,432.0
2025-01-03,DS05,3,24,23,19.7,54,44.4,406.0
2025-01-04,DS02,4,51,47,21.6,72,70.8,574.0
2025-01-04,DS04,3,36,35,21.1,54,66.7,430.0
2025-01-04,DS05,3,33,33,18.5,54,61.1,426.0
2025-01-05,DS01,4,56,56,20.9,72,77.8,592.0
2025-01-05,DS03,4,64,64,18.8,72,88.9,608.0
2025-01-05,DS05,3,32,32,21.0,54,59.3,424.0
2025-01-05,DS07,3,43,41,32.6,54,79.6,442.0
2025-01-06,DS01,3,47,44,19.4,54,87.0,448.0
2025-01-06,DS03,4,56,56,20.0,72,77.8,592.0
2025-01-06,DS05,3,30,29,20.3,54,55.6,418.0
2025-01-06,DS06,3,21,21,19.4,54,38.9,402.0
2025-01-08,DS01,8,111,109,20.1,144,77.1,1178.0
2025-01-08,DS04,6,77,76,21.4,108,71.3,872.0
2025-01-08,DS06,3,49,49,20.8,54,90.7,458.0
2025-01-08,DS07,4,92,88,31.8,72,127.8,656.0
2025-01-09,DS02,6,92,89,20.3,108,85.2,898.0
2025-01-09,DS03,10,141,137,18.5,180,78.3,1474.0
2025-01-09,DS05,5,66,63,19.8,90,73.3,726.0
2025-01-09,DS07,4,88,80,30.4,72,122.2,640.0
2025-01-09,DS08,5,72,72,20.2,90,80.0,744.0
2025-01-10,DS06,4,53,53,21.3,72,73.6,586.0
2025-01-10,DS07,6,123,108,32.1,108,113.9,936.0
2025-01-10,DS08,4,69,67,20.3,72,95.8,614.0
2025-01-11,DS01,9,137,132,19.3,162,84.6,1344.0
2025-01-11,DS04,7,87,84,20.2,126,69.0,1008.0
2025-01-11,DS07,5,111,108,30.2,90,123.3,816.0
2025-01-11,DS08,4,66,64,20.4,72,91.7,608.0
2025-01-12,DS04,5,74,70,23.3,90,82.2,740.0
2025-01-12,DS08,4,59,55,19.9,72,81.9,590.0
2025-01-13,DS02,4,71,69,19.3,72,98.6,618.0
2025-01-13,DS07,3,79,68,32.9,54,146.3,496.0
2025-01-13,DS08,3,46,46,19.9,54,85.2,452.0
2025-01-14,DS01,6,86,84,19.6,108,79.6,888.0
2025-01-14,DS03,7,107,105,19.7,126,84.9,1050.0
2025-01-14,DS04,5,71,71,20.2,90,78.9,742.0
2025-01-14,DS05,4,59,59,20.6,72,81.9,598.0
2025-01-14,DS06,3,34,34,20.6,54,63.0,428.0
2025-01-14,DS07,4,81,76,33.7,72,112.5,632.0
2025-01-15,DS05,4,62,58,20.3,72,86.1,596.0
2025-01-15,DS06,3,38,37,22.6,54,70.4,434.0
2025-01-15,DS07,3,90,82,31.6,54,166.7,524.0
2025-01-15,DS08,4,59,55,20.5,72,81.9,590.0
2025-01-16,DS04,6,88,85,19.8,108,81.5,890.0
2025-01-16,DS06,3,50,49,20.3,54,92.6,458.0
2025-01-16,DS07,4,94,83,32.4,72,130.6,646.0
2025-01-17,DS02,8,107,102,19.4,144,74.3,1164.0
2025-01-17,DS05,5,72,69,20.4,90,80.0,738.0
2025-01-17,DS06,4,58,58,22.0,72,80.6,596.0
2025-01-17,DS08,6,77,72,21.0,108,71.3,864.0
2025-01-18,DS04,6,92,88,19.4,108,85.2,896.0
2025-01-18,DS05,6,81,77,19.3,108,75.0,874.0
2025-01-18,DS07,5,121,111,31.5,90,134.4,822.0
2025-01-19,DS01,7,108,104,19.9,126,85.7,1048.0
2025-01-19,DS05,4,58,58,19.8,72,80.6,596.0
2025-01-19,DS06,3,43,39,20.0,54,79.6,438.0
2025-01-19,DS07,4,90,82,30.5,72,125.0,644.0
2025-01-20,DS04,4,65,63,18.8,72,90.3,606.0
2025-01-20,DS07,3,74,68,32.9,54,137.0,496.0
2025-01-20,DS08,4,58,57,21.2,72,80.6,594.0
2025-01-21,DS05,3,49,47,20.1,54,90.7,454.0
2025-01-21,DS06,3,44,43,21.2,54,81.5,446.0
2025-01-21,DS07,3,76,72,32.1,54,140.7,504.0
2025-01-22,DS02,6,84,83,20.1,108,77.8,886.0
2025-01-22,DS03,9,128,123,18.3,162,79.0,1326.0
2025-01-22,DS07,4,96,90,31.6,72,133.3,660.0
2025-01-23,DS03,9,139,134,19.0,162,85.8,1348.0
2025-01-23,DS05,4,60,60,20.5,72,83.3,600.0
2025-01-23,DS06,4,51,50,21.5,72,70.8,580.0
2025-01-24,DS03,11,161,156,19.7,198,81.3,1632.0
2025-01-24,DS04,7,92,91,20.7,126,73.0,1022.0
2025-01-24,DS05,5,79,77,20.1,90,87.8,754.0
2025-01-24,DS06,4,62,61,19.2,72,86.1,602.0
2025-01-24,DS08,6,76,74,20.5,108,70.4,868.0
2025-01-25,DS01,11,139,135,20.9,198,70.2,1590.0
2025-01-25,DS02,8,117,115,19.5,144,81.2,1190.0
2025-01-25,DS03,11,158,155,19.0,198,79.8,1630.0
2025-01-25,DS04,7,94,92,21.4,126,74.6,1024.0
2025-01-25,DS05,5,78,74,19.3,90,86.7,748.0
2025-01-25,DS06,4,54,53,22.6,72,75.0,586.0
2025-01-25,DS07,5,116,105,31.8,90,128.9,810.0
2025-01-25,DS08,6,76,75,21.3,108,70.4,870.0
2025-01-26,DS01,8,112,108,19.7,144,77.8,1176.0
2025-01-26,DS02,6,86,83,18.4,108,79.6,886.0
2025-01-26,DS03,10,138,136,19.6,180,76.7,1472.0
2025-01-26,DS04,5,72,69,20.1,90,80.0,738.0
2025-01-26,DS05,4,67,66,20.3,72,93.1,612.0
2025-01-27,DS01,5,89,88,19.0,90,98.9,776.0
2025-01-27,DS04,4,64,64,20.7,72,88.9,608.0
2025-01-27,DS07,3,76,71,30.2,54,140.7,502.0
2025-01-27,DS08,3,44,41,19.6,54,81.5,442.0
2025-01-28,DS03,9,119,114,18.8,162,73.5,1308.0
2025-01-28,DS05,4,54,53,21.1,72,75.0,586.0
2025-01-28,DS06,3,46,45,21.6,54,85.2,450.0
2025-01-28,DS07,4,82,79,31.8,72,113.9,638.0
2025-01-29,DS02,6,84,82,19.9,108,77.8,884.0
2025-01-29,DS04,5,74,69,21.3,90,82.2,738.0
2025-01-30,DS01,8,113,108,19.8,144,78.5,1176.0
2025-01-30,DS03,9,143,138,19.0,162,88.3,1356.0
2025-01-30,DS04,5,77,73,20.4,90,85.6,746.0
2025-01-30,DS06,3,42,42,19.6,54,77.8,444.0
2025-01-30,DS08,4,61,59,22.3,72,84.7,598.0
2025-01-31,DS06,4,57,56,19.3,72,79.2,592.0
2025-02-01,DS01,9,133,128,19.0,162,82.1,1336.0
2025-02-01,DS02,8,119,119,20.2,144,82.6,1198.0
2025-02-01,DS04,7,96,89,21.1,126,76.2,1018.0
2025-02-01,DS05,4,79,77,20.1,72,109.7,634.0
2025-02-01,DS08,5,75,72,20.3,90,83.3,744.0
2025-02-02,DS05,4,65,65,21.2,72,90.3,610.0
2025-02-02,DS06,4,51,51,23.3,72,70.8,582.0
2025-02-02,DS08,4,60,59,20.5,72,83.3,598.0
2025-02-03,DS04,5,60,57,20.5,90,66.7,714.0
2025-02-03,DS07,4,86,80,29.0,72,119.4,640.0
2025-02-03,DS08,3,47,45,21.6,54,87.0,450.0
2025-02-04,DS03,8,123,121,19.0,144,85.4,1202.0
2025-02-04,DS04,5,71,69,20.7,90,78.9,738.0
2025-02-04,DS05,4,51,51,20.0,72,70.8,582.0
2025-02-04,DS07,4,82,76,32.0,72,113.9,632.0
2025-02-05,DS04,5,71,65,21.0,90,78.9,730.0
2025-02-05,DS05,4,61,58,20.8,72,84.7,596.0
2025-02-05,DS07,4,92,88,32.6,72,127.8,656.0
2025-02-05,DS08,5,60,60,21.1,90,66.7,720.0
2025-02-06,DS01,8,115,111,19.4,144,79.9,1182.0
2025-02-06,DS02,7,99,97,18.7,126,78.6,1034.0
2025-02-06,DS04,7,91,90,21.1,126,72.2,1020.0
2025-02-06,DS05,5,66,64,20.0,90,73.3,728.0
2025-02-07,DS02,8,114,108,19.7,144,79.2,1176.0
2025-02-07,DS04,6,96,93,19.6,108,88.9,906.0
2025-02-07,DS08,6,80,77,21.2,108,74.1,874.0
2025-02-08,DS01,9,142,138,19.6,162,87.7,1356.0
2025-02-08,DS03,11,173,168,19.0,198,87.4,1656.0
2025-02-08,DS05,6,80,79,20.5,108,74.1,878.0
2025-02-08,DS06,4,52,51,21.5,72,72.2,582.0
2025-02-09,DS02,5,79,79,20.4,90,87.8,758.0
2025-02-09,DS06,3,39,38,21.0,54,72.2,436.0
2025-02-10,DS02,4,71,71,19.1,72,98.6,622.0
2025-02-10,DS03,7,104,102,18.3,126,82.5,1044.0
2025-02-10,DS04,5,67,65,20.2,90,74.4,730.0
2025-02-10,DS06,3,39,39,21.5,54,72.2,438.0
2025-02-10,DS07,4,83,76,33.5,72,115.3,632.0
2025-02-11,DS01,6,97,94,19.2,108,89.8,908.0
2025-02-11,DS05,5,62,60,19.8,90,68.9,720.0
2025-02-11,DS06,3,48,46,22.0,54,88.9,452.0
2025-02-11,DS07,3,79,73,33.6,54,146.3,506.0
2025-02-12,DS01,7,98,95,20.2,126,77.8,1030.0
2025-02-13,DS01,8,117,114,20.4,144,81.2,1188.0
2025-02-13,DS03,10,144,139,19.4,180,80.0,1478.0
2025-02-13,DS04,5,79,75,19.6,90,87.8,750.0
2025-02-13,DS05,4,63,61,20.0,72,87.5,602.0
2025-02-13,DS06,4,49,46,21.8,72,68.1,572.0
2025-02-13,DS07,4,97,90,30.4,72,134.7,660.0
2025-02-14,DS02,7,111,108,20.0,126,88.1,1056.0
2025-02-14,DS03,10,173,166,19.2,180,96.1,1532.0
2025-02-15,DS03,12,173,170,18.4,216,80.1,1780.0
2025-02-15,DS05,6,80,76,20.2,108,74.1,872.0
2025-02-15,DS07,5,111,100,32.7,90,123.3,800.0
2025-02-15,DS08,6,80,79,20.7,108,74.1,878.0
2025-02-16,DS01,9,127,127,19.8,162,78.4,1334.0
2025-02-16,DS02,5,92,91,18.9,90,102.2,782.0
2025-02-16,DS03,9,135,134,18.6,162,83.3,1348.0
2025-02-16,DS04,5,76,74,21.7,90,84.4,748.0
2025-02-16,DS06,3,45,43,20.7,54,83.3,446.0
2025-02-16,DS08,4,59,56,21.1,72,81.9,592.0
2025-02-17,DS02,4,70,69,20.2,72,97.2,618.0
2025-02-17,DS03,7,107,103,19.9,126,84.9,1046.0
2025-02-17,DS05,4,54,54,20.4,72,75.0,588.0
2025-02-17,DS07,4,81,74,32.6,72,112.5,628.0
2025-02-17,DS08,3,50,50,20.2,54,92.6,460.0
2025-02-18,DS01,6,89,86,19.8,108,82.4,892.0
2025-02-18,DS02,5,75,75,20.5,90,83.3,750.0
2025-02-18,DS03,7,117,116,18.7,126,92.9,1072.0
2025-02-18,DS06,3,35,33,22.4,54,64.8,426.0
2025-02-19,DS03,10,143,143,19.0,180,79.4,1486.0
2025-02-19,DS04,6,89,89,20.6,108,82.4,898.0
2025-02-19,DS06,3,49,49,20.6,54,90.7,458.0
2025-02-20,DS01,9,121,120,19.5,162,74.7,1320.0
2025-02-20,DS02,7,102,101,19.9,126,81.0,1042.0
2025-02-20,DS04,6,90,86,19.7,108,83.3,892.0
2025-02-20,DS06,4,54,51,21.9,72,75.0,582.0
2025-02-20,DS07,4,110,102,31.0,72,152.8,684.0
2025-02-21,DS01,10,141,139,20.1,180,78.3,1478.0
2025-02-21,DS06,4,62,57,19.6,72,86.1,594.0
2025-02-21,DS08,6,81,78,20.7,108,75.0,876.0
2025-02-22,DS03,14,183,181,19.3,252,72.6,2042.0
2025-02-22,DS05,6,79,75,19.1,108,73.1,870.0
2025-02-22,DS07,6,129,122,32.8,108,119.4,964.0
2025-02-22,DS08,5,76,76,20.0,90,84.4,752.0
2025-02-23,DS01,7,110,106,20.2,126,87.3,1052.0
2025-02-23,DS04,6,78,76,19.7,108,72.2,872.0
2025-02-23,DS05,4,62,60,20.6,72,86.1,600.0
2025-02-23,DS08,4,59,57,21.9,72,81.9,594.0
2025-02-24,DS03,8,117,113,18.2,144,81.2,1186.0
2025-02-24,DS04,5,65,63,21.5,90,72.2,726.0
2025-02-24,DS06,3,41,39,20.5,54,75.9,438.0
2025-02-24,DS07,3,75,70,31.2,54,138.9,500.0
2025-02-24,DS08,4,54,52,19.8,72,75.0,584.0
2025-02-25,DS01,7,102,100,19.3,126,81.0,1040.0
2025-02-25,DS02,7,89,88,20.6,126,70.6,1016.0
2025-02-25,DS07,4,94,89,31.2,72,130.6,658.0
2025-02-25,DS08,4,56,55,20.3,72,77.8,590.0
2025-02-26,DS01,8,120,119,18.8,144,83.3,1198.0
2025-02-26,DS02,7,97,96,19.6,126,77.0,1032.0
2025-02-26,DS03,9,133,128,18.3,162,82.1,1336.0
2025-02-26,DS05,5,66,65,19.4,90,73.3,730.0
2025-02-26,DS06,3,45,45,21.0,54,83.3,450.0
2025-02-26,DS07,4,93,88,30.1,72,129.2,656.0
2025-02-27,DS01,7,117,114,19.8,126,92.9,1068.0
2025-02-27,DS02,6,94,91,19.6,108,87.0,902.0
2025-02-27,DS03,10,146,141,17.8,180,81.1,1482.0
2025-02-27,DS04,6,88,87,21.2,108,81.5,894.0
2025-02-27,DS05,5,72,70,19.1,90,80.0,740.0
2025-02-27,DS06,3,51,49,21.0,54,94.4,458.0
2025-02-27,DS07,5,99,90,34.0,90,110.0,780.0
2025-02-27,DS08,4,66,62,20.7,72,91.7,604.0
2025-02-28,DS01,10,148,144,20.6,180,82.2,1488.0
2025-02-28,DS03,13,181,179,18.9,234,77.4,1918.0
2025-02-28,DS04,8,108,105,21.1,144,75.0,1170.0
2025-02-28,DS05,6,83,79,19.5,108,76.9,878.0
2025-02-28,DS06,5,67,63,21.6,90,74.4,726.0
2025-03-01,DS05,7,114,109,19.5,126,90.5,1058.0
2025-03-01,DS07,7,171,158,31.0,126,135.7,1156.0
2025-03-02,DS03,12,166,163,18.6,216,76.9,1766.0
2025-03-02,DS05,6,86,84,21.6,108,79.6,888.0
2025-03-02,DS08,6,84,83,20.9,108,77.8,886.0
2025-03-03,DS05,5,69,68,19.9,90,76.7,736.0
2025-03-03,DS06,5,63,60,21.9,90,70.0,720.0
2025-03-03,DS07,4,99,92,33.1,72,137.5,664.0
2025-03-03,DS08,5,77,77,20.6,90,85.6,754.0
2025-03-04,DS01,8,115,115,20.0,144,79.9,1190.0
2025-03-04,DS03,10,146,141,19.0,180,81.1,1482.0
2025-03-04,DS05,5,74,73,19.0,90,82.2,746.0
2025-03-04,DS08,5,69,68,20.5,90,76.7,736.0
2025-03-05,DS03,13,187,186,19.5,234,79.9,1932.0
2025-03-05,DS05,6,96,92,19.4,108,88.9,904.0
2025-03-05,DS07,5,126,108,30.5,90,140.0,816.0
2025-03-05,DS08,6,80,75,21.2,108,74.1,870.0
2025-03-06,DS01,10,155,153,19.1,180,86.1,1506.0
2025-03-06,DS04,7,106,100,21.6,126,84.1,1040.0
2025-03-06,DS08,7,98,95,21.4,126,77.8,1030.0
2025-03-07,DS01,13,206,202,20.0,234,88.0,1964.0
2025-03-07,DS02,9,156,154,19.8,162,96.3,1388.0
2025-03-07,DS03,16,225,222,19.8,288,78.1,2364.0
2025-03-07,DS05,8,123,121,20.4,144,85.4,1202.0
2025-03-07,DS06,6,76,74,20.8,108,70.4,868.0
2025-03-08,DS04,9,138,133,20.7,162,85.2,1346.0
2025-03-08,DS05,8,114,108,19.9,144,79.2,1176.0
2025-03-08,DS07,7,153,143,32.5,126,121.4,1126.0
2025-03-08,DS08,6,99,96,19.6,108,91.7,912.0
2025-03-09,DS04,8,119,117,21.5,144,82.6,1194.0
2025-03-09,DS05,6,92,89,20.6,108,85.2,898.0
2025-03-09,DS06,5,64,64,19.6,90,71.1,728.0
2025-03-10,DS01,8,122,118,19.8,144,84.7,1196.0
2025-03-10,DS04,7,98,98,20.4,126,77.8,1036.0
2025-03-10,DS05,5,71,70,20.6,90,78.9,740.0
2025-03-10,DS06,4,53,51,20.6,72,73.6,582.0
2025-03-11,DS01,9,134,133,20.1,162,82.7,1346.0
2025-03-11,DS02,7,101,99,21.0,126,80.2,1038.0
2025-03-11,DS03,13,172,166,19.1,234,73.5,1892.0
2025-03-11,DS04,7,96,94,21.2,126,76.2,1028.0
2025-03-11,DS07,5,113,101,29.9,90,125.6,802.0
2025-03-12,DS02,8,129,126,19.1,144,89.6,1212.0
2025-03-13,DS02,9,134,131,20.2,162,82.7,1342.0
2025-03-13,DS03,15,218,215,19.5,270,80.7,2230.0
2025-03-13,DS05,6,89,86,20.1,108,82.4,892.0
2025-03-13,DS06,5,74,72,21.0,90,82.2,744.0
2025-03-14,DS01,12,200,198,20.0,216,92.6,1836.0
2025-03-14,DS02,12,182,179,19.7,216,84.3,1798.0
2025-03-14,DS04,11,159,155,20.9,198,80.3,1630.0
2025-03-14,DS05,8,119,117,20.0,144,82.6,1194.0
2025-03-15,DS02,10,160,156,19.9,180,88.9,1512.0
2025-03-15,DS03,17,246,241,19.0,306,80.4,2522.0
2025-03-15,DS05,8,108,107,21.4,144,75.0,1174.0
2025-03-15,DS07,8,176,164,32.3,144,122.2,1288.0
2025-03-16,DS01,12,166,163,20.2,216,76.9,1766.0
2025-03-16,DS04,7,114,111,20.4,126,90.5,1062.0
2025-03-16,DS05,7,86,85,20.1,126,68.3,1010.0
2025-03-16,DS07,6,134,124,31.1,108,124.1,968.0
2025-03-17,DS01,8,126,123,20.7,144,87.5,1206.0
2025-03-17,DS03,11,169,166,19.2,198,85.4,1652.0
2025-03-17,DS05,6,82,79,20.0,108,75.9,878.0
2025-03-18,DS01,11,138,134,19.3,198,69.7,1588.0
2025-03-18,DS03,12,164,160,19.2,216,75.9,1760.0
2025-03-18,DS04,6,97,94,20.0,108,89.8,908.0
2025-03-19,DS02,9,126,124,19.7,162,77.8,1328.0
2025-03-19,DS05,6,89,87,21.2,108,82.4,894.0
2025-03-19,DS08,6,79,77,21.2,108,73.1,874.0
2025-03-20,DS01,10,165,162,19.0,180,91.7,1524.0
2025-03-20,DS04,8,114,111,19.8,144,79.2,1182.0
2025-03-20,DS05,7,101,100,20.1,126,80.2,1040.0
2025-03-20,DS07,6,140,124,33.4,108,129.6,968.0
2025-03-21,DS03,18,256,249,18.6,324,79.0,2658.0
2025-03-21,DS07,9,177,160,32.5,162,109.3,1400.0
2025-03-21,DS08,8,119,117,21.9,144,82.6,1194.0
2025-03-22,DS01,15,221,216,19.2,270,81.9,2232.0
2025-03-22,DS04,11,148,146,20.5,198,74.7,1612.0
2025-03-22,DS05,9,124,121,20.4,162,76.5,1322.0
2025-03-22,DS06,5,77,76,19.8,90,85.6,752.0
2025-03-22,DS07,9,189,176,31.0,162,116.7,1432.0
2025-03-23,DS01,11,156,154,19.6,198,78.8,1628.0
2025-03-23,DS04,9,120,115,20.9,162,74.1,1310.0
2025-03-23,DS05,7,96,91,20.0,126,76.2,1022.0
2025-03-24,DS01,8,124,122,19.4,144,86.1,1204.0
2025-03-24,DS02,7,97,94,19.7,126,77.0,1028.0
2025-03-24,DS04,6,93,91,21.5,108,86.1,902.0
2025-03-24,DS05,5,80,80,20.8,90,88.9,760.0
2025-03-24,DS06,4,59,56,20.7,72,81.9,592.0
2025-03-25,DS03,12,174,170,18.7,216,80.6,1780.0
2025-03-25,DS06,5,64,63,23.2,90,71.1,726.0
2025-03-25,DS07,5,116,107,31.3,90,128.9,814.0
2025-03-26,DS01,11,168,162,20.5,198,84.8,1644.0
2025-03-26,DS03,12,188,184,19.6,216,87.0,1808.0
2025-03-26,DS04,8,116,112,21.0,144,80.6,1184.0
2025-03-26,DS05,7,90,85,21.0,126,71.4,1010.0
2025-03-26,DS06,5,63,60,20.8,90,70.0,720.0
2025-03-26,DS07,6,131,117,32.3,108,121.3,954.0
2025-03-27,DS01,12,174,172,20.6,216,80.6,1784.0
2025-03-27,DS03,15,225,221,18.9,270,83.3,2242.0
2025-03-27,DS05,7,94,91,18.5,126,74.6,1022.0
2025-03-27,DS07,8,160,148,31.3,144,111.1,1256.0
2025-03-28,DS02,11,177,173,20.5,198,89.4,1666.0
2025-03-28,DS05,8,130,127,21.0,144,90.3,1214.0
2025-03-28,DS08,8,117,116,21.7,144,81.2,1192.0
2025-03-29,DS03,19,252,248,19.1,342,73.7,2776.0
2025-03-29,DS04,10,160,158,21.3,180,88.9,1516.0
2025-03-29,DS07,8,171,156,31.5,144,118.8,1272.0
2025-03-29,DS08,8,115,108,20.7,144,79.9,1176.0
2025-03-30,DS04,8,114,109,19.9,144,79.2,1178.0
2025-03-30,DS05,7,96,91,20.4,126,76.2,1022.0
2025-03-30,DS06,4,63,61,19.0,72,87.5,602.0
2025-03-31,DS01,10,144,143,19.2,180,80.0,1486.0
2025-03-31,DS02,6,95,93,20.6,108,88.0,906.0
2025-03-31,DS04,8,102,101,20.2,144,70.8,1162.0
2025-04-01,DS02,8,107,105,20.3,144,74.3,1170.0
2025-04-01,DS05,4,74,72,18.8,72,102.8,624.0
2025-04-01,DS06,4,63,63,22.7,72,87.5,606.0
2025-04-01,DS07,5,107,97,29.2,90,118.9,794.0
2025-04-01,DS08,6,83,82,20.7,108,76.9,884.0
2025-04-02,DS01,8,116,113,19.3,144,80.6,1186.0
2025-04-02,DS02,6,101,98,20.9,108,93.5,916.0
2025-04-02,DS03,10,148,144,18.5,180,82.2,1488.0
2025-04-02,DS04,6,78,77,20.1,108,72.2,874.0
2025-04-02,DS08,4,66,65,22.4,72,91.7,610.0
2025-04-03,DS02,7,101,99,20.1,126,80.2,1038.0
2025-04-03,DS03,10,155,150,19.0,180,86.1,1500.0
2025-04-03,DS05,6,83,81,19.8,108,76.9,882.0
2025-04-03,DS07,5,100,92,29.9,90,111.1,784.0
2025-04-03,DS08,4,64,60,20.1,72,88.9,600.0
2025-04-04,DS01,10,161,158,20.3,180,89.4,1516.0
2025-04-04,DS02,9,129,125,21.0,162,79.6,1330.0
2025-04-04,DS03,15,200,196,19.2,270,74.1,2192.0
2025-04-04,DS04,7,109,107,20.3,126,86.5,1054.0
2025-04-04,DS05,6,81,76,20.5,108,75.0,872.0
2025-04-04,DS07,6,137,121,33.6,108,126.9,962.0
2025-04-05,DS01,13,174,167,20.3,234,74.4,1894.0
2025-04-05,DS02,8,126,123,20.3,144,87.5,1206.0
2025-04-05,DS03,14,194,190,18.7,252,77.0,2060.0
2025-04-05,DS05,6,96,92,19.7,108,88.9,904.0
2025-04-05,DS06,4,64,60,21.6,72,88.9,600.0
2025-04-05,DS07,6,131,122,32.1,108,121.3,964.0
2025-04-05,DS08,6,90,88,20.5,108,83.3,896.0
2025-04-06,DS01,9,125,121,20.1,162,77.2,1322.0
2025-04-06,DS03,10,149,146,19.3,180,82.8,1492.0
2025-04-06,DS06,4,52,52,22.8,72,72.2,584.0
2025-04-06,DS08,6,77,75,20.4,108,71.3,870.0
2025-04-07,DS01,7,92,89,20.0,126,73.0,1018.0
2025-04-07,DS03,9,122,118,19.7,162,75.3,1316.0
2025-04-07,DS08,3,48,45,21.5,54,88.9,450.0
2025-04-08,DS01,8,106,102,20.6,144,73.6,1164.0
2025-04-08,DS02,6,84,80,18.6,108,77.8,880.0
2025-04-08,DS03,8,125,122,18.7,144,86.8,1204.0
2025-04-08,DS06,3,39,38,23.5,54,72.2,436.0
2025-04-08,DS07,4,97,88,32.9,72,134.7,656.0
2025-04-09,DS03,10,141,138,19.3,180,78.3,1476.0
2025-04-09,DS05,4,66,66,21.1,72,91.7,612.0
2025-04-10,DS02,7,101,99,19.9,126,80.2,1038.0
2025-04-10,DS03,11,157,157,20.2,198,79.3,1634.0
2025-04-10,DS05,5,67,66,20.3,90,74.4,732.0
2025-04-10,DS06,4,55,54,20.7,72,76.4,588.0
2025-04-11,DS04,8,115,114,20.1,144,79.9,1188.0
2025-04-11,DS07,5,150,136,30.3,90,166.7,872.0
2025-04-12,DS01,10,169,168,20.0,180,93.9,1536.0
2025-04-12,DS02,8,126,124,19.2,144,87.5,1208.0
2025-04-12,DS03,12,193,191,19.4,216,89.4,1822.0
2025-04-12,DS04,8,107,105,20.8,144,74.3,1170.0
2025-04-12,DS05,6,88,84,20.0,108,81.5,888.0
2025-04-12,DS06,5,78,74,21.6,90,86.7,748.0
2025-04-12,DS08,6,86,86,21.2,108,79.6,892.0
2025-04-13,DS07,5,104,93,32.1,90,115.6,786.0
2025-04-14,DS04,5,71,69,21.7,90,78.9,738.0
2025-04-14,DS05,4,59,56,20.5,72,81.9,592.0
2025-04-14,DS06,3,49,47,21.4,54,90.7,454.0
2025-04-15,DS01,8,117,113,18.7,144,81.2,1186.0
2025-04-15,DS04,6,73,72,17.9,108,67.6,864.0
2025-04-15,DS05,4,61,60,20.3,72,84.7,600.0
2025-04-16,DS01,8,125,122,18.5,144,86.8,1204.0
2025-04-16,DS02,6,101,101,20.8,108,93.5,922.0
2025-04-16,DS05,5,78,76,20.6,90,86.7,752.0
2025-04-16,DS07,4,101,91,31.0,72,140.3,662.0
2025-04-17,DS01,10,139,136,20.7,180,77.2,1472.0
2025-04-17,DS02,7,104,102,18.4,126,82.5,1044.0
2025-04-17,DS03,11,160,159,18.6,198,80.8,1638.0
2025-04-17,DS06,4,56,55,20.8,72,77.8,590.0
2025-04-17,DS08,5,73,71,22.3,90,81.1,742.0
2025-04-18,DS01,12,165,160,20.7,216,76.4,1760.0
2025-04-18,DS05,6,90,88,19.9,108,83.3,896.0
2025-04-18,DS07,7,136,129,32.1,126,107.9,1098.0
2025-04-18,DS08,7,96,94,21.7,126,76.2,1028.0
2025-04-19,DS03,12,193,192,19.3,216,89.4,1824.0
2025-04-19,DS05,7,107,105,20.3,126,84.9,1050.0
2025-04-19,DS07,6,149,132,33.1,108,138.0,984.0
2025-04-19,DS08,5,84,82,19.4,90,93.3,764.0
2025-04-20,DS01,10,132,128,19.8,180,73.3,1456.0
2025-04-20,DS05,4,69,68,21.4,72,95.8,616.0
2025-04-20,DS08,5,72,70,21.3,90,80.0,740.0
2025-04-21,DS05,4,55,53,20.2,72,76.4,586.0
2025-04-21,DS08,4,55,53,19.5,72,76.4,586.0
2025-04-22,DS02,6,95,91,20.2,108,88.0,902.0
2025-04-22,DS04,5,75,72,20.8,90,83.3,744.0
2025-04-22,DS05,4,61,59,19.7,72,84.7,598.0
2025-04-22,DS08,4,61,60,19.8,72,84.7,600.0
2025-04-23,DS02,7,97,97,20.6,126,77.0,1034.0
2025-04-23,DS03,11,154,150,18.9,198,77.8,1620.0
2025-04-23,DS05,5,73,72,20.9,90,81.1,744.0
2025-04-23,DS08,5,69,68,21.3,90,76.7,736.0
2025-04-24,DS01,10,147,143,20.2,180,81.7,1486.0
2025-04-24,DS02,8,115,115,19.8,144,79.9,1190.0
2025-04-24,DS03,12,170,166,19.5,216,78.7,1772.0
2025-04-24,DS08,6,83,82,20.2,108,76.9,884.0
2025-04-25,DS01,12,173,170,20.4,216,80.1,1780.0
2025-04-25,DS02,9,131,128,19.8,162,80.9,1336.0
2025-04-25,DS06,4,65,62,21.1,72,90.3,604.0
2025-04-25,DS07,6,136,124,31.2,108,125.9,968.0
2025-04-26,DS04,7,104,101,21.0,126,82.5,1042.0
2025-04-27,DS01,8,129,127,19.6,144,89.6,1214.0
2025-04-27,DS02,6,93,91,19.4,108,86.1,902.0
2025-04-27,DS08,5,70,68,21.4,90,77.8,736.0
2025-04-28,DS01,7,101,98,20.1,126,80.2,1036.0
2025-04-28,DS02,6,83,81,19.9,108,76.9,882.0
2025-04-28,DS05,5,68,68,19.3,90,75.6,736.0
2025-04-28,DS06,3,47,47,20.5,54,87.0,454.0
2025-04-28,DS07,3,81,79,30.9,54,150.0,518.0
2025-04-28,DS08,4,61,61,21.4,72,84.7,602.0
2025-04-29,DS04,6,78,75,19.9,108,72.2,870.0
2025-04-29,DS08,4,64,62,20.4,72,88.9,604.0
2025-04-30,DS02,7,107,107,19.2,126,84.9,1054.0
2025-04-30,DS03,10,142,136,20.0,180,78.9,1472.0
2025-04-30,DS04,6,90,87,21.8,108,83.3,894.0
2025-04-30,DS06,4,55,53,19.6,72,76.4,586.0
2025-04-30,DS07,4,104,98,31.7,72,144.4,676.0
2025-04-30,DS08,4,69,69,20.4,72,95.8,618.0
2025-05-01,DS08,6,79,76,21.3,108,73.1,872.0
2025-05-02,DS02,8,131,130,19.7,144,91.0,1220.0
2025-05-02,DS03,13,212,203,19.1,234,90.6,1966.0
2025-05-02,DS05,7,102,99,20.9,126,81.0,1038.0
2025-05-03,DS04,7,105,102,20.5,126,83.3,1044.0
2025-05-03,DS07,7,135,120,30.5,126,107.1,1080.0
2025-05-04,DS02,7,104,100,19.2,126,82.5,1040.0
2025-05-04,DS03,10,158,154,19.1,180,87.8,1508.0
2025-05-04,DS04,6,93,90,20.6,108,86.1,900.0
2025-05-04,DS06,3,48,47,21.1,54,88.9,454.0
2025-05-04,DS08,4,61,61,21.2,72,84.7,602.0
2025-05-05,DS01,7,93,92,20.2,126,73.8,1024.0
2025-05-05,DS02,5,78,76,20.2,90,86.7,752.0
2025-05-05,DS04,5,81,80,19.0,90,90.0,760.0
2025-05-05,DS06,4,51,50,21.8,72,70.8,580.0
2025-05-05,DS08,5,68,66,19.9,90,75.6,732.0
2025-05-06,DS01,8,114,113,19.5,144,79.2,1186.0
2025-05-06,DS02,6,86,84,18.5,108,79.6,888.0
2025-05-06,DS03,8,131,129,19.5,144,91.0,1218.0
2025-05-06,DS06,3,46,44,22.4,54,85.2,448.0
2025-05-07,DS01,8,128,125,20.2,144,88.9,1210.0
2025-05-07,DS03,10,161,159,19.6,180,89.4,1518.0
2025-05-07,DS06,4,57,52,23.1,72,79.2,584.0
2025-05-08,DS01,9,132,130,19.5,162,81.5,1340.0
2025-05-08,DS03,12,170,165,19.3,216,78.7,1770.0
2025-05-08,DS05,5,70,69,20.6,90,77.8,738.0
2025-05-08,DS08,5,82,80,20.4,90,91.1,760.0
2025-05-09,DS01,10,164,163,19.1,180,91.1,1526.0
2025-05-09,DS06,5,72,72,21.9,90,80.0,744.0
2025-05-09,DS08,8,105,105,20.8,144,72.9,1170.0
2025-05-10,DS06,6,77,74,20.2,108,71.3,868.0
2025-05-11,DS01,9,123,120,20.1,162,75.9,1320.0
2025-05-11,DS07,5,109,101,33.1,90,121.1,802.0
2025-05-11,DS08,5,68,66,20.8,90,75.6,732.0
2025-05-12,DS01,8,105,102,20.0,144,72.9,1164.0
2025-05-12,DS02,5,79,78,19.5,90,87.8,756.0
2025-05-12,DS03,9,129,128,20.2,162,79.6,1336.0
2025-05-13,DS03,9,133,131,19.3,162,82.1,1342.0
2025-05-13,DS04,6,88,84,20.0,108,81.5,888.0
2025-05-13,DS07,5,104,102,31.2,90,115.6,804.0
2025-05-14,DS02,7,105,102,21.6,126,83.3,1044.0
2025-05-14,DS03,11,160,156,18.4,198,80.8,1632.0
2025-05-14,DS06,4,55,52,21.5,72,76.4,584.0
2025-05-14,DS07,5,104,99,31.5,90,115.6,798.0
2025-05-15,DS04,7,102,100,20.6,126,81.0,1040.0
2025-05-15,DS05,5,73,72,20.5,90,81.1,744.0
2025-05-15,DS07,5,132,117,33.2,90,146.7,834.0
2025-05-16,DS02,10,146,143,20.5,180,81.1,1486.0
2025-05-16,DS04,9,119,115,21.0,162,73.5,1310.0
2025-05-16,DS06,5,78,76,21.3,90,86.7,752.0
2025-05-16,DS07,7,153,139,32.8,126,121.4,1118.0
2025-05-17,DS02,9,136,131,21.1,162,84.0,1342.0
2025-05-17,DS03,15,209,205,19.2,270,77.4,2210.0
2025-05-17,DS04,9,123,121,20.7,162,75.9,1322.0
2025-05-17,DS05,8,107,105,20.0,144,74.3,1170.0
2025-05-17,DS06,5,79,77,21.1,90,87.8,754.0
2025-05-17,DS07,6,141,127,31.9,108,130.6,974.0
2025-05-18,DS03,10,144,143,19.0,180,80.0,1486.0
2025-05-18,DS08,5,77,73,20.8,90,85.6,746.0
2025-05-19,DS01,7,101,96,19.6,126,80.2,1032.0
2025-05-19,DS03,9,115,113,19.0,162,71.0,1306.0
2025-05-19,DS04,6,84,83,20.0,108,77.8,886.0
2025-05-19,DS07,4,87,81,33.4,72,120.8,642.0
2025-05-20,DS01,8,118,114,20.3,144,81.9,1188.0
2025-05-20,DS03,8,126,124,19.2,144,87.5,1208.0
2025-05-20,DS04,5,81,78,19.7,90,90.0,756.0
2025-05-20,DS05,5,64,64,20.7,90,71.1,728.0
2025-05-21,DS02,7,108,105,19.7,126,85.7,1050.0
2025-05-21,DS03,11,154,151,19.1,198,77.8,1622.0
2025-05-21,DS04,6,80,77,21.1,108,74.1,874.0
2025-05-21,DS05,6,78,76,20.3,108,72.2,872.0
2025-05-21,DS08,6,81,77,20.3,108,75.0,874.0
2025-05-22,DS02,7,118,116,21.5,126,93.7,1072.0
2025-05-22,DS03,12,178,175,18.3,216,82.4,1790.0
2025-05-22,DS04,8,109,103,20.4,144,75.7,1166.0
2025-05-22,DS05,5,81,80,21.1,90,90.0,760.0
2025-05-22,DS06,4,55,53,20.1,72,76.4,586.0
2025-05-22,DS08,6,80,76,22.1,108,74.1,872.0
2025-05-23,DS01,11,172,171,20.0,198,86.9,1662.0
2025-05-23,DS07,7,154,137,32.1,126,122.2,1114.0
2025-05-23,DS08,7,101,97,21.2,126,80.2,1034.0
2025-05-24,DS01,11,168,159,19.5,198,84.8,1638.0
2025-05-24,DS02,10,148,145,20.0,180,82.2,1490.0
2025-05-24,DS05,7,109,108,21.0,126,86.5,1056.0
2025-05-24,DS06,6,73,72,19.9,108,67.6,864.0
2025-05-25,DS01,9,133,130,19.9,162,82.1,1340.0
2025-05-25,DS03,11,167,167,20.1,198,84.3,1654.0
2025-05-25,DS08,5,79,77,18.1,90,87.8,754.0
2025-05-26,DS02,6,90,89,20.4,108,83.3,898.0
2025-05-26,DS06,4,51,47,20.8,72,70.8,574.0
2025-05-26,DS07,4,85,82,33.0,72,118.1,644.0
2025-05-26,DS08,4,60,58,19.6,72,83.3,596.0
2025-05-27,DS04,5,78,74,21.7,90,86.7,748.0
2025-05-27,DS05,4,65,65,20.9,72,90.3,610.0
2025-05-27,DS07,4,106,96,30.5,72,147.2,672.0
2025-05-27,DS08,4,65,64,21.3,72,90.3,608.0
2025-05-28,DS01,10,140,139,19.8,180,77.8,1478.0
2025-05-28,DS03,11,162,161,18.9,198,81.8,1642.0
2025-05-28,DS04,7,101,98,19.4,126,80.2,1036.0
2025-05-28,DS08,5,80,77,20.0,90,88.9,754.0
2025-05-29,DS02,8,124,123,19.7,144,86.1,1206.0
2025-05-29,DS03,13,189,184,18.2,234,80.8,1928.0
2025-05-29,DS04,7,94,92,21.3,126,74.6,1024.0
2025-05-29,DS05,6,86,79,18.9,108,79.6,878.0
2025-05-29,DS06,4,61,57,21.3,72,84.7,594.0
2025-05-29,DS08,5,86,85,21.3,90,95.6,770.0
2025-05-30,DS05,7,98,95,19.7,126,77.8,1030.0
2025-05-30,DS06,5,74,71,21.4,90,82.2,742.0
2025-05-30,DS08,7,104,100,21.6,126,82.5,1040.0
2025-05-31,DS02,9,138,133,20.1,162,85.2,1346.0
2025-05-31,DS04,8,116,114,20.0,144,80.6,1188.0
2025-05-31,DS05,8,112,108,19.3,144,77.8,1176.0
2025-05-31,DS06,6,79,77,20.8,108,73.1,874.0
2025-06-01,DS04,7,91,90,19.4,126,72.2,1020.0
2025-06-01,DS07,5,112,104,32.2,90,124.4,808.0
2025-06-02,DS01,6,107,105,18.9,108,99.1,930.0
2025-06-02,DS02,6,91,90,21.0,108,84.3,900.0
2025-06-02,DS03,9,128,127,18.3,162,79.0,1334.0
2025-06-02,DS06,3,49,47,20.3,54,90.7,454.0
2025-06-03,DS01,8,123,123,19.8,144,85.4,1206.0
2025-06-03,DS03,11,151,146,19.9,198,76.3,1612.0
2025-06-03,DS07,5,105,97,31.4,90,116.7,794.0
2025-06-04,DS02,7,108,107,19.1,126,85.7,1054.0
2025-06-04,DS03,12,167,166,19.2,216,77.3,1772.0
2025-06-04,DS04,8,103,100,20.5,144,71.5,1160.0
2025-06-04,DS05,6,85,82,20.2,108,78.7,884.0
2025-06-04,DS06,4,60,59,21.4,72,83.3,598.0
2025-06-05,DS01,10,137,133,20.3,180,76.1,1466.0
2025-06-05,DS04,8,116,113,20.4,144,80.6,1186.0
2025-06-05,DS05,5,79,77,19.4,90,87.8,754.0
2025-06-05,DS07,5,120,107,31.7,90,133.3,814.0
2025-06-06,DS01,12,197,192,19.8,216,91.2,1824.0
2025-06-06,DS03,16,210,205,18.5,288,72.9,2330.0
2025-06-06,DS05,7,107,105,21.1,126,84.9,1050.0
2025-06-07,DS04,9,126,124,19.7,162,77.8,1328.0
2025-06-07,DS05,7,96,94,19.8,126,76.2,1028.0
2025-06-07,DS07,6,154,145,30.9,108,142.6,1010.0
2025-06-07,DS08,7,105,101,21.1,126,83.3,1042.0
2025-06-08,DS01,10,136,131,19.8,180,75.6,1462.0
2025-06-08,DS02,8,111,108,20.2,144,77.1,1176.0
2025-06-08,DS03,11,155,155,20.1,198,78.3,1630.0
2025-06-08,DS05,5,77,74,20.2,90,85.6,748.0
2025-06-08,DS06,4,57,55,22.5,72,79.2,590.0
2025-06-08,DS07,5,121,113,29.7,90,134.4,826.0
2025-06-08,DS08,5,79,78,21.9,90,87.8,756.0
2025-06-09,DS04,6,88,86,21.5,108,81.5,892.0
2025-06-09,DS05,5,60,59,19.7,90,66.7,718.0
2025-06-09,DS08,5,62,61,20.5,90,68.9,722.0
2025-06-10,DS04,6,90,89,21.6,108,83.3,898.0
2025-06-10,DS05,5,65,62,20.4,90,72.2,724.0
2025-06-10,DS06,4,56,56,19.5,72,77.8,592.0
2025-06-10,DS08,5,68,66,20.3,90,75.6,732.0
2025-06-11,DS02,7,110,108,19.4,126,87.3,1056.0
2025-06-11,DS04,7,105,104,20.8,126,83.3,1048.0
2025-06-11,DS05,5,68,66,19.4,90,75.6,732.0
2025-06-11,DS07,5,118,107,31.7,90,131.1,814.0
2025-06-12,DS02,8,124,122,19.4,144,86.1,1204.0
2025-06-12,DS04,6,104,97,21.4,108,96.3,914.0
2025-06-12,DS06,4,60,58,22.3,72,83.3,596.0
2025-06-12,DS07,5,121,108,31.5,90,134.4,816.0
2025-06-13,DS02,10,150,145,19.7,180,83.3,1490.0
2025-06-13,DS03,17,226,220,19.5,306,73.9,2480.0
2025-06-13,DS07,7,161,148,30.7,126,127.8,1136.0
2025-06-13,DS08,7,100,99,21.0,126,79.4,1038.0
2025-06-14,DS02,9,151,150,19.8,162,93.2,1380.0
2025-06-14,DS03,17,224,218,19.7,306,73.2,2476.0
2025-06-14,DS05,7,102,100,19.7,126,81.0,1040.0
2025-06-14,DS07,7,158,147,32.1,126,125.4,1134.0
2025-06-15,DS01,8,132,130,19.4,144,91.7,1220.0
2025-06-15,DS02,8,115,111,19.4,144,79.9,1182.0
2025-06-16,DS01,7,109,108,19.4,126,86.5,1056.0
2025-06-16,DS02,5,92,90,19.5,90,102.2,780.0
2025-06-16,DS05,5,69,68,18.6,90,76.7,736.0
2025-06-16,DS06,3,54,51,22.4,54,100.0,462.0
2025-06-16,DS07,4,92,87,30.5,72,127.8,654.0
2025-06-17,DS05,6,77,76,19.9,108,71.3,872.0
2025-06-17,DS07,5,101,89,33.6,90,112.2,778.0
2025-06-17,DS08,5,72,71,20.7,90,80.0,742.0
2025-06-18,DS02,7,109,109,19.8,126,86.5,1058.0
2025-06-18,DS03,11,152,149,19.1,198,76.8,1618.0
2025-06-18,DS06,4,55,54,21.2,72,76.4,588.0
2025-06-18,DS08,5,76,74,21.3,90,84.4,748.0
2025-06-19,DS01,12,150,149,19.0,216,69.4,1738.0
2025-06-19,DS04,7,112,109,20.5,126,88.9,1058.0
2025-06-19,DS08,6,80,78,19.7,108,74.1,876.0
2025-06-20,DS01,12,176,167,19.5,216,81.5,1774.0
2025-06-20,DS02,10,158,155,20.5,180,87.8,1510.0
2025-06-20,DS03,16,223,216,18.3,288,77.4,2352.0
2025-06-20,DS04,9,122,119,20.7,162,75.3,1318.0
2025-06-20,DS07,8,160,151,32.8,144,111.1,1262.0
2025-06-21,DS04,8,125,123,20.2,144,86.8,1206.0
2025-06-21,DS05,8,108,105,20.0,144,75.0,1170.0
2025-06-21,DS06,6,74,74,21.5,108,68.5,868.0
2025-06-22,DS04,6,93,91,21.7,108,86.1,902.0
2025-06-22,DS06,4,56,53,21.9,72,77.8,586.0
2025-06-22,DS07,5,110,99,32.9,90,122.2,798.0
2025-06-22,DS08,5,83,80,19.9,90,92.2,760.0
2025-06-23,DS01,7,110,109,18.9,126,87.3,1058.0
2025-06-23,DS02,6,87,85,18.9,108,80.6,890.0
2025-06-23,DS04,5,78,77,19.6,90,86.7,754.0
2025-06-23,DS05,5,70,67,19.7,90,77.8,734.0
2025-06-23,DS06,3,50,47,21.9,54,92.6,454.0
2025-06-23,DS07,4,93,87,34.9,72,129.2,654.0
2025-06-24,DS01,9,127,124,18.9,162,78.4,1328.0
2025-06-24,DS04,5,87,87,20.6,90,96.7,774.0
2025-06-24,DS06,5,62,60,23.5,90,68.9,720.0
2025-06-24,DS07,5,105,94,32.0,90,116.7,788.0
2025-06-24,DS08,5,72,68,21.5,90,80.0,736.0
2025-06-25,DS04,7,97,92,21.3,126,77.0,1024.0
2025-06-25,DS05,5,74,73,20.6,90,82.2,746.0
2025-06-25,DS06,5,60,56,21.5,90,66.7,712.0
2025-06-25,DS07,6,124,111,32.3,108,114.8,942.0
2025-06-26,DS03,14,194,189,19.1,252,77.0,2058.0
2025-06-26,DS05,6,88,85,21.0,108,81.5,890.0
2025-06-26,DS07,6,126,117,31.9,108,116.7,954.0
2025-06-27,DS02,10,140,137,20.3,180,77.8,1474.0
2025-06-27,DS05,7,111,109,19.8,126,88.1,1058.0
2025-06-27,DS06,5,77,73,22.4,90,85.6,746.0
2025-06-27,DS07,8,164,151,31.4,144,113.9,1262.0
2025-06-27,DS08,6,93,93,19.3,108,86.1,906.0
2025-06-28,DS01,13,193,188,19.5,234,82.5,1936.0
2025-06-28,DS03,16,219,213,19.0,288,76.0,2346.0
2025-06-28,DS05,7,111,109,19.6,126,88.1,1058.0
2025-06-28,DS07,6,150,134,32.4,108,138.9,988.0
2025-06-28,DS08,7,104,101,21.7,126,82.5,1042.0
2025-06-29,DS02,8,121,118,20.3,144,84.0,1196.0
2025-06-29,DS05,5,77,75,19.7,90,85.6,750.0
2025-06-29,DS06,4,61,61,22.4,72,84.7,602.0
2025-06-29,DS07,6,112,103,31.2,108,103.7,926.0
2025-06-29,DS08,6,89,86,21.2,108,82.4,892.0
2025-06-30,DS03,9,131,126,19.4,162,80.9,1332.0
2025-06-30,DS04,5,84,83,18.5,90,93.3,766.0
2025-06-30,DS05,4,56,54,20.7,72,77.8,588.0
2025-06-30,DS07,4,101,88,33.5,72,140.3,656.0
2025-07-01,DS01,7,115,110,19.7,126,91.3,1060.0
2025-07-01,DS02,6,96,94,20.3,108,88.9,908.0
2025-07-01,DS03,10,151,149,18.8,180,83.9,1498.0
2025-07-01,DS04,5,79,76,21.0,90,87.8,752.0
2025-07-01,DS05,5,66,65,20.6,90,73.3,730.0
2025-07-01,DS08,5,72,72,21.2,90,80.0,744.0
2025-07-02,DS03,12,172,168,19.3,216,79.6,1776.0
2025-07-02,DS06,4,57,57,21.1,72,79.2,594.0
2025-07-02,DS08,6,82,81,21.5,108,75.9,882.0
2025-07-03,DS02,8,124,120,19.3,144,86.1,1200.0
2025-07-03,DS03,14,185,180,18.9,252,73.4,2040.0
2025-07-03,DS04,8,110,108,20.1,144,76.4,1176.0
2025-07-03,DS08,5,79,74,20.6,90,87.8,748.0
2025-07-04,DS01,11,181,176,20.4,198,91.4,1672.0
2025-07-04,DS06,5,79,76,20.8,90,87.8,752.0
2025-07-04,DS07,7,167,153,32.4,126,132.5,1146.0
2025-07-05,DS03,15,224,218,19.4,270,83.0,2236.0
2025-07-05,DS07,6,159,141,32.9,108,147.2,1002.0
2025-07-06,DS04,7,107,105,20.1,126,84.9,1050.0
2025-07-06,DS08,5,77,74,21.0,90,85.6,748.0
2025-07-07,DS02,6,92,89,20.7,108,85.2,898.0
2025-07-07,DS04,5,73,71,21.2,90,81.1,742.0
2025-07-07,DS06,4,53,53,21.7,72,73.6,586.0
2025-07-07,DS08,5,62,61,21.5,90,68.9,722.0
2025-07-08,DS01,8,120,120,20.0,144,83.3,1200.0
2025-07-08,DS03,11,143,140,18.2,198,72.2,1600.0
2025-07-09,DS03,13,180,178,19.2,234,76.9,1916.0
2025-07-09,DS08,5,80,76,20.8,90,88.9,752.0
2025-07-10,DS02,9,136,134,19.6,162,84.0,1348.0
2025-07-10,DS03,15,192,186,20.0,270,71.1,2172.0
2025-07-11,DS02,10,154,151,20.7,180,85.6,1502.0
2025-07-11,DS03,15,219,216,18.5,270,81.1,2232.0
2025-07-11,DS04,9,129,121,20.1,162,79.6,1322.0
2025-07-11,DS05,8,113,112,20.2,144,78.5,1184.0
2025-07-11,DS07,7,154,141,32.2,126,122.2,1122.0
2025-07-11,DS08,7,97,92,21.0,126,77.0,1024.0
2025-07-12,DS03,16,225,221,18.9,288,78.1,2362.0
2025-07-12,DS04,9,129,127,20.7,162,79.6,1334.0
2025-07-12,DS06,6,81,78,21.8,108,75.0,876.0
2025-07-13,DS01,9,136,134,18.8,162,84.0,1348.0
2025-07-13,DS02,7,102,98,18.9,126,81.0,1036.0
2025-07-13,DS03,11,174,170,19.6,198,87.9,1660.0
2025-07-13,DS04,7,107,102,20.4,126,84.9,1044.0
2025-07-13,DS06,5,64,63,20.5,90,71.1,726.0
2025-07-13,DS07,5,112,103,31.2,90,124.4,806.0
2025-07-13,DS08,5,73,72,20.4,90,81.1,744.0
2025-07-14,DS01,7,110,109,19.8,126,87.3,1058.0
2025-07-14,DS02,6,90,88,22.2,108,83.3,896.0
2025-07-14,DS04,6,81,78,19.9,108,75.0,876.0
2025-07-14,DS06,3,51,50,20.0,54,94.4,460.0
2025-07-14,DS07,4,96,87,31.8,72,133.3,654.0
2025-07-15,DS04,6,84,82,19.9,108,77.8,884.0
2025-07-15,DS06,3,53,51,22.8,54,98.1,462.0
2025-07-15,DS07,5,100,92,31.1,90,111.1,784.0
2025-07-15,DS08,5,67,63,20.1,90,74.4,726.0
2025-07-16,DS02,7,109,107,20.4,126,86.5,1054.0
2025-07-16,DS05,6,83,82,18.4,108,76.9,884.0
2025-07-17,DS01,10,156,154,20.3,180,86.7,1508.0
2025-07-17,DS02,9,136,131,20.6,162,84.0,1342.0
2025-07-18,DS03,15,217,211,19.8,270,80.4,2222.0
2025-07-18,DS04,10,137,131,19.9,180,76.1,1462.0
2025-07-18,DS05,7,105,104,20.8,126,83.3,1048.0
2025-07-18,DS07,7,163,148,30.6,126,129.4,1136.0
2025-07-18,DS08,7,110,107,21.4,126,87.3,1054.0
2025-07-19,DS01,11,177,174,20.2,198,89.4,1668.0
2025-07-19,DS03,15,228,227,19.1,270,84.4,2254.0
2025-07-19,DS04,9,133,130,21.2,162,82.1,1340.0
2025-07-19,DS06,5,70,69,20.7,90,77.8,738.0
2025-07-19,DS08,7,106,104,20.0,126,84.1,1048.0
2025-07-20,DS02,8,118,115,20.8,144,81.9,1190.0
2025-07-20,DS05,5,75,73,19.5,90,83.3,746.0
2025-07-20,DS06,5,67,66,21.6,90,74.4,732.0
2025-07-20,DS07,5,115,105,31.9,90,127.8,810.0
2025-07-20,DS08,5,80,78,23.0,90,88.9,756.0
2025-07-21,DS02,5,89,88,20.6,90,98.9,776.0
2025-07-21,DS03,10,135,130,18.3,180,75.0,1460.0
2025-07-21,DS04,6,79,75,20.5,108,73.1,870.0
2025-07-22,DS01,8,117,112,19.7,144,81.2,1184.0
2025-07-22,DS02,6,94,90,19.2,108,87.0,900.0
2025-07-22,DS03,10,141,137,17.2,180,78.3,1474.0
2025-07-22,DS04,6,92,90,20.7,108,85.2,900.0
2025-07-22,DS07,5,114,103,30.6,90,126.7,806.0
2025-07-23,DS02,8,121,121,19.9,144,84.0,1202.0
2025-07-23,DS04,8,108,104,20.1,144,75.0,1168.0
2025-07-23,DS06,5,60,57,21.9,90,66.7,714.0
2025-07-23,DS07,6,117,108,31.7,108,108.3,936.0
2025-07-24,DS02,7,122,120,20.1,126,96.8,1080.0
2025-07-24,DS04,7,102,97,19.4,126,81.0,1034.0
2025-07-25,DS01,12,179,175,18.8,216,82.9,1790.0
2025-07-25,DS03,17,218,215,18.6,306,71.2,2470.0
2025-07-26,DS03,15,224,216,18.2,270,83.0,2232.0
2025-07-26,DS04,9,131,126,20.9,162,80.9,1332.0
2025-07-26,DS05,7,100,98,20.3,126,79.4,1036.0
2025-07-26,DS08,7,108,105,20.7,126,85.7,1050.0
2025-07-28,DS02,6,90,89,19.3,108,83.3,898.0
2025-07-28,DS04,6,88,86,21.4,108,81.5,892.0
2025-07-28,DS06,4,53,51,20.1,72,73.6,582.0
2025-07-28,DS07,4,98,87,31.4,72,136.1,654.0
2025-07-29,DS04,7,91,90,20.9,126,72.2,1020.0
2025-07-29,DS07,5,115,102,32.4,90,127.8,804.0
2025-07-29,DS08,5,70,69,20.3,90,77.8,738.0
2025-07-30,DS03,11,164,160,19.2,198,82.8,1640.0
2025-07-30,DS04,6,98,95,21.3,108,90.7,910.0
2025-07-30,DS07,6,114,102,34.1,108,105.6,924.0
2025-07-31,DS01,10,150,149,18.7,180,83.3,1498.0
2025-07-31,DS03,13,191,188,18.5,234,81.6,1936.0
2025-07-31,DS04,8,112,111,21.3,144,77.8,1182.0
2025-07-31,DS05,6,79,77,20.0,108,73.1,874.0
2025-07-31,DS07,5,122,112,32.8,90,135.6,824.0
2025-08-01,DS01,12,179,175,19.0,216,82.9,1790.0
2025-08-01,DS03,16,231,225,19.3,288,80.2,2370.0
2025-08-01,DS06,6,81,79,20.4,108,75.0,878.0
2025-08-02,DS01,12,180,176,19.5,216,83.3,1792.0
2025-08-02,DS02,10,154,151,20.4,180,85.6,1502.0
2025-08-02,DS03,14,218,211,18.8,252,86.5,2102.0
2025-08-02,DS04,9,144,142,20.8,162,88.9,1364.0
2025-08-02,DS05,7,104,101,21.2,126,82.5,1042.0
2025-08-02,DS06,6,81,79,21.8,108,75.0,878.0
2025-08-02,DS08,7,101,98,19.9,126,80.2,1036.0
2025-08-03,DS03,11,157,153,18.6,198,79.3,1626.0
2025-08-04,DS03,10,130,127,19.5,180,72.2,1454.0
2025-08-04,DS04,5,79,78,21.1,90,87.8,756.0
2025-08-04,DS07,4,95,92,31.6,72,131.9,664.0
2025-08-05,DS01,8,122,120,20.2,144,84.7,1200.0
2025-08-05,DS02,7,106,103,20.8,126,84.1,1046.0
2025-08-05,DS04,6,87,85,20.7,108,80.6,890.0
2025-08-05,DS05,4,70,70,19.4,72,97.2,620.0
2025-08-05,DS07,4,98,88,32.1,72,136.1,656.0
2025-08-05,DS08,4,71,69,20.0,72,98.6,618.0
2025-08-06,DS02,8,113,109,20.0,144,78.5,1178.0
2025-08-06,DS03,12,170,161,20.0,216,78.7,1762.0
2025-08-06,DS04,7,99,96,21.2,126,78.6,1032.0
2025-08-06,DS05,5,79,76,21.5,90,87.8,752.0
2025-08-06,DS07,5,120,115,30.3,90,133.3,830.0
2025-08-07,DS04,8,115,109,20.8,144,79.9,1178.0
2025-08-07,DS05,7,90,86,19.6,126,71.4,1012.0
2025-08-07,DS06,5,67,67,20.0,90,74.4,734.0
2025-08-07,DS07,6,133,121,29.6,108,123.1,962.0
2025-08-08,DS02,11,163,160,19.9,198,82.3,1640.0
2025-08-08,DS04,9,139,137,20.4,162,85.8,1354.0
2025-08-08,DS05,7,106,104,20.4,126,84.1,1048.0
2025-08-08,DS06,5,82,80,19.8,90,91.1,760.0
2025-08-09,DS02,11,145,141,20.4,198,73.2,1602.0
2025-08-09,DS07,5,149,135,31.3,90,165.6,870.0
2025-08-10,DS04,6,102,102,20.2,108,94.4,924.0
2025-08-10,DS06,4,56,54,20.7,72,77.8,588.0
2025-08-10,DS08,6,84,81,21.7,108,77.8,882.0
2025-08-11,DS02,7,89,87,20.0,126,70.6,1014.0
2025-08-11,DS03,11,149,147,19.0,198,75.3,1614.0
2025-08-11,DS04,6,84,81,20.9,108,77.8,882.0
2025-08-11,DS05,5,66,65,20.7,90,73.3,730.0
2025-08-11,DS07,4,86,79,30.5,72,119.4,638.0
2025-08-12,DS01,9,121,117,20.2,162,74.7,1314.0
2025-08-12,DS02,6,86,85,21.5,108,79.6,890.0
2025-08-12,DS03,11,151,151,18.7,198,76.3,1622.0
2025-08-12,DS06,4,60,58,21.4,72,83.3,596.0
2025-08-12,DS07,4,106,97,31.8,72,147.2,674.0
2025-08-12,DS08,5,72,71,20.6,90,80.0,742.0
2025-08-13,DS01,10,140,136,20.0,180,77.8,1472.0
2025-08-13,DS02,7,108,104,20.3,126,85.7,1048.0
2025-08-13,DS03,10,161,160,19.0,180,89.4,1520.0
2025-08-13,DS04,8,107,105,19.7,144,74.3,1170.0
2025-08-13,DS05,6,79,78,19.9,108,73.1,876.0
2025-08-13,DS06,4,61,59,20.2,72,84.7,598.0
2025-08-13,DS07,5,109,99,31.4,90,121.1,798.0
2025-08-14,DS02,9,127,119,20.0,162,78.4,1318.0
2025-08-14,DS04,9,124,122,20.3,162,76.5,1324.0
2025-08-14,DS05,7,90,88,20.1,126,71.4,1016.0
2025-08-14,DS08,6,80,78,22.4,108,74.1,876.0
2025-08-15,DS02,10,147,146,20.1,180,81.7,1492.0
2025-08-15,DS03,17,229,225,20.1,306,74.8,2490.0
2025-08-15,DS04,9,143,140,21.7,162,88.3,1360.0
2025-08-15,DS06,5,75,75,21.4,90,83.3,750.0
2025-08-15,DS07,6,144,135,31.2,108,133.3,990.0
2025-08-15,DS08,8,106,105,19.9,144,73.6,1170.0
2025-08-16,DS05,6,103,100,20.2,108,95.4,920.0
2025-08-16,DS08,7,101,97,20.7,126,80.2,1034.0
2025-08-17,DS05,6,79,77,21.3,108,73.1,874.0
2025-08-18,DS07,4,93,87,28.5,72,129.2,654.0
2025-08-19,DS01,8,119,117,19.6,144,82.6,1194.0
2025-08-20,DS02,7,120,116,19.5,126,95.2,1072.0
2025-08-20,DS05,5,77,75,20.5,90,85.6,750.0
2025-08-20,DS06,4,60,58,20.9,72,83.3,596.0
2025-08-20,DS08,5,70,68,20.6,90,77.8,736.0
2025-08-21,DS02,9,134,132,20.0,162,82.7,1344.0
2025-08-21,DS04,9,112,108,19.2,162,69.1,1296.0
2025-08-21,DS05,7,102,97,19.9,126,81.0,1034.0
2025-08-21,DS06,5,72,71,21.3,90,80.0,742.0
2025-08-21,DS07,5,128,115,31.4,90,142.2,830.0
2025-08-22,DS02,9,150,147,19.8,162,92.6,1374.0
2025-08-22,DS03,15,226,222,17.5,270,83.7,2244.0
2025-08-22,DS04,9,135,129,21.5,162,83.3,1338.0
2025-08-23,DS01,12,187,185,20.2,216,86.6,1810.0
2025-08-23,DS05,7,99,99,20.2,126,78.6,1038.0
2025-08-23,DS07,6,148,136,31.4,108,137.0,992.0
2025-08-23,DS08,6,98,97,20.7,108,90.7,914.0
2025-08-24,DS02,8,117,110,19.8,144,81.2,1180.0
2025-08-24,DS03,11,155,153,19.5,198,78.3,1626.0
2025-08-24,DS04,7,99,97,20.9,126,78.6,1034.0
2025-08-24,DS05,6,80,77,18.7,108,74.1,874.0
2025-08-24,DS06,5,64,62,21.6,90,71.1,724.0
2025-08-25,DS02,7,96,95,21.0,126,76.2,1030.0
2025-08-25,DS05,5,62,60,19.5,90,68.9,720.0
2025-08-26,DS05,5,69,68,19.4,90,76.7,736.0
2025-08-26,DS06,4,54,51,23.1,72,75.0,582.0
2025-08-27,DS05,5,81,80,20.7,90,90.0,760.0
2025-08-27,DS06,4,53,52,20.3,72,73.6,584.0
2025-08-27,DS08,5,76,75,19.5,90,84.4,750.0
2025-08-28,DS02,9,125,119,20.6,162,77.2,1318.0
2025-08-28,DS03,14,184,182,19.0,252,73.0,2044.0
2025-08-28,DS05,6,91,88,19.5,108,84.3,896.0
2025-08-28,DS07,6,134,122,32.2,108,124.1,964.0
2025-08-28,DS08,5,85,82,19.5,90,94.4,764.0
2025-08-29,DS03,19,246,239,18.9,342,71.9,2758.0
2025-08-29,DS04,10,141,136,19.9,180,78.3,1472.0
2025-08-29,DS05,8,113,109,19.7,144,78.5,1178.0
2025-08-29,DS07,7,151,142,30.3,126,119.8,1124.0
2025-08-29,DS08,7,104,101,20.9,126,82.5,1042.0
2025-08-30,DS02,10,156,151,20.2,180,86.7,1502.0
2025-08-30,DS06,5,77,74,21.6,90,85.6,748.0
2025-08-30,DS07,7,156,143,31.7,126,123.8,1126.0
2025-08-30,DS08,6,95,91,21.3,108,88.0,902.0
2025-08-31,DS03,11,171,164,19.9,198,86.4,1648.0
2025-08-31,DS05,5,72,72,20.2,90,80.0,744.0
2025-08-31,DS06,4,61,59,23.6,72,84.7,598.0
2025-08-31,DS08,6,77,75,20.4,108,71.3,870.0
2025-09-01,DS01,8,114,114,19.5,144,79.2,1188.0
2025-09-01,DS04,7,91,88,20.1,126,72.2,1016.0
2025-09-01,DS05,4,64,64,20.6,72,88.9,608.0
2025-09-01,DS07,4,102,96,33.9,72,141.7,672.0
2025-09-02,DS03,11,151,149,19.5,198,76.3,1618.0
2025-09-02,DS04,6,80,80,20.7,108,74.1,880.0
2025-09-02,DS06,4,51,50,21.2,72,70.8,580.0
2025-09-03,DS02,8,118,118,20.5,144,81.9,1196.0
2025-09-03,DS04,6,90,87,20.8,108,83.3,894.0
2025-09-03,DS07,5,117,114,30.2,90,130.0,828.0
2025-09-03,DS08,5,77,74,21.2,90,85.6,748.0
2025-09-04,DS02,8,127,124,21.2,144,88.2,1208.0
2025-09-04,DS03,14,194,190,18.7,252,77.0,2060.0
2025-09-04,DS06,4,60,57,22.2,72,83.3,594.0
2025-09-04,DS07,6,128,116,30.5,108,118.5,952.0
2025-09-05,DS04,8,129,124,20.1,144,89.6,1208.0
2025-09-06,DS03,16,218,210,20.0,288,75.7,2340.0
2025-09-06,DS04,7,123,120,21.7,126,97.6,1080.0
2025-09-06,DS07,8,158,143,32.3,144,109.7,1246.0
2025-09-07,DS04,7,95,92,20.9,126,75.4,1024.0
2025-09-07,DS06,4,60,58,20.5,72,83.3,596.0
2025-09-07,DS07,5,118,111,31.8,90,131.1,822.0
2025-09-07,DS08,6,81,77,20.9,108,75.0,874.0
2025-09-08,DS04,7,96,93,20.7,126,76.2,1026.0
2025-09-08,DS06,4,53,51,21.4,72,73.6,582.0
2025-09-09,DS01,8,114,114,19.2,144,79.2,1188.0
2025-09-09,DS02,6,95,92,20.4,108,88.0,904.0
2025-09-09,DS04,6,85,84,19.9,108,78.7,888.0
2025-09-09,DS05,5,76,75,20.9,90,84.4,750.0
2025-09-09,DS06,4,58,56,21.2,72,80.6,592.0
2025-09-09,DS07,5,102,93,31.9,90,113.3,786.0
2025-09-10,DS04,7,103,101,20.0,126,81.7,1042.0
2025-09-10,DS06,5,63,60,21.5,90,70.0,720.0
2025-09-10,DS07,6,123,113,32.3,108,113.9,946.0
2025-09-10,DS08,6,79,79,21.8,108,73.1,878.0
2025-09-11,DS01,11,151,147,19.3,198,76.3,1614.0
2025-09-11,DS02,7,120,119,20.1,126,95.2,1078.0
2025-09-11,DS04,7,105,102,20.9,126,83.3,1044.0
2025-09-11,DS06,5,69,69,21.8,90,76.7,738.0
2025-09-11,DS07,6,128,122,31.8,108,118.5,964.0
2025-09-12,DS03,15,226,225,18.8,270,83.7,2250.0
2025-09-12,DS04,10,135,132,19.3,180,75.0,1464.0
2025-09-12,DS05,7,99,93,20.1,126,78.6,1026.0
2025-09-12,DS08,6,93,89,21.0,108,86.1,898.0
2025-09-13,DS04,9,129,125,21.0,162,79.6,1330.0
2025-09-13,DS05,8,116,110,20.7,144,80.6,1180.0
2025-09-13,DS08,8,109,104,20.3,144,75.7,1168.0
2025-09-14,DS01,8,125,122,20.0,144,86.8,1204.0
2025-09-14,DS02,7,101,98,19.0,126,80.2,1036.0
2025-09-14,DS04,7,100,95,20.0,126,79.4,1030.0
2025-09-15,DS03,11,143,141,19.3,198,72.2,1602.0
2025-09-15,DS06,3,43,43,20.9,54,79.6,446.0
2025-09-15,DS07,5,101,94,33.8,90,112.2,788.0
2025-09-15,DS08,5,68,68,22.5,90,75.6,736.0
2025-09-16,DS02,7,109,105,21.0,126,86.5,1050.0
2025-09-16,DS05,5,66,64,19.0,90,73.3,728.0
2025-09-16,DS06,4,59,58,22.2,72,81.9,596.0
2025-09-16,DS08,4,65,61,21.2,72,90.3,602.0
2025-09-17,DS02,7,114,110,19.9,126,90.5,1060.0
2025-09-17,DS03,11,162,158,19.6,198,81.8,1636.0
2025-09-17,DS05,6,88,83,20.8,108,81.5,886.0
2025-09-17,DS06,4,54,52,22.3,72,75.0,584.0
2025-09-18,DS01,10,147,145,19.0,180,81.7,1490.0
2025-09-18,DS02,8,119,115,20.3,144,82.6,1190.0
2025-09-18,DS03,12,179,175,18.6,216,82.9,1790.0
2025-09-18,DS04,7,103,101,20.7,126,81.7,1042.0
2025-09-18,DS06,5,67,66,21.8,90,74.4,732.0
2025-09-18,DS08,6,81,76,18.6,108,75.0,872.0
2025-09-19,DS02,9,142,141,20.8,162,87.7,1362.0
2025-09-19,DS03,16,231,222,18.9,288,80.2,2364.0
2025-09-19,DS05,7,100,97,20.5,126,79.4,1034.0
2025-09-19,DS06,6,83,79,21.6,108,76.9,878.0
2025-09-19,DS07,6,143,129,32.4,108,132.4,978.0
2025-09-20,DS03,14,214,209,19.9,252,84.9,2098.0
2025-09-20,DS04,8,127,121,20.7,144,88.2,1202.0
2025-09-20,DS07,7,150,136,32.2,126,119.0,1112.0
2025-09-21,DS03,12,164,159,18.9,216,75.9,1758.0
2025-09-21,DS04,7,103,102,20.6,126,81.7,1044.0
2025-09-21,DS08,5,75,72,22.8,90,83.3,744.0
2025-09-22,DS03,9,131,126,18.9,162,80.9,1332.0
2025-09-22,DS05,4,66,64,20.8,72,91.7,608.0
2025-09-23,DS03,10,151,148,18.1,180,83.9,1496.0
2025-09-23,DS05,5,72,69,19.3,90,80.0,738.0
2025-09-23,DS07,5,108,98,33.9,90,120.0,796.0
2025-09-23,DS08,5,72,69,20.4,90,80.0,738.0
2025-09-24,DS04,8,106,104,22.3,144,73.6,1168.0
2025-09-24,DS05,5,73,72,21.4,90,81.1,744.0
2025-09-25,DS02,8,127,125,20.5,144,88.2,1210.0
2025-09-26,DS01,13,185,179,19.8,234,79.1,1918.0
2025-09-26,DS03,16,233,227,19.0,288,80.9,2374.0
2025-09-26,DS06,5,76,75,20.0,90,84.4,750.0
2025-09-26,DS07,7,156,145,29.7,126,123.8,1130.0
2025-09-26,DS08,7,103,99,20.6,126,81.7,1038.0
2025-09-27,DS02,10,151,146,19.9,180,83.9,1492.0
2025-09-27,DS04,9,128,123,20.1,162,79.0,1326.0
2025-09-28,DS01,9,131,128,18.9,162,80.9,1336.0
2025-09-28,DS03,11,169,167,19.4,198,85.4,1654.0
2025-09-28,DS05,5,77,75,20.3,90,85.6,750.0
2025-09-28,DS07,6,114,102,29.5,108,105.6,924.0
2025-09-29,DS02,6,93,91,17.9,108,86.1,902.0
2025-09-29,DS03,9,129,126,19.7,162,79.6,1332.0
2025-09-29,DS04,6,82,77,21.5,108,75.9,874.0
2025-09-29,DS05,4,72,70,21.6,72,100.0,620.0
2025-09-29,DS06,4,48,47,20.0,72,66.7,574.0
2025-09-29,DS07,4,91,82,31.6,72,126.4,644.0
2025-09-29,DS08,4,63,62,21.0,72,87.5,604.0
2025-09-30,DS01,7,113,110,19.5,126,89.7,1060.0
2025-09-30,DS02,7,93,90,21.1,126,73.8,1020.0
2025-09-30,DS03,9,134,133,17.6,162,82.7,1346.0
2025-09-30,DS06,4,54,52,22.0,72,75.0,584.0
2025-09-30,DS07,5,102,94,31.3,90,113.3,788.0
2025-10-01,DS03,11,152,150,18.8,198,76.8,1620.0
2025-10-02,DS02,8,126,124,19.3,144,87.5,1208.0
2025-10-02,DS06,4,57,53,20.7,72,79.2,586.0
2025-10-02,DS07,6,130,115,34.4,108,120.4,950.0
2025-10-03,DS02,11,149,149,19.7,198,75.3,1618.0
2025-10-03,DS03,16,219,217,18.4,288,76.0,2354.0
2025-10-03,DS04,10,136,133,19.9,180,75.6,1466.0
2025-10-03,DS05,7,96,90,20.8,126,76.2,1020.0
2025-10-03,DS08,6,86,85,22.1,108,79.6,890.0
2025-10-04,DS02,10,153,148,19.7,180,85.0,1496.0
2025-10-05,DS01,8,121,119,20.0,144,84.0,1198.0
2025-10-05,DS02,8,108,106,19.6,144,75.0,1172.0
2025-10-05,DS08,5,69,68,21.5,90,76.7,736.0
2025-10-06,DS02,7,94,91,18.6,126,74.6,1022.0
2025-10-06,DS05,5,71,70,18.6,90,78.9,740.0
2025-10-06,DS07,4,93,84,32.5,72,129.2,648.0
2025-10-07,DS01,9,120,118,20.9,162,74.1,1316.0
2025-10-07,DS02,7,93,91,20.2,126,73.8,1022.0
2025-10-07,DS04,5,81,80,21.7,90,90.0,760.0
2025-10-07,DS05,5,69,66,19.4,90,76.7,732.0
2025-10-07,DS07,4,97,94,31.2,72,134.7,668.0
2025-10-08,DS03,11,160,156,19.8,198,80.8,1632.0
2025-10-09,DS03,14,189,186,19.6,252,75.0,2052.0
2025-10-09,DS05,6,84,83,19.8,108,77.8,886.0
2025-10-09,DS06,4,58,57,21.5,72,80.6,594.0
2025-10-10,DS05,6,101,99,18.9,108,93.5,918.0
2025-10-10,DS06,4,65,63,21.1,72,90.3,606.0
2025-10-10,DS07,7,163,149,32.2,126,129.4,1138.0
2025-10-11,DS03,16,202,197,18.2,288,70.1,2314.0
2025-10-11,DS04,8,121,119,20.7,144,84.0,1198.0
2025-10-11,DS06,6,79,75,20.5,108,73.1,870.0
2025-10-11,DS08,7,108,105,21.6,126,85.7,1050.0
2025-10-12,DS01,9,127,127,18.8,162,78.4,1334.0
2025-10-12,DS04,6,98,94,20.3,108,90.7,908.0
2025-10-12,DS07,4,102,95,30.6,72,141.7,670.0
2025-10-13,DS01,7,103,102,20.0,126,81.7,1044.0
2025-10-13,DS02,6,84,82,19.3,108,77.8,884.0
2025-10-13,DS05,4,63,61,19.1,72,87.5,602.0
2025-10-14,DS01,8,119,115,19.5,144,82.6,1190.0
2025-10-14,DS02,6,86,83,19.7,108,79.6,886.0
2025-10-14,DS05,5,70,67,19.7,90,77.8,734.0
2025-10-14,DS06,3,49,46,22.7,54,90.7,452.0
2025-10-15,DS02,7,111,110,19.2,126,88.1,1060.0
2025-10-15,DS03,9,151,145,18.8,162,93.2,1370.0
2025-10-15,DS06,4,56,54,23.6,72,77.8,588.0
2025-10-15,DS08,5,72,70,20.5,90,80.0,740.0
2025-10-16,DS01,9,137,135,19.7,162,84.6,1350.0
2025-10-16,DS06,4,59,57,21.3,72,81.9,594.0
2025-10-17,DS01,13,167,165,20.4,234,71.4,1890.0
2025-10-17,DS04,9,119,116,20.5,162,73.5,1312.0
2025-10-17,DS07,7,151,139,32.3,126,119.8,1118.0
2025-10-17,DS08,7,100,96,20.8,126,79.4,1032.0
2025-10-18,DS01,10,161,155,19.3,180,89.4,1510.0
2025-10-18,DS03,15,206,201,18.4,270,76.3,2202.0
2025-10-18,DS04,9,126,125,20.3,162,77.8,1330.0
2025-10-18,DS06,5,74,66,20.7,90,82.2,732.0
2025-10-18,DS07,7,143,137,32.9,126,113.5,1114.0
2025-10-19,DS02,8,108,106,21.0,144,75.0,1172.0
2025-10-19,DS04,8,104,100,20.9,144,72.2,1160.0
2025-10-19,DS07,5,113,107,32.3,90,125.6,814.0
2025-10-19,DS08,5,75,69,19.6,90,83.3,738.0
2025-10-20,DS01,7,103,101,21.9,126,81.7,1042.0
2025-10-20,DS06,3,48,47,20.1,54,88.9,454.0
2025-10-20,DS08,4,60,60,21.4,72,83.3,600.0
2025-10-21,DS03,9,134,133,19.5,162,82.7,1346.0
2025-10-22,DS03,11,155,152,18.7,198,78.3,1624.0
2025-10-22,DS04,6,90,89,19.8,108,83.3,898.0
2025-10-22,DS05,6,82,80,20.9,108,75.9,880.0
2025-10-22,DS07,5,105,94,32.2,90,116.7,788.0
2025-10-22,DS08,6,77,76,21.1,108,71.3,872.0
2025-10-23,DS03,13,177,176,18.2,234,75.6,1912.0
2025-10-23,DS07,5,120,112,30.6,90,133.3,824.0
2025-10-24,DS01,10,166,164,18.7,180,92.2,1528.0
2025-10-24,DS07,6,132,121,31.9,108,122.2,962.0
2025-10-25,DS02,10,142,140,19.4,180,78.9,1480.0
2025-10-25,DS03,15,199,197,19.5,270,73.7,2194.0
2025-10-25,DS04,9,128,125,20.8,162,79.0,1330.0
2025-10-26,DS01,10,136,132,19.6,180,75.6,1464.0
2025-10-26,DS04,7,94,92,19.9,126,74.6,1024.0
2025-10-26,DS08,5,66,66,21.9,90,73.3,732.0
2025-10-27,DS03,9,127,123,19.0,162,78.4,1326.0
2025-10-27,DS05,4,64,63,20.0,72,88.9,606.0
2025-10-27,DS06,3,39,38,20.9,54,72.2,436.0
2025-10-27,DS08,4,62,61,22.5,72,86.1,602.0
2025-10-28,DS01,9,116,113,20.8,162,71.6,1306.0
2025-10-28,DS04,5,85,82,20.9,90,94.4,764.0
2025-10-28,DS06,4,50,49,20.0,72,69.4,578.0
2025-10-28,DS08,4,61,56,21.4,72,84.7,592.0
2025-10-29,DS02,6,101,99,21.0,108,93.5,918.0
2025-10-29,DS03,10,154,151,18.4,180,85.6,1502.0
2025-10-29,DS04,6,89,86,20.7,108,82.4,892.0
2025-10-29,DS06,3,49,47,22.7,54,90.7,454.0
2025-10-29,DS07,5,108,94,31.3,90,120.0,788.0
2025-10-30,DS02,8,118,117,20.6,144,81.9,1194.0
2025-10-30,DS04,7,94,91,20.7,126,74.6,1022.0
2025-10-30,DS08,5,81,80,21.2,90,90.0,760.0
2025-10-31,DS01,12,181,177,19.4,216,83.8,1794.0
2025-10-31,DS02,9,142,139,19.8,162,87.7,1358.0
2025-10-31,DS04,8,129,123,21.0,144,89.6,1206.0
2025-10-31,DS05,7,95,94,19.7,126,75.4,1028.0
2025-10-31,DS06,5,77,74,22.2,90,85.6,748.0
2025-10-31,DS07,7,147,134,31.1,126,116.7,1108.0
2025-10-31,DS08,7,97,96,20.3,126,77.0,1032.0
2025-11-01,DS01,11,170,167,19.1,198,85.9,1654.0
2025-11-01,DS02,9,135,135,21.1,162,83.3,1350.0
2025-11-01,DS05,7,100,97,20.1,126,79.4,1034.0
2025-11-01,DS08,7,102,95,20.0,126,81.0,1030.0
2025-11-02,DS03,11,141,136,18.1,198,71.2,1592.0
2025-11-02,DS08,5,72,71,20.7,90,80.0,742.0
2025-11-03,DS04,5,79,78,21.7,90,87.8,756.0
2025-11-03,DS05,4,62,62,19.3,72,86.1,604.0
2025-11-03,DS06,3,41,41,19.1,54,75.9,442.0
2025-11-03,DS08,4,63,59,20.9,72,87.5,598.0
2025-11-04,DS02,6,87,87,20.6,108,80.6,894.0
2025-11-04,DS03,9,131,127,18.8,162,80.9,1334.0
2025-11-04,DS05,5,68,68,20.3,90,75.6,736.0
2025-11-04,DS08,5,64,63,21.2,90,71.1,726.0
2025-11-05,DS05,5,73,69,20.4,90,81.1,738.0
2025-11-05,DS06,4,54,52,21.3,72,75.0,584.0
2025-11-05,DS07,5,110,103,32.3,90,122.2,806.0
2025-11-05,DS08,5,77,73,21.4,90,85.6,746.0
2025-11-06,DS01,9,143,142,18.5,162,88.3,1364.0
2025-11-06,DS03,13,175,171,19.1,234,74.8,1902.0
2025-11-06,DS04,8,103,102,21.6,144,71.5,1164.0
2025-11-06,DS07,5,109,101,31.4,90,121.1,802.0
2025-11-07,DS03,17,221,218,19.0,306,72.2,2476.0
2025-11-07,DS07,5,133,121,32.7,90,147.8,842.0
2025-11-07,DS08,6,91,90,20.1,108,84.3,900.0
2025-11-08,DS01,10,160,159,20.4,180,88.9,1518.0
2025-11-08,DS08,7,89,88,20.8,126,70.6,1016.0
2025-11-09,DS08,5,66,63,20.4,90,73.3,726.0
2025-11-10,DS03,8,117,115,18.8,144,81.2,1190.0
2025-11-10,DS05,5,63,61,19.2,90,70.0,722.0
2025-11-10,DS06,3,40,39,23.4,54,74.1,438.0
2025-11-10,DS07,4,94,77,31.9,72,130.6,634.0
2025-11-11,DS02,5,82,81,19.8,90,91.1,762.0
2025-11-11,DS03,8,136,132,18.9,144,94.4,1224.0
2025-11-11,DS05,4,63,61,19.3,72,87.5,602.0
2025-11-11,DS07,4,91,85,32.6,72,126.4,650.0
2025-11-11,DS08,4,59,58,19.4,72,81.9,596.0
2025-11-12,DS01,9,126,122,18.8,162,77.8,1324.0
2025-11-12,DS02,7,107,102,19.3,126,84.9,1044.0
2025-11-12,DS05,5,75,72,19.3,90,83.3,744.0
2025-11-12,DS07,5,106,98,31.9,90,117.8,796.0
2025-11-12,DS08,5,72,71,21.8,90,80.0,742.0
2025-11-13,DS03,13,179,173,17.9,234,76.5,1906.0
2025-11-13,DS04,7,101,97,20.7,126,80.2,1034.0
2025-11-13,DS08,6,80,79,19.8,108,74.1,878.0
2025-11-14,DS02,8,131,130,19.2,144,91.0,1220.0
2025-11-14,DS03,14,206,204,19.5,252,81.7,2088.0
2025-11-14,DS04,8,128,123,21.0,144,88.9,1206.0
2025-11-14,DS05,8,103,98,21.3,144,71.5,1156.0
2025-11-14,DS07,6,149,130,31.1,108,138.0,980.0
2025-11-15,DS01,11,157,156,18.7,198,79.3,1632.0
2025-11-15,DS02,9,132,130,20.7,162,81.5,1340.0
2025-11-15,DS05,6,92,90,20.2,108,85.2,900.0
2025-11-15,DS06,4,59,57,21.3,72,81.9,594.0
2025-11-15,DS08,6,94,94,20.1,108,87.0,908.0
2025-11-16,DS01,9,121,118,20.7,162,74.7,1316.0
2025-11-16,DS04,6,87,82,20.9,108,80.6,884.0
2025-11-16,DS08,5,69,66,20.4,90,76.7,732.0
2025-11-17,DS01,7,104,103,18.9,126,82.5,1046.0
2025-11-17,DS02,5,81,79,20.2,90,90.0,758.0
2025-11-17,DS04,5,75,74,20.2,90,83.3,748.0
2025-11-17,DS05,5,66,65,19.2,90,73.3,730.0
2025-11-17,DS06,3,47,45,19.8,54,87.0,450.0
2025-11-17,DS07,4,83,78,30.7,72,115.3,636.0
2025-11-17,DS08,4,63,63,22.6,72,87.5,606.0
2025-11-18,DS03,11,133,125,19.4,198,67.2,1570.0
2025-11-18,DS07,4,92,86,29.3,72,127.8,652.0
2025-11-18,DS08,5,64,62,19.9,90,71.1,724.0
2025-11-19,DS01,8,131,125,18.7,144,91.0,1210.0
2025-11-19,DS03,11,161,155,18.8,198,81.3,1630.0
2025-11-19,DS04,6,90,87,20.3,108,83.3,894.0
2025-11-19,DS06,4,59,58,20.7,72,81.9,596.0
2025-11-19,DS08,4,76,74,20.1,72,105.6,628.0
2025-11-20,DS02,7,114,112,19.5,126,90.5,1064.0
2025-11-20,DS03,12,172,167,18.5,216,79.6,1774.0
2025-11-21,DS01,11,177,174,19.6,198,89.4,1668.0
2025-11-21,DS02,8,131,130,20.3,144,91.0,1220.0
2025-11-21,DS04,9,117,114,19.8,162,72.2,1308.0
2025-11-21,DS06,5,65,63,22.1,90,72.2,726.0
2025-11-21,DS07,7,153,136,32.4,126,121.4,1112.0
2025-11-22,DS01,12,163,161,19.6,216,75.5,1762.0
2025-11-22,DS03,13,202,196,18.7,234,86.3,1952.0
2025-11-22,DS08,7,102,100,20.8,126,81.0,1040.0
2025-11-23,DS02,7,106,105,20.1,126,84.1,1050.0
2025-11-23,DS03,11,150,146,19.4,198,75.8,1612.0
2025-11-23,DS08,5,79,76,21.3,90,87.8,752.0
2025-11-24,DS01,7,103,102,19.9,126,81.7,1044.0
2025-11-24,DS03,10,133,130,19.0,180,73.9,1460.0
2025-11-25,DS03,8,128,126,18.5,144,88.9,1212.0
2025-11-25,DS07,4,96,88,32.4,72,133.3,656.0
2025-11-25,DS08,4,58,55,20.8,72,80.6,590.0
2025-11-26,DS06,4,53,50,19.9,72,73.6,580.0
2025-11-26,DS08,5,76,73,20.9,90,84.4,746.0
2025-11-27,DS02,7,112,110,20.5,126,88.9,1060.0
2025-11-27,DS03,12,177,175,18.3,216,81.9,1790.0
2025-11-27,DS07,5,111,102,32.7,90,123.3,804.0
2025-11-27,DS08,5,83,81,22.2,90,92.2,762.0
2025-11-28,DS02,9,138,131,20.0,162,85.2,1342.0
2025-11-28,DS03,14,210,206,18.6,252,83.3,2092.0
2025-11-28,DS05,6,85,84,21.1,108,78.7,888.0
2025-11-28,DS06,5,72,69,20.7,90,80.0,738.0
2025-11-28,DS07,6,143,129,32.4,108,132.4,978.0
2025-11-29,DS03,14,197,193,18.7,252,78.2,2066.0
2025-11-29,DS04,7,107,105,21.2,126,84.9,1050.0
2025-11-29,DS07,6,143,128,31.1,108,132.4,976.0
2025-11-29,DS08,7,95,94,20.4,126,75.4,1028.0
2025-11-30,DS01,9,135,132,19.5,162,83.3,1344.0
2025-11-30,DS03,10,153,151,18.8,180,85.0,1502.0
2025-11-30,DS04,5,84,82,21.5,90,93.3,764.0
2025-11-30,DS06,4,52,49,22.6,72,72.2,578.0
2025-12-01,DS02,6,89,85,18.7,108,82.4,890.0
2025-12-01,DS04,5,79,79,20.2,90,87.8,758.0
2025-12-01,DS05,4,54,53,19.7,72,75.0,586.0
2025-12-01,DS07,4,93,88,32.8,72,129.2,656.0
2025-12-01,DS08,4,57,54,21.0,72,79.2,588.0
2025-12-02,DS05,5,67,65,19.1,90,74.4,730.0
2025-12-02,DS08,5,73,70,22.9,90,81.1,740.0
2025-12-03,DS03,11,153,146,19.7,198,77.3,1612.0
2025-12-03,DS05,5,79,76,20.9,90,87.8,752.0
2025-12-03,DS06,3,50,49,19.8,54,92.6,458.0
2025-12-03,DS07,5,99,90,32.1,90,110.0,780.0
2025-12-04,DS04,8,113,112,20.9,144,78.5,1184.0
2025-12-05,DS02,10,153,149,19.6,180,85.0,1498.0
2025-12-05,DS03,13,202,199,18.8,234,86.3,1958.0
2025-12-05,DS05,6,95,92,20.0,108,88.0,904.0
2025-12-05,DS06,5,77,73,22.0,90,85.6,746.0
2025-12-05,DS08,7,96,92,19.8,126,76.2,1024.0
2025-12-06,DS02,9,128,126,20.5,162,79.0,1332.0
2025-12-06,DS03,14,210,207,18.9,252,83.3,2094.0
2025-12-06,DS05,6,92,91,20.4,108,85.2,902.0
2025-12-06,DS08,6,90,87,21.8,108,83.3,894.0
2025-12-07,DS01,9,119,115,20.3,162,73.5,1310.0
2025-12-07,DS02,7,102,100,19.5,126,81.0,1040.0
2025-12-07,DS05,5,77,74,19.7,90,85.6,748.0
2025-12-08,DS02,5,89,86,19.6,90,98.9,772.0
2025-12-08,DS03,10,129,127,19.6,180,71.7,1454.0
2025-12-08,DS06,3,36,35,19.4,54,66.7,430.0
2025-12-08,DS08,4,59,58,18.9,72,81.9,596.0
2025-12-09,DS01,7,110,106,20.4,126,87.3,1052.0
2025-12-09,DS02,6,94,93,20.2,108,87.0,906.0
2025-12-09,DS03,9,134,129,19.0,162,82.7,1338.0
2025-12-09,DS04,6,81,80,20.6,108,75.0,880.0
2025-12-09,DS05,4,61,58,20.2,72,84.7,596.0
2025-12-09,DS06,3,46,45,21.6,54,85.2,450.0
2025-12-09,DS08,5,62,61,18.4,90,68.9,722.0
2025-12-10,DS02,7,106,105,21.3,126,84.1,1050.0
2025-12-10,DS03,11,153,153,18.9,198,77.3,1626.0
2025-12-10,DS05,5,73,71,18.4,90,81.1,742.0
2025-12-10,DS06,3,45,44,20.7,54,83.3,448.0
2025-12-10,DS08,5,69,69,20.0,90,76.7,738.0
2025-12-11,DS02,7,112,109,20.8,126,88.9,1058.0
2025-12-11,DS03,11,176,172,19.2,198,88.9,1664.0
2025-12-11,DS06,4,63,63,22.4,72,87.5,606.0
2025-12-11,DS07,5,122,103,31.3,90,135.6,806.0
2025-12-12,DS02,9,141,138,20.2,162,87.0,1356.0
2025-12-12,DS04,8,109,108,20.1,144,75.7,1176.0
2025-12-12,DS05,6,94,91,19.8,108,87.0,902.0
2025-12-12,DS06,5,68,66,19.6,90,75.6,732.0
2025-12-12,DS08,6,85,83,21.6,108,78.7,886.0
2025-12-13,DS02,8,131,126,19.4,144,91.0,1212.0
2025-12-13,DS06,4,62,61,19.8,72,86.1,602.0
2025-12-13,DS07,7,141,128,30.9,126,111.9,1096.0
2025-12-14,DS01,10,130,128,19.6,180,72.2,1456.0
2025-12-14,DS02,6,91,87,19.1,108,84.3,894.0
2025-12-14,DS06,3,56,54,21.3,54,103.7,468.0
2025-12-15,DS01,6,96,93,19.9,108,88.9,906.0
2025-12-15,DS04,5,70,67,20.3,90,77.8,734.0
2025-12-15,DS05,4,58,56,18.9,72,80.6,592.0
2025-12-16,DS02,5,77,76,19.7,90,85.6,752.0
2025-12-16,DS03,9,127,125,18.5,162,78.4,1330.0
2025-12-16,DS05,4,66,66,20.1,72,91.7,612.0
2025-12-16,DS07,4,89,81,30.9,72,123.6,642.0
2025-12-17,DS01,9,123,118,19.5,162,75.9,1316.0
2025-12-17,DS04,6,88,86,20.7,108,81.5,892.0
2025-12-17,DS06,4,52,51,20.1,72,72.2,582.0
2025-12-17,DS08,6,72,70,20.9,108,66.7,860.0
2025-12-18,DS02,7,117,117,19.4,126,92.9,1074.0
2025-12-18,DS05,5,80,78,20.9,90,88.9,756.0
2025-12-18,DS07,6,123,117,31.0,108,113.9,954.0
2025-12-18,DS08,5,74,74,19.2,90,82.2,748.0
2025-12-19,DS03,17,229,225,19.2,306,74.8,2490.0
2025-12-19,DS06,5,70,69,21.4,90,77.8,738.0
2025-12-20,DS02,10,139,136,20.8,180,77.2,1472.0
2025-12-20,DS04,9,122,118,20.6,162,75.3,1316.0
2025-12-20,DS05,7,95,95,20.6,126,75.4,1030.0
2025-12-21,DS02,6,97,95,19.4,108,89.8,910.0
2025-12-21,DS08,5,73,72,22.1,90,81.1,744.0
2025-12-22,DS04,4,64,61,20.5,72,88.9,602.0
2025-12-22,DS05,4,62,61,19.2,72,86.1,602.0
2025-12-22,DS06,4,50,47,19.1,72,69.4,574.0
2025-12-22,DS07,4,84,78,30.6,72,116.7,636.0
2025-12-23,DS04,5,74,74,20.9,90,82.2,748.0
2025-12-23,DS06,4,52,49,20.5,72,72.2,578.0
2025-12-24,DS03,11,154,150,19.6,198,77.8,1620.0
2025-12-24,DS05,5,76,74,20.4,90,84.4,748.0
2025-12-25,DS01,10,144,140,19.5,180,80.0,1480.0
2025-12-25,DS02,8,117,116,19.9,144,81.2,1192.0
2025-12-25,DS03,10,169,166,18.7,180,93.9,1532.0
2025-12-25,DS07,5,121,108,32.6,90,134.4,816.0
2025-12-26,DS01,11,165,163,19.8,198,83.3,1646.0
2025-12-26,DS02,9,130,127,19.8,162,80.2,1334.0
2025-12-26,DS03,14,199,195,19.2,252,79.0,2070.0
2025-12-26,DS06,5,67,65,21.0,90,74.4,730.0
2025-12-27,DS01,10,149,147,18.8,180,82.8,1494.0
2025-12-27,DS06,5,71,69,21.2,90,78.9,738.0
2025-12-27,DS07,7,138,122,31.8,126,109.5,1084.0
2025-12-28,DS01,8,121,117,19.1,144,84.0,1194.0
2025-12-28,DS02,7,109,107,20.5,126,86.5,1054.0
2025-12-28,DS04,6,84,83,21.7,108,77.8,886.0
2025-12-28,DS06,4,54,52,20.7,72,75.0,584.0
2025-12-28,DS07,5,106,93,29.5,90,117.8,786.0
2025-12-29,DS01,7,101,100,19.9,126,80.2,1040.0
2025-12-29,DS02,6,78,75,21.0,108,72.2,870.0
2025-12-29,DS05,4,57,56,21.4,72,79.2,592.0
2025-12-29,DS06,3,46,46,20.8,54,85.2,452.0
2025-12-30,DS03,9,128,124,20.1,162,79.0,1328.0
2025-12-30,DS05,4,57,52,18.9,72,79.2,584.0
2025-12-30,DS06,3,48,47,23.6,54,88.9,454.0
2025-12-30,DS08,5,64,63,21.9,90,71.1,726.0
2025-12-31,DS01,9,130,124,19.4,162,80.2,1328.0
2025-12-31,DS03,11,150,149,19.2,198,75.8,1618.0
2025-12-31,DS05,4,65,65,19.1,72,90.3,610.0
2025-12-31,DS08,5,66,65,21.4,90,73.3,730.0
2026-01-01,DS03,11,167,163,19.4,198,84.3,1646.0
2026-01-01,DS04,8,104,98,20.5,144,72.2,1156.0
2026-01-02,DS02,9,142,138,20.6,162,87.7,1356.0
2026-01-02,DS04,9,119,115,20.6,162,73.5,1310.0
2026-01-02,DS07,6,136,123,33.1,108,125.9,966.0
2026-01-02,DS08,5,79,78,21.4,90,87.8,756.0
2026-01-03,DS03,13,190,189,18.6,234,81.2,1938.0
2026-01-03,DS04,7,119,116,21.1,126,94.4,1072.0
2026-01-04,DS01,8,116,116,19.2,144,80.6,1192.0
2026-01-04,DS03,10,157,156,19.7,180,87.2,1512.0
2026-01-04,DS08,5,77,75,20.7,90,85.6,750.0
2026-01-05,DS04,5,79,77,21.6,90,87.8,754.0
2026-01-05,DS05,4,60,59,20.5,72,83.3,598.0
2026-01-05,DS06,4,48,46,20.2,72,66.7,572.0
2026-01-06,DS02,6,85,85,19.2,108,78.7,890.0
2026-01-06,DS03,9,132,132,19.5,162,81.5,1344.0
2026-01-06,DS07,4,99,89,31.6,72,137.5,658.0
2026-01-06,DS08,4,61,59,20.6,72,84.7,598.0
2026-01-07,DS03,11,168,164,19.4,198,84.8,1648.0
2026-01-07,DS08,5,68,65,20.9,90,75.6,730.0
2026-01-08,DS02,9,126,125,19.2,162,77.8,1330.0
2026-01-08,DS03,11,166,162,18.5,198,83.8,1644.0
2026-01-08,DS04,7,96,95,20.5,126,76.2,1030.0
2026-01-08,DS05,6,79,75,20.5,108,73.1,870.0
2026-01-08,DS06,4,56,56,20.9,72,77.8,592.0
2026-01-08,DS08,6,83,81,20.4,108,76.9,882.0
2026-01-09,DS03,14,201,195,18.8,252,79.8,2070.0
2026-01-09,DS06,5,71,67,20.2,90,78.9,734.0
2026-01-09,DS08,6,86,84,22.1,108,79.6,888.0
2026-01-10,DS03,15,204,198,18.6,270,75.6,2196.0
2026-01-10,DS06,5,66,64,20.6,90,73.3,728.0
2026-01-10,DS08,7,94,94,20.4,126,74.6,1028.0
2026-01-11,DS01,9,124,121,18.5,162,76.5,1322.0
2026-01-11,DS02,7,102,99,19.2,126,81.0,1038.0
2026-01-11,DS03,10,153,148,18.8,180,85.0,1496.0
2026-01-11,DS04,7,91,90,19.9,126,72.2,1020.0
2026-01-11,DS07,4,99,89,32.6,72,137.5,658.0
2026-01-11,DS08,5,76,75,19.5,90,84.4,750.0
2026-01-12,DS02,5,80,78,19.5,90,88.9,756.0
2026-01-12,DS03,9,135,135,17.6,162,83.3,1350.0
2026-01-12,DS07,4,90,75,31.0,72,125.0,630.0
2026-01-13,DS07,3,87,81,30.9,54,161.1,522.0
2026-01-13,DS08,4,56,54,21.2,72,77.8,588.0
2026-01-14,DS04,7,91,90,19.8,126,72.2,1020.0
2026-01-14,DS06,3,51,50,21.9,54,94.4,460.0
2026-01-14,DS08,4,66,63,19.3,72,91.7,606.0
2026-01-15,DS01,8,135,133,20.1,144,93.8,1226.0
2026-01-15,DS02,8,112,107,20.6,144,77.8,1174.0
2026-01-15,DS03,10,159,154,18.5,180,88.3,1508.0
2026-01-15,DS07,5,114,106,33.0,90,126.7,812.0
2026-01-15,DS08,5,73,71,20.8,90,81.1,742.0
2026-01-16,DS03,15,205,201,18.8,270,75.9,2202.0
2026-01-16,DS05,6,90,87,20.8,108,83.3,894.0
2026-01-16,DS06,5,71,65,20.8,90,78.9,730.0
2026-01-16,DS07,6,132,124,31.1,108,122.2,968.0
2026-01-17,DS01,11,162,157,19.7,198,81.8,1634.0
2026-01-17,DS05,6,96,93,20.7,108,88.9,906.0
2026-01-17,DS06,5,72,70,19.7,90,80.0,740.0
2026-01-17,DS07,6,134,121,31.2,108,124.1,962.0
2026-01-18,DS01,9,122,121,19.9,162,75.3,1322.0
2026-01-18,DS02,7,104,102,20.2,126,82.5,1044.0
2026-01-18,DS03,11,149,148,18.6,198,75.3,1616.0
2026-01-18,DS06,5,61,59,20.3,90,67.8,718.0
2026-01-19,DS01,7,109,107,19.4,126,86.5,1054.0
2026-01-19,DS03,9,130,127,19.5,162,80.2,1334.0
2026-01-19,DS06,3,42,40,21.5,54,77.8,440.0
2026-01-19,DS07,4,88,78,31.4,72,122.2,636.0
2026-01-19,DS08,4,58,57,19.0,72,80.6,594.0
2026-01-20,DS03,9,129,127,18.5,162,79.6,1334.0
2026-01-20,DS04,6,80,80,20.6,108,74.1,880.0
2026-01-20,DS05,4,63,63,18.8,72,87.5,606.0
2026-01-21,DS02,6,87,81,19.5,108,80.6,882.0
2026-01-21,DS04,6,92,92,21.1,108,85.2,904.0
2026-01-21,DS05,5,73,68,20.1,90,81.1,736.0
2026-01-22,DS02,8,115,113,19.9,144,79.9,1186.0
2026-01-22,DS03,13,173,171,18.3,234,73.9,1902.0
2026-01-22,DS05,6,83,80,20.1,108,76.9,880.0
2026-01-22,DS06,4,61,58,21.3,72,84.7,596.0
2026-01-22,DS07,5,115,108,31.2,90,127.8,816.0
2026-01-22,DS08,4,66,62,20.9,72,91.7,604.0
2026-01-23,DS02,10,132,129,20.9,180,73.3,1458.0
2026-01-23,DS03,13,201,197,19.2,234,85.9,1954.0
2026-01-23,DS04,7,118,116,20.9,126,93.7,1072.0
2026-01-23,DS05,7,96,95,20.2,126,76.2,1030.0
2026-01-23,DS07,7,136,125,31.9,126,107.9,1090.0
2026-01-23,DS08,6,92,88,21.6,108,85.2,896.0
2026-01-24,DS01,11,162,158,20.1,198,81.8,1636.0
2026-01-24,DS02,9,125,124,19.6,162,77.2,1328.0
2026-01-24,DS03,15,195,189,19.6,270,72.2,2178.0
2026-01-25,DS02,7,98,95,20.6,126,77.8,1030.0
2026-01-25,DS03,11,165,162,19.0,198,83.3,1644.0
2026-01-25,DS05,5,71,71,18.9,90,78.9,742.0
2026-01-25,DS07,5,110,103,31.4,90,122.2,806.0
2026-01-26,DS02,6,92,91,19.9,108,85.2,902.0
2026-01-26,DS04,6,72,70,21.3,108,66.7,860.0
2026-01-26,DS07,4,87,75,31.6,72,120.8,630.0
2026-01-27,DS01,7,109,108,19.6,126,86.5,1056.0
2026-01-27,DS03,9,139,133,19.6,162,85.8,1346.0
2026-01-27,DS04,6,85,82,20.0,108,78.7,884.0
2026-01-27,DS07,4,88,83,32.5,72,122.2,646.0
2026-01-28,DS01,9,124,120,20.3,162,76.5,1320.0
2026-01-28,DS02,6,104,99,20.0,108,96.3,918.0
2026-01-28,DS03,11,154,152,18.3,198,77.8,1624.0
2026-01-28,DS04,6,85,82,21.6,108,78.7,884.0
2026-01-28,DS05,5,78,77,20.2,90,86.7,754.0
2026-01-29,DS01,9,131,127,20.4,162,80.9,1334.0
2026-01-29,DS07,5,118,109,30.3,90,131.1,818.0
2026-01-29,DS08,6,87,85,20.7,108,80.6,890.0
2026-01-30,DS02,9,140,137,19.9,162,86.4,1354.0
2026-01-30,DS07,7,147,132,33.2,126,116.7,1104.0
2026-01-30,DS08,7,91,88,20.8,126,72.2,1016.0
2026-01-31,DS02,9,140,137,19.3,162,86.4,1354.0
2026-01-31,DS04,9,127,122,20.9,162,78.4,1324.0
2026-01-31,DS05,6,92,88,19.6,108,85.2,896.0
2026-01-31,DS07,5,130,120,32.2,90,144.4,840.0
2026-02-01,DS01,10,137,135,19.3,180,76.1,1470.0
2026-02-01,DS05,5,69,65,20.2,90,76.7,730.0
2026-02-01,DS06,4,54,51,21.9,72,75.0,582.0
2026-02-02,DS01,7,99,98,19.0,126,78.6,1036.0
2026-02-02,DS03,8,128,127,18.7,144,88.9,1214.0
2026-02-02,DS04,5,69,68,19.9,90,76.7,736.0
2026-02-02,DS06,4,51,48,20.7,72,70.8,576.0
2026-02-03,DS01,7,104,99,19.0,126,82.5,1038.0
2026-02-03,DS02,5,79,77,20.5,90,87.8,754.0
2026-02-03,DS06,3,44,43,21.2,54,81.5,446.0
2026-02-03,DS07,4,96,89,31.3,72,133.3,658.0
2026-02-04,DS01,8,118,115,19.5,144,81.9,1190.0
2026-02-04,DS02,6,91,91,20.1,108,84.3,902.0
2026-02-04,DS04,6,88,86,21.2,108,81.5,892.0
2026-02-04,DS08,4,66,63,20.7,72,91.7,606.0
2026-02-05,DS03,10,156,151,18.8,180,86.7,1502.0
2026-02-05,DS05,5,80,78,21.8,90,88.9,756.0
2026-02-05,DS08,6,82,82,20.7,108,75.9,884.0
2026-02-06,DS01,10,167,161,18.7,180,92.8,1522.0
2026-02-06,DS02,9,134,133,20.6,162,82.7,1346.0
2026-02-06,DS03,14,207,204,19.1,252,82.1,2088.0
2026-02-06,DS05,7,94,93,21.2,126,74.6,1026.0
2026-02-06,DS06,5,68,68,20.7,90,75.6,736.0
2026-02-06,DS07,6,147,132,32.0,108,136.1,984.0
2026-02-06,DS08,5,92,89,22.3,90,102.2,778.0
2026-02-07,DS01,11,162,160,19.7,198,81.8,1640.0
2026-02-07,DS03,14,202,198,18.5,252,80.2,2076.0
2026-02-07,DS05,6,88,86,20.9,108,81.5,892.0
2026-02-07,DS08,7,92,91,20.4,126,73.0,1022.0
2026-02-08,DS01,7,122,118,19.8,126,96.8,1076.0
2026-02-08,DS02,8,106,105,20.9,144,73.6,1170.0
2026-02-08,DS06,4,52,52,20.8,72,72.2,584.0
2026-02-08,DS08,5,74,71,19.9,90,82.2,742.0
2026-02-09,DS03,9,133,133,18.5,162,82.1,1346.0
2026-02-09,DS04,5,72,70,21.5,90,80.0,740.0
2026-02-09,DS08,4,60,60,22.0,72,83.3,600.0
2026-02-10,DS03,9,133,132,19.8,162,82.1,1344.0
2026-02-10,DS06,3,51,49,21.1,54,94.4,458.0
2026-02-10,DS07,5,104,94,33.9,90,115.6,788.0
2026-02-11,DS03,10,164,159,19.4,180,91.1,1518.0
2026-02-11,DS05,5,68,67,20.5,90,75.6,734.0
2026-02-11,DS08,4,68,66,18.9,72,94.4,612.0
2026-02-12,DS01,9,142,140,19.5,162,87.7,1360.0
2026-02-12,DS02,8,122,120,19.7,144,84.7,1200.0
2026-02-12,DS04,6,96,92,19.9,108,88.9,904.0
2026-02-12,DS06,3,55,51,21.5,54,101.9,462.0
2026-02-12,DS08,5,71,69,21.5,90,78.9,738.0
2026-02-13,DS03,13,198,196,19.4,234,84.6,1952.0
2026-02-13,DS04,8,122,120,19.0,144,84.7,1200.0
2026-02-13,DS05,6,95,94,19.8,108,88.0,908.0
2026-02-14,DS02,9,141,137,20.3,162,87.0,1354.0
2026-02-14,DS06,5,74,74,19.8,90,82.2,748.0
2026-02-14,DS08,6,89,86,21.8,108,82.4,892.0
2026-02-15,DS04,7,89,87,19.7,126,70.6,1014.0
2026-02-15,DS06,3,47,45,20.3,54,87.0,450.0
2026-02-15,DS08,6,83,81,21.1,108,76.9,882.0
2026-02-16,DS01,6,91,90,18.9,108,84.3,900.0
2026-02-16,DS02,5,79,78,20.9,90,87.8,756.0
2026-02-16,DS04,5,72,72,21.0,90,80.0,744.0
2026-02-16,DS07,4,88,79,31.4,72,122.2,638.0
2026-02-17,DS01,11,164,162,19.4,198,82.8,1644.0
2026-02-17,DS02,8,125,122,19.0,144,86.8,1204.0
2026-02-17,DS06,5,75,70,21.3,90,83.3,740.0
2026-02-17,DS08,5,87,82,20.6,90,96.7,764.0
2026-02-18,DS01,11,158,155,19.4,198,79.8,1630.0
2026-02-18,DS04,9,119,116,20.1,162,73.5,1312.0
2026-02-18,DS05,5,86,83,19.3,90,95.6,766.0
2026-02-18,DS07,6,139,128,31.5,108,128.7,976.0
2026-02-18,DS08,5,95,89,20.5,90,105.6,778.0
2026-02-19,DS03,15,221,217,19.5,270,81.9,2234.0
2026-02-19,DS04,8,129,122,21.5,144,89.6,1204.0
2026-02-19,DS05,6,99,98,19.7,108,91.7,916.0
2026-02-19,DS08,7,105,97,21.1,126,83.3,1034.0
2026-02-20,DS05,9,127,122,19.7,162,78.4,1324.0
2026-02-20,DS07,10,202,185,32.5,180,112.2,1570.0
2026-02-21,DS01,15,229,227,19.4,270,84.8,2254.0
2026-02-21,DS02,13,185,181,20.5,234,79.1,1922.0
2026-02-21,DS04,10,151,143,21.9,180,83.9,1486.0
2026-02-21,DS06,7,97,92,21.3,126,77.0,1024.0
2026-02-21,DS07,9,200,187,30.4,162,123.5,1454.0
2026-02-22,DS02,10,147,143,19.6,180,81.7,1486.0
2026-02-22,DS07,7,151,140,32.4,126,119.8,1120.0
2026-02-23,DS01,9,150,147,19.1,162,92.6,1374.0
2026-02-23,DS02,9,123,119,20.5,162,75.9,1318.0
2026-02-23,DS03,13,182,177,20.0,234,77.8,1914.0
2026-02-23,DS05,6,84,83,20.9,108,77.8,886.0
2026-02-23,DS06,5,68,67,21.6,90,75.6,734.0
2026-02-23,DS08,5,79,75,20.7,90,87.8,750.0
2026-02-24,DS01,10,149,143,19.8,180,82.8,1486.0
2026-02-24,DS04,7,110,108,20.0,126,87.3,1056.0
2026-02-24,DS05,6,93,93,19.2,108,86.1,906.0
2026-02-25,DS01,11,159,155,19.2,198,80.3,1630.0
2026-02-25,DS03,14,211,205,18.7,252,83.7,2090.0
2026-02-25,DS04,8,118,114,20.5,144,81.9,1188.0
2026-02-25,DS05,7,100,97,19.6,126,79.4,1034.0
2026-02-25,DS06,6,72,71,20.9,108,66.7,862.0
2026-02-26,DS01,12,182,182,19.2,216,84.3,1804.0
2026-02-26,DS03,17,235,226,18.7,306,76.8,2492.0
2026-02-26,DS06,5,79,74,22.1,90,87.8,748.0
2026-02-26,DS07,8,164,152,31.3,144,113.9,1264.0
2026-02-27,DS01,16,237,234,19.4,288,82.3,2388.0
2026-02-27,DS02,12,182,176,20.1,216,84.3,1792.0
2026-02-27,DS04,13,177,174,20.8,234,75.6,1908.0
2026-02-27,DS05,8,116,115,20.0,144,80.6,1190.0
2026-02-27,DS06,9,117,114,21.5,162,72.2,1308.0
2026-02-27,DS08,10,139,133,20.3,180,77.2,1466.0
2026-02-28,DS02,12,178,177,20.0,216,82.4,1794.0
2026-02-28,DS05,8,124,124,20.6,144,86.1,1208.0
2026-02-28,DS06,7,96,91,20.1,126,76.2,1022.0
2026-02-28,DS07,8,195,174,31.4,144,135.4,1308.0
2026-03-01,DS03,16,210,209,19.4,288,72.9,2338.0
2026-03-01,DS04,10,139,138,21.4,180,77.2,1476.0
2026-03-01,DS05,7,108,102,21.5,126,85.7,1044.0
2026-03-01,DS06,5,72,70,23.3,90,80.0,740.0
2026-03-02,DS03,14,182,179,18.9,252,72.2,2038.0
2026-03-02,DS06,5,76,71,19.4,90,84.4,742.0
2026-03-02,DS08,6,84,81,19.8,108,77.8,882.0
2026-03-03,DS03,14,202,199,19.0,252,80.2,2078.0
2026-03-03,DS04,8,114,109,20.5,144,79.2,1178.0
2026-03-03,DS07,7,137,128,31.1,126,108.7,1096.0
2026-03-03,DS08,6,87,86,19.9,108,80.6,892.0
2026-03-04,DS02,10,141,139,20.8,180,78.3,1478.0
2026-03-04,DS08,7,99,99,21.2,126,78.6,1038.0
2026-03-05,DS01,13,193,190,19.7,234,82.5,1940.0
2026-03-05,DS02,10,159,157,19.9,180,88.3,1514.0
2026-03-05,DS04,9,132,129,21.3,162,81.5,1338.0
2026-03-05,DS06,6,72,71,20.8,108,66.7,862.0
2026-03-05,DS08,7,114,109,20.9,126,90.5,1058.0
2026-03-06,DS03,19,289,285,18.8,342,84.5,2850.0
2026-03-06,DS04,14,175,173,21.5,252,69.4,2026.0
2026-03-06,DS07,10,201,184,32.5,180,111.7,1568.0
2026-03-07,DS04,12,176,175,19.5,216,81.5,1790.0
2026-03-07,DS06,7,103,102,21.5,126,81.7,1044.0
2026-03-07,DS07,9,203,184,32.0,162,125.3,1448.0
2026-03-07,DS08,8,137,135,21.6,144,95.1,1230.0
2026-03-08,DS02,10,156,148,19.5,180,86.7,1496.0
2026-03-08,DS06,5,78,76,20.7,90,86.7,752.0
2026-03-08,DS07,7,155,143,33.0,126,123.0,1126.0
2026-03-09,DS01,11,166,154,20.0,198,83.8,1628.0
2026-03-09,DS02,10,131,129,19.9,180,72.8,1458.0
2026-03-09,DS05,7,97,95,20.0,126,77.0,1030.0
2026-03-10,DS01,11,167,164,19.9,198,84.3,1648.0
2026-03-10,DS05,6,89,86,21.1,108,82.4,892.0
2026-03-10,DS08,6,84,81,20.3,108,77.8,882.0
2026-03-11,DS02,10,134,133,19.4,180,74.4,1466.0
2026-03-11,DS04,8,128,127,20.0,144,88.9,1214.0
2026-03-12,DS03,15,238,235,17.9,270,88.1,2270.0
2026-03-12,DS07,8,165,153,31.5,144,114.6,1266.0
2026-03-12,DS08,7,105,103,21.7,126,83.3,1046.0
2026-03-13,DS02,13,190,185,19.5,234,81.2,1930.0
2026-03-13,DS05,10,137,136,20.8,180,76.1,1472.0
2026-03-13,DS07,9,211,196,32.0,162,130.2,1472.0
2026-03-14,DS01,19,256,247,19.4,342,74.9,2774.0
2026-03-14,DS02,13,197,189,19.9,234,84.2,1938.0
2026-03-14,DS03,22,276,268,19.1,396,69.7,3176.0
2026-03-14,DS07,9,201,187,31.1,162,124.1,1454.0
2026-03-15,DS01,12,186,182,19.5,216,86.1,1804.0
2026-03-15,DS02,10,159,154,19.7,180,88.3,1508.0
2026-03-15,DS03,14,231,228,19.1,252,91.7,2136.0
2026-03-15,DS04,10,137,134,19.2,180,76.1,1468.0
2026-03-15,DS06,7,83,81,21.5,126,65.9,1002.0
2026-03-15,DS07,7,143,133,31.3,126,113.5,1106.0
2026-03-15,DS08,7,102,100,21.6,126,81.0,1040.0
2026-03-16,DS02,8,128,125,20.1,144,88.9,1210.0
2026-03-16,DS03,13,189,188,19.2,234,80.8,1936.0
2026-03-16,DS04,8,115,114,21.4,144,79.9,1188.0
2026-03-16,DS06,5,70,69,20.8,90,77.8,738.0
2026-03-16,DS08,5,78,73,21.5,90,86.7,746.0
2026-03-17,DS03,15,191,187,19.1,270,70.7,2174.0
2026-03-17,DS06,5,79,76,21.1,90,87.8,752.0
2026-03-18,DS04,8,131,127,20.7,144,91.0,1214.0
2026-03-18,DS05,5,87,84,19.8,90,96.7,768.0
2026-03-18,DS07,7,148,133,31.8,126,117.5,1106.0
2026-03-19,DS01,14,200,194,20.8,252,79.4,2068.0
2026-03-19,DS02,11,151,149,20.2,198,76.3,1618.0
2026-03-19,DS03,15,215,211,19.1,270,79.6,2222.0
2026-03-19,DS05,8,120,117,21.3,144,83.3,1194.0
2026-03-19,DS06,5,81,79,21.0,90,90.0,758.0
2026-03-19,DS08,7,106,102,20.9,126,84.1,1044.0
2026-03-20,DS06,8,106,102,20.8,144,73.6,1164.0
2026-03-21,DS02,12,193,188,20.7,216,89.4,1816.0
2026-03-21,DS03,22,285,280,19.3,396,72.0,3200.0
2026-03-21,DS05,10,136,133,19.8,180,75.6,1466.0
2026-03-21,DS06,7,100,93,22.0,126,79.4,1026.0
2026-03-22,DS02,10,141,140,20.8,180,78.3,1480.0
2026-03-22,DS05,8,111,108,19.8,144,77.1,1176.0
2026-03-22,DS06,6,84,83,21.6,108,77.8,886.0
2026-03-22,DS07,7,163,153,31.0,126,129.4,1146.0
2026-03-22,DS08,7,106,105,19.8,126,84.1,1050.0
2026-03-23,DS01,7,107,105,18.8,126,84.9,1050.0
2026-03-23,DS02,6,93,92,19.4,108,86.1,904.0
2026-03-23,DS03,10,143,141,19.0,180,79.4,1482.0
2026-03-23,DS05,5,66,63,20.5,90,73.3,726.0
2026-03-24,DS01,9,122,119,20.3,162,75.3,1318.0
2026-03-24,DS03,10,150,149,18.4,180,83.3,1498.0
2026-03-24,DS04,7,95,89,20.5,126,75.4,1018.0
2026-03-24,DS08,5,74,69,20.1,90,82.2,738.0
2026-03-25,DS01,8,126,125,19.9,144,87.5,1210.0
2026-03-25,DS04,6,88,88,21.1,108,81.5,896.0
2026-03-25,DS07,6,114,106,32.4,108,105.6,932.0
2026-03-26,DS04,7,110,103,20.6,126,87.3,1046.0
2026-03-26,DS07,5,126,112,32.4,90,140.0,824.0
2026-03-26,DS08,6,84,83,20.5,108,77.8,886.0
2026-03-27,DS01,11,173,169,19.5,198,87.4,1658.0
2026-03-27,DS02,10,154,148,19.9,180,85.6,1496.0
2026-03-27,DS03,15,205,201,19.2,270,75.9,2202.0
2026-03-27,DS04,10,127,126,20.7,180,70.6,1452.0
2026-03-27,DS07,6,149,139,31.8,108,138.0,998.0
2026-03-28,DS01,13,179,176,20.5,234,76.5,1912.0
2026-03-28,DS02,9,151,148,19.8,162,93.2,1376.0
2026-03-28,DS03,13,214,212,19.4,234,91.5,1984.0
2026-03-28,DS04,9,134,130,20.6,162,82.7,1340.0
2026-03-28,DS06,6,80,79,22.3,108,74.1,878.0
2026-03-29,DS02,7,98,96,21.3,126,77.8,1032.0
2026-03-29,DS03,12,174,170,19.7,216,80.6,1780.0
2026-03-30,DS02,7,104,104,19.9,126,82.5,1048.0
2026-03-30,DS03,10,149,146,19.5,180,82.8,1492.0
2026-03-30,DS04,5,86,82,20.8,90,95.6,764.0
2026-03-30,DS05,5,71,70,20.4,90,78.9,740.0
2026-03-30,DS06,4,57,55,21.2,72,79.2,590.0
2026-03-30,DS07,5,101,97,32.4,90,112.2,794.0
2026-03-31,DS01,8,117,115,19.7,144,81.2,1190.0
2026-03-31,DS03,12,156,153,19.8,216,72.2,1746.0
2026-03-31,DS05,5,67,65,23.3,90,74.4,730.0
2026-04-01,DS01,8,121,120,20.1,144,84.0,1200.0
2026-04-01,DS03,11,166,163,19.7,198,83.8,1646.0
2026-04-01,DS04,7,101,99,19.1,126,80.2,1038.0
2026-04-01,DS06,4,58,58,19.5,72,80.6,596.0
2026-04-02,DS03,13,188,184,18.4,234,80.3,1928.0
2026-04-02,DS04,7,104,102,20.8,126,82.5,1044.0
2026-04-02,DS08,6,91,91,21.2,108,84.3,902.0
2026-04-03,DS05,8,113,107,19.9,144,78.5,1174.0
2026-04-03,DS08,7,106,102,20.4,126,84.1,1044.0
2026-04-04,DS04,8,124,117,20.4,144,86.1,1194.0
2026-04-04,DS05,7,109,108,20.3,126,86.5,1056.0
2026-04-04,DS07,8,154,142,33.0,144,106.9,1244.0
2026-04-04,DS08,7,100,98,19.8,126,79.4,1036.0
2026-04-05,DS01,10,145,144,20.5,180,80.6,1488.0
2026-04-05,DS02,7,107,107,19.7,126,84.9,1054.0
2026-04-05,DS04,7,109,106,20.7,126,86.5,1052.0
2026-04-05,DS06,5,65,61,22.1,90,72.2,722.0
2026-04-05,DS07,5,119,107,32.6,90,132.2,814.0
2026-04-05,DS08,6,83,81,22.7,108,76.9,882.0
2026-04-06,DS03,11,147,146,19.5,198,74.2,1612.0
2026-04-06,DS04,5,80,79,22.0,90,88.9,758.0
2026-04-06,DS06,3,46,44,22.6,54,85.2,448.0
2026-04-07,DS03,11,150,148,18.8,198,75.8,1616.0
2026-04-07,DS05,4,67,66,21.3,72,93.1,612.0
2026-04-07,DS06,4,56,54,20.0,72,77.8,588.0
2026-04-07,DS08,4,66,65,21.1,72,91.7,610.0
2026-04-08,DS01,9,137,133,19.4,162,84.6,1346.0
2026-04-08,DS02,8,114,111,19.2,144,79.2,1182.0
2026-04-08,DS04,7,99,97,21.5,126,78.6,1034.0
2026-04-08,DS06,4,56,55,21.0,72,77.8,590.0
2026-04-09,DS01,9,149,145,18.4,162,92.0,1370.0
2026-04-09,DS02,9,133,130,19.7,162,82.1,1340.0
2026-04-09,DS05,6,93,90,20.0,108,86.1,900.0
2026-04-09,DS07,6,140,125,31.4,108,129.6,970.0
2026-04-10,DS02,11,156,152,19.7,198,78.8,1624.0
2026-04-10,DS05,7,102,99,19.6,126,81.0,1038.0
2026-04-11,DS03,15,211,207,18.8,270,78.1,2214.0
2026-04-11,DS06,5,81,79,21.0,90,90.0,758.0
2026-04-11,DS07,8,161,149,32.2,144,111.8,1258.0
2026-04-11,DS08,8,112,111,20.5,144,77.8,1182.0
2026-04-12,DS04,7,105,105,20.2,126,83.3,1050.0
2026-04-12,DS06,4,54,54,20.9,72,75.0,588.0
2026-04-13,DS01,9,124,120,20.5,162,76.5,1320.0
2026-04-13,DS02,6,92,90,18.9,108,85.2,900.0
2026-04-13,DS03,10,146,141,19.5,180,81.1,1482.0
2026-04-13,DS05,5,69,64,19.1,90,76.7,728.0
2026-04-14,DS03,12,158,152,18.8,216,73.1,1744.0
2026-04-14,DS06,4,60,58,20.0,72,83.3,596.0
2026-04-14,DS07,4,101,93,30.6,72,140.3,666.0
2026-04-14,DS08,6,78,76,19.1,108,72.2,872.0
2026-04-15,DS01,10,138,135,20.0,180,76.7,1470.0
2026-04-15,DS02,7,114,110,20.3,126,90.5,1060.0
2026-04-15,DS06,4,60,58,20.6,72,83.3,596.0
2026-04-16,DS03,15,202,199,18.9,270,74.8,2198.0
2026-04-16,DS06,6,75,72,20.3,108,69.4,864.0
2026-04-16,DS08,6,91,87,20.8,108,84.3,894.0
2026-04-17,DS02,10,161,156,20.5,180,89.4,1512.0
2026-04-17,DS03,15,230,222,19.4,270,85.2,2244.0
2026-04-17,DS06,6,86,85,19.8,108,79.6,890.0
2026-04-18,DS01,12,190,188,19.5,216,88.0,1816.0
2026-04-18,DS04,9,130,125,19.9,162,80.2,1330.0
2026-04-18,DS06,5,78,76,21.1,90,86.7,752.0
2026-04-19,DS02,7,110,107,19.7,126,87.3,1054.0
2026-04-19,DS03,12,182,181,19.0,216,84.3,1802.0
2026-04-20,DS01,7,115,113,20.7,126,91.3,1066.0
2026-04-20,DS02,6,96,90,19.8,108,88.9,900.0
2026-04-20,DS03,10,134,130,19.3,180,74.4,1460.0
2026-04-21,DS01,8,137,132,20.5,144,95.1,1224.0
2026-04-21,DS04,6,89,86,20.6,108,82.4,892.0
2026-04-21,DS05,6,75,74,20.3,108,69.4,868.0
2026-04-21,DS06,4,61,60,21.4,72,84.7,600.0
2026-04-22,DS01,9,146,143,20.4,162,90.1,1366.0
2026-04-22,DS03,11,166,165,18.9,198,83.8,1650.0
2026-04-22,DS04,6,95,92,21.7,108,88.0,904.0
2026-04-22,DS06,4,61,59,21.9,72,84.7,598.0
2026-04-22,DS07,6,124,111,30.5,108,114.8,942.0
2026-04-22,DS08,6,80,78,20.5,108,74.1,876.0
2026-04-23,DS02,8,131,130,19.8,144,91.0,1220.0
2026-04-23,DS03,13,189,183,18.9,234,80.8,1926.0
2026-04-23,DS07,6,140,124,32.5,108,129.6,968.0
2026-04-24,DS01,13,199,197,20.1,234,85.0,1954.0
2026-04-24,DS04,10,130,127,21.4,180,72.2,1454.0
2026-04-24,DS05,7,101,99,18.7,126,80.2,1038.0
2026-04-24,DS06,5,76,71,22.3,90,84.4,742.0
2026-04-24,DS08,7,104,102,20.4,126,82.5,1044.0
2026-04-25,DS01,13,193,192,19.2,234,82.5,1944.0
2026-04-25,DS03,15,224,222,19.9,270,83.0,2244.0
2026-04-25,DS07,7,152,142,32.9,126,120.6,1124.0
2026-04-25,DS08,7,104,103,20.4,126,82.5,1046.0
2026-04-26,DS01,9,140,139,20.6,162,86.4,1358.0
2026-04-26,DS02,8,123,116,19.5,144,85.4,1192.0
2026-04-26,DS05,6,82,81,20.7,108,75.9,882.0
2026-04-27,DS01,8,117,116,19.9,144,81.2,1192.0
2026-04-27,DS06,4,52,52,20.0,72,72.2,584.0
2026-04-28,DS01,10,131,128,19.5,180,72.8,1456.0
2026-04-28,DS03,11,157,154,19.2,198,79.3,1628.0
2026-04-28,DS04,6,94,92,21.0,108,87.0,904.0
2026-04-28,DS05,5,74,69,21.4,90,82.2,738.0
2026-04-28,DS06,4,56,54,21.6,72,77.8,588.0
2026-04-28,DS08,5,78,77,21.3,90,86.7,754.0
2026-04-29,DS03,12,177,175,18.6,216,81.9,1790.0
2026-04-29,DS04,6,96,96,20.2,108,88.9,912.0
2026-04-29,DS05,5,70,68,20.3,90,77.8,736.0
2026-04-29,DS06,4,65,63,20.3,72,90.3,606.0
2026-04-29,DS08,5,70,67,20.5,90,77.8,734.0
2026-04-30,DS02,8,126,123,20.6,144,87.5,1206.0
2026-04-30,DS04,8,116,112,20.7,144,80.6,1184.0
2026-04-30,DS05,5,83,79,20.1,90,92.2,758.0
2026-04-30,DS06,4,63,62,21.1,72,87.5,604.0
2026-04-30,DS07,6,133,130,31.9,108,123.1,980.0
2026-04-30,DS08,7,102,101,22.0,126,81.0,1042.0
2026-05-01,DS01,12,187,181,20.1,216,86.6,1802.0
2026-05-01,DS02,11,167,162,21.1,198,84.3,1644.0
2026-05-01,DS03,17,241,234,17.9,306,78.8,2508.0
2026-05-01,DS07,7,161,153,32.0,126,127.8,1146.0
2026-05-02,DS01,13,200,194,19.7,234,85.5,1948.0
2026-05-02,DS02,9,144,140,19.4,162,88.9,1360.0
2026-05-02,DS03,16,234,228,19.2,288,81.2,2376.0
2026-05-02,DS05,8,114,111,20.3,144,79.2,1182.0
2026-05-02,DS06,5,82,79,22.0,90,91.1,758.0
2026-05-03,DS04,7,102,101,20.1,126,81.0,1042.0
2026-05-03,DS05,6,92,88,20.6,108,85.2,896.0
2026-05-03,DS06,5,67,64,22.1,90,74.4,728.0
2026-05-03,DS08,6,85,81,20.1,108,78.7,882.0
2026-05-04,DS02,7,101,100,19.6,126,80.2,1040.0
2026-05-04,DS08,5,70,65,22.7,90,77.8,730.0
2026-05-05,DS03,10,151,150,18.4,180,83.9,1500.0
2026-05-05,DS05,5,77,77,20.8,90,85.6,754.0
2026-05-05,DS06,3,50,48,20.3,54,92.6,456.0
2026-05-05,DS07,4,112,98,33.4,72,155.6,676.0
2026-05-06,DS01,10,145,139,19.4,180,80.6,1478.0
2026-05-06,DS02,7,124,121,19.8,126,98.4,1082.0
2026-05-06,DS05,6,92,92,19.8,108,85.2,904.0
2026-05-06,DS07,5,118,106,30.5,90,131.1,812.0
2026-05-07,DS05,6,79,76,20.4,108,73.1,872.0
2026-05-07,DS06,5,73,72,19.9,90,81.1,744.0
2026-05-07,DS07,5,136,122,31.5,90,151.1,844.0
2026-05-07,DS08,7,95,92,22.0,126,75.4,1024.0
2026-05-08,DS02,11,152,149,19.7,198,76.8,1618.0
2026-05-08,DS05,7,105,105,20.5,126,83.3,1050.0
2026-05-08,DS08,8,121,117,19.6,144,84.0,1194.0
2026-05-09,DS04,9,136,131,19.5,162,84.0,1342.0
2026-05-09,DS06,7,93,92,21.7,126,73.8,1024.0
2026-05-09,DS07,7,171,155,31.7,126,135.7,1150.0
2026-05-10,DS07,6,121,113,31.4,108,112.0,946.0
2026-05-10,DS08,6,92,91,20.3,108,85.2,902.0
2026-05-11,DS01,8,128,125,19.7,144,88.9,1210.0
2026-05-11,DS02,7,108,104,19.0,126,85.7,1048.0
2026-05-12,DS02,8,111,111,18.7,144,77.1,1182.0
2026-05-12,DS03,11,158,157,18.0,198,79.8,1634.0
2026-05-12,DS04,6,91,88,19.8,108,84.3,896.0
2026-05-12,DS08,5,76,75,20.9,90,84.4,750.0
2026-05-13,DS03,12,181,180,18.6,216,83.8,1800.0
2026-05-13,DS06,5,69,65,21.0,90,76.7,730.0
2026-05-13,DS07,5,119,110,31.2,90,132.2,820.0
2026-05-13,DS08,6,80,79,21.2,108,74.1,878.0
2026-05-14,DS02,10,146,144,20.5,180,81.1,1488.0
2026-05-14,DS03,13,189,188,19.5,234,80.8,1936.0
2026-05-14,DS07,6,137,127,31.2,108,126.9,974.0
2026-05-14,DS08,6,88,83,21.0,108,81.5,886.0
2026-05-15,DS01,14,205,202,19.9,252,81.3,2084.0
2026-05-15,DS05,8,122,119,20.2,144,84.7,1198.0
2026-05-15,DS06,6,87,85,21.1,108,80.6,890.0
2026-05-15,DS08,8,117,114,20.0,144,81.2,1188.0
2026-05-16,DS01,14,199,192,19.5,252,79.0,2064.0
2026-05-16,DS02,11,157,155,20.3,198,79.3,1630.0
2026-05-16,DS05,7,108,103,20.8,126,85.7,1046.0
2026-05-16,DS06,6,86,82,21.0,108,79.6,884.0
2026-05-17,DS01,9,147,145,19.5,162,90.7,1370.0
2026-05-17,DS02,9,129,125,19.6,162,79.6,1330.0
2026-05-17,DS04,8,118,115,21.1,144,81.9,1190.0
2026-05-17,DS06,4,56,55,22.3,72,77.8,590.0
2026-05-18,DS08,6,80,79,21.0,108,74.1,878.0
2026-05-19,DS02,8,114,113,20.4,144,79.2,1186.0
2026-05-19,DS04,7,105,99,20.2,126,83.3,1038.0
2026-05-19,DS06,4,58,58,22.6,72,80.6,596.0
2026-05-20,DS01,9,139,136,19.3,162,85.8,1352.0
2026-05-20,DS02,8,112,109,20.0,144,77.8,1178.0
2026-05-20,DS04,8,112,108,19.7,144,77.8,1176.0
2026-05-21,DS02,10,137,135,19.2,180,76.1,1470.0
2026-05-21,DS03,13,189,186,19.8,234,80.8,1932.0
2026-05-21,DS04,7,109,108,20.1,126,86.5,1056.0
2026-05-21,DS05,6,96,95,19.1,108,88.9,910.0
2026-05-21,DS08,7,92,90,20.7,126,73.0,1020.0
2026-05-22,DS05,8,114,112,20.0,144,79.2,1184.0
2026-05-23,DS02,12,161,157,20.2,216,74.5,1754.0
2026-05-23,DS08,8,120,118,21.0,144,83.3,1196.0
2026-05-24,DS02,8,130,128,20.3,144,90.3,1216.0
2026-05-24,DS08,6,90,87,22.0,108,83.3,894.0
2026-05-25,DS03,12,156,150,19.1,216,72.2,1740.0
2026-05-26,DS01,9,141,137,19.6,162,87.0,1354.0
2026-05-26,DS04,7,105,103,21.9,126,83.3,1046.0
2026-05-26,DS07,5,124,118,31.2,90,137.8,836.0
2026-05-27,DS01,10,140,138,19.2,180,77.8,1476.0
2026-05-27,DS04,8,113,112,20.3,144,78.5,1184.0
2026-05-27,DS07,6,136,121,32.1,108,125.9,962.0
2026-05-27,DS08,6,85,83,21.4,108,78.7,886.0
2026-05-28,DS01,10,157,155,19.1,180,87.2,1510.0
2026-05-28,DS03,13,193,187,19.4,234,82.5,1934.0
2026-05-28,DS06,5,73,71,19.2,90,81.1,742.0
2026-05-28,DS08,7,100,96,20.5,126,79.4,1032.0
2026-05-29,DS02,10,156,155,19.5,180,86.7,1510.0
2026-05-29,DS03,19,249,242,19.1,342,72.8,2764.0
2026-05-29,DS06,5,82,81,23.1,90,91.1,762.0
2026-05-29,DS08,7,106,102,20.5,126,84.1,1044.0
2026-05-30,DS01,15,212,205,20.0,270,78.5,2210.0
2026-05-30,DS04,9,136,135,21.1,162,84.0,1350.0
2026-05-30,DS07,6,161,150,30.5,108,149.1,1020.0
2026-05-30,DS08,8,112,110,19.9,144,77.8,1180.0
2026-05-31,DS02,9,125,119,20.3,162,77.2,1318.0
2026-05-31,DS03,12,182,178,18.2,216,84.3,1796.0
2026-05-31,DS04,9,119,117,20.0,162,73.5,1314.0
2026-05-31,DS05,7,94,92,20.7,126,74.6,1024.0
2026-05-31,DS06,4,67,67,21.5,72,93.1,614.0
2026-06-01,DS02,7,102,99,19.9,126,81.0,1038.0
2026-06-01,DS03,11,154,153,19.4,198,77.8,1626.0
2026-06-01,DS04,7,85,83,19.4,126,67.5,1006.0
2026-06-01,DS08,6,86,84,20.6,108,79.6,888.0
2026-06-02,DS05,6,79,78,20.5,108,73.1,876.0
2026-06-02,DS06,4,60,60,20.9,72,83.3,600.0
2026-06-03,DS02,10,134,133,18.7,180,74.4,1466.0
2026-06-03,DS04,8,107,103,21.9,144,74.3,1166.0
2026-06-03,DS07,6,133,122,32.1,108,123.1,964.0
2026-06-03,DS08,6,90,85,20.4,108,83.3,890.0
2026-06-04,DS01,12,154,152,19.8,216,71.3,1744.0
2026-06-04,DS02,9,123,122,20.0,162,75.9,1324.0
2026-06-04,DS03,14,204,194,19.1,252,81.0,2068.0
2026-06-04,DS06,5,73,70,22.8,90,81.1,740.0
2026-06-04,DS07,7,144,134,31.0,126,114.3,1108.0
2026-06-05,DS03,18,259,252,20.0,324,79.9,2664.0
2026-06-05,DS08,8,112,105,21.2,144,77.8,1170.0
2026-06-06,DS02,10,162,161,19.8,180,90.0,1522.0
2026-06-06,DS08,7,112,108,21.1,126,88.9,1056.0
2026-06-07,DS02,10,136,135,20.1,180,75.6,1470.0
2026-06-08,DS05,6,78,74,21.3,108,72.2,868.0
2026-06-09,DS02,8,116,116,19.8,144,80.6,1192.0
2026-06-09,DS04,7,99,96,21.9,126,78.6,1032.0
2026-06-09,DS06,5,64,63,20.5,90,71.1,726.0
2026-06-10,DS01,9,151,149,19.8,162,93.2,1378.0
2026-06-10,DS03,13,185,180,19.6,234,79.1,1920.0
2026-06-10,DS05,6,82,79,20.5,108,75.9,878.0
2026-06-11,DS01,11,167,165,19.2,198,84.3,1650.0
2026-06-11,DS02,9,133,130,20.1,162,82.1,1340.0
2026-06-11,DS03,14,215,211,18.4,252,85.3,2102.0
2026-06-11,DS04,8,124,123,20.3,144,86.1,1206.0
2026-06-11,DS05,7,92,89,19.6,126,73.0,1018.0
2026-06-11,DS06,5,72,72,21.1,90,80.0,744.0
2026-06-11,DS07,6,136,120,31.9,108,125.9,960.0
2026-06-12,DS02,12,176,173,20.3,216,81.5,1786.0
2026-06-12,DS03,19,275,272,19.1,342,80.4,2824.0
2026-06-12,DS05,9,131,127,20.0,162,80.9,1334.0
2026-06-13,DS01,14,203,199,19.2,252,80.6,2078.0
2026-06-13,DS03,16,256,253,19.0,288,88.9,2426.0
2026-06-13,DS04,12,153,151,21.1,216,70.8,1742.0
2026-06-13,DS05,8,112,108,18.3,144,77.8,1176.0
2026-06-13,DS08,8,117,114,20.4,144,81.2,1188.0
2026-06-14,DS03,14,198,195,18.3,252,78.6,2070.0
2026-06-14,DS05,6,92,90,18.9,108,85.2,900.0
2026-06-14,DS07,7,143,133,31.2,126,113.5,1106.0
2026-06-15,DS01,9,129,129,20.1,162,79.6,1338.0
2026-06-15,DS05,5,84,82,19.2,90,93.3,764.0
2026-06-15,DS07,5,118,108,31.0,90,131.1,816.0
2026-06-15,DS08,5,74,72,21.3,90,82.2,744.0
2026-06-16,DS01,9,137,131,19.1,162,84.6,1342.0
2026-06-16,DS03,14,174,168,18.3,252,69.0,2016.0
2026-06-17,DS01,10,151,148,19.2,180,83.9,1496.0
2026-06-18,DS07,6,135,129,33.4,108,125.0,978.0
2026-06-18,DS08,6,89,87,22.4,108,82.4,894.0
2026-06-19,DS02,11,169,167,19.2,198,85.4,1654.0
2026-06-19,DS03,18,261,255,19.1,324,80.6,2670.0
2026-06-19,DS06,6,86,84,20.7,108,79.6,888.0
2026-06-20,DS03,19,253,247,19.2,342,74.0,2774.0
2026-06-20,DS06,6,89,81,21.3,108,82.4,882.0
2026-06-20,DS07,8,179,164,31.1,144,124.3,1288.0
2026-06-21,DS02,9,141,138,19.1,162,87.0,1356.0
2026-06-21,DS04,8,111,110,20.2,144,77.1,1180.0
2026-06-21,DS05,7,95,92,20.6,126,75.4,1024.0
2026-06-22,DS02,8,108,107,20.5,144,75.0,1174.0
2026-06-22,DS03,11,160,159,18.2,198,80.8,1638.0
2026-06-22,DS05,4,61,58,20.1,72,84.7,596.0
2026-06-23,DS01,9,152,151,19.7,162,93.8,1382.0
2026-06-23,DS03,13,184,177,19.2,234,78.6,1914.0
2026-06-23,DS04,8,111,105,19.9,144,77.1,1170.0
2026-06-23,DS05,5,73,72,21.0,90,81.1,744.0
2026-06-23,DS08,6,83,80,21.1,108,76.9,880.0
2026-06-24,DS01,11,155,148,19.0,198,78.3,1616.0
2026-06-25,DS01,11,156,154,19.7,198,78.8,1628.0
2026-06-25,DS06,5,66,64,22.0,90,73.3,728.0
2026-06-25,DS07,8,164,148,31.4,144,113.9,1256.0
2026-06-25,DS08,6,88,84,20.7,108,81.5,888.0
2026-06-26,DS04,11,159,157,19.3,198,80.3,1634.0
2026-06-27,DS01,15,204,201,20.1,270,75.6,2202.0
2026-06-27,DS02,10,151,146,20.3,180,83.9,1492.0
2026-06-27,DS03,21,266,259,18.9,378,70.4,3038.0
2026-06-27,DS05,8,119,118,19.9,144,82.6,1196.0
2026-06-27,DS06,6,84,82,21.4,108,77.8,884.0
2026-06-27,DS07,9,186,174,30.6,162,114.8,1428.0
2026-06-28,DS01,11,171,168,19.9,198,86.4,1656.0
2026-06-28,DS04,8,119,115,20.5,144,82.6,1190.0
2026-06-28,DS07,6,138,131,31.6,108,127.8,982.0
2026-06-29,DS01,9,138,138,20.1,162,85.2,1356.0
2026-06-29,DS04,7,101,97,20.5,126,80.2,1034.0
2026-06-29,DS05,6,82,81,19.7,108,75.9,882.0
2026-06-29,DS06,5,65,61,22.3,90,72.2,722.0
2026-06-30,DS03,12,184,182,18.3,216,85.2,1804.0
2026-06-30,DS04,8,109,104,19.6,144,75.7,1168.0
2026-06-30,DS06,5,61,57,20.6,90,67.8,714.0
2026-06-30,DS07,6,120,113,31.6,108,111.1,946.0
2026-06-30,DS08,5,82,82,21.2,90,91.1,764.0
