date,store_id,sku_id,opening_units,received_units,sold_units,wasted_units,closing_units,lost_demand_units,stockout_flag,ordered_units
2025-05-07,DS01,SKU0261,114,28,12,0,102,0,0,35
2026-03-04,DS01,SKU0261,152,35,14,0,138,0,0,35
2025-10-07,DS01,SKU0176,123,36,20,0,103,0,0,0
2026-06-24,DS01,SKU0176,128,0,12,0,116,0,0,24
2025-03-06,DS01,SKU0161,63,0,15,0,48,0,0,0
2025-11-16,DS01,SKU0161,90,63,12,0,78,0,0,0
2025-12-30,DS01,SKU0161,106,36,9,0,97,0,0,0
2026-04-21,DS01,SKU0161,112,36,16,0,96,0,0,0
2025-03-17,DS01,SKU0266,77,54,16,0,61,0,0,78
2025-02-26,DS01,SKU0122,61,0,8,0,53,0,0,18
2025-07-30,DS01,SKU0122,60,0,14,0,46,0,0,18
2025-10-06,DS01,SKU0172,87,0,13,0,74,0,0,56
2026-06-13,DS01,SKU0172,82,0,14,0,68,0,0,0
2026-03-09,DS01,SKU0095,0,0,0,0,0,8,1,36
2025-01-04,DS01,SKU0076,32,32,8,0,24,0,0,0
2025-03-01,DS01,SKU0076,14,0,13,0,1,0,0,0
2025-09-16,DS01,SKU0076,0,0,0,0,0,5,1,0
2025-12-12,DS01,SKU0076,32,32,8,0,24,0,0,0
2026-03-02,DS01,SKU0076,0,0,0,0,0,5,1,48
2026-01-17,DS01,SKU0127,55,0,10,0,45,0,0,0
2026-04-29,DS01,SKU0106,41,0,11,0,30,0,0,24
2025-04-27,DS01,SKU0219,43,0,10,0,33,0,0,0
2025-01-10,DS01,SKU0143,68,0,6,0,62,0,0,0
2026-05-21,DS01,SKU0143,44,0,6,0,38,0,0,0
2025-07-21,DS01,SKU0018,2,0,2,0,0,4,1,49
2025-07-24,DS01,SKU0032,0,0,0,0,0,6,1,0
2026-01-29,DS01,SKU0061,33,0,8,0,25,0,0,0
2025-02-02,DS01,SKU0212,0,0,0,0,0,8,1,0
2025-02-19,DS01,SKU0023,20,20,5,0,15,0,0,0
2026-02-22,DS01,SKU0023,0,0,0,0,0,6,1,0
2026-06-08,DS01,SKU0256,53,32,8,0,45,0,0,32
2026-02-06,DS01,SKU0085,17,0,9,0,8,0,0,0
2025-05-10,DS01,SKU0013,11,0,4,0,7,0,0,0
2026-06-16,DS01,SKU0013,0,0,0,0,0,7,1,0
2025-06-07,DS01,SKU0169,26,0,9,0,17,0,0,0
2026-05-11,DS01,SKU0169,29,0,3,0,26,0,0,21
2025-05-01,DS01,SKU0132,40,0,2,0,38,0,0,0
2026-04-04,DS01,SKU0132,32,0,4,0,28,0,0,0
2025-06-20,DS01,SKU0218,41,0,1,0,40,0,0,0
2026-04-13,DS01,SKU0218,43,24,2,0,41,0,0,16
2026-05-17,DS01,SKU0218,19,0,3,0,16,0,0,0
2025-10-02,DS01,SKU0043,36,0,7,0,29,0,0,0
2025-04-01,DS01,SKU0113,50,0,7,0,43,0,0,0
2025-09-25,DS01,SKU0113,32,0,2,0,30,0,0,0
2025-12-18,DS01,SKU0134,48,0,2,0,46,0,0,0
2026-06-21,DS01,SKU0134,53,23,10,0,43,0,0,0
2025-06-18,DS01,SKU0259,38,0,2,0,36,0,0,10
2025-08-21,DS01,SKU0259,40,0,4,0,36,0,0,0
2025-01-06,DS01,SKU0209,0,0,0,0,0,6,1,12
2025-01-27,DS01,SKU0209,0,0,0,0,0,2,1,12
2025-03-09,DS01,SKU0209,0,0,0,0,0,2,1,0
2025-04-27,DS01,SKU0050,17,0,3,0,14,0,0,0
2026-03-31,DS01,SKU0135,38,0,4,0,34,0,0,0
2025-05-30,DS01,SKU0016,18,8,6,0,12,0,0,0
2025-09-17,DS01,SKU0016,24,24,6,0,18,0,0,8
2026-06-27,DS01,SKU0016,26,0,6,0,20,0,0,0
2025-11-03,DS01,SKU0081,2,0,0,0,2,0,0,16
2026-01-31,DS01,SKU0081,12,4,5,0,7,0,0,0
2026-03-03,DS01,SKU0081,0,0,0,0,0,2,1,0
2026-04-18,DS01,SKU0081,10,0,8,0,2,0,0,0
2026-04-26,DS01,SKU0081,10,0,5,0,5,0,0,0
2026-06-30,DS01,SKU0081,0,0,0,0,0,2,1,0
2026-02-25,DS01,SKU0195,37,0,6,0,31,0,0,18
2026-05-05,DS01,SKU0195,26,0,5,0,21,0,0,0
2025-07-17,DS01,SKU0030,21,0,5,0,16,0,0,0
2025-09-10,DS01,SKU0030,24,24,5,0,19,0,0,0
2025-06-16,DS01,SKU0236,25,18,2,0,23,0,0,24
2025-03-24,DS01,SKU0242,27,12,1,0,26,0,0,18
2025-04-21,DS01,SKU0242,29,18,0,0,29,0,0,12
2026-04-03,DS01,SKU0242,19,0,2,0,17,0,0,0
2025-01-11,DS01,SKU0251,31,0,5,0,26,0,0,0
2025-05-16,DS01,SKU0147,24,0,6,0,18,0,0,0
2025-01-02,DS01,SKU0230,0,0,0,0,0,3,1,0
2026-02-22,DS01,SKU0230,20,0,5,0,15,0,0,0
2025-03-30,DS01,SKU0200,19,0,5,0,14,0,0,0
2025-03-20,DS01,SKU0225,33,0,1,0,32,0,0,0
2025-12-01,DS01,SKU0240,20,12,1,0,19,0,0,12
2026-03-10,DS01,SKU0240,24,0,3,0,21,0,0,0
2025-04-29,DS01,SKU0260,22,0,2,0,20,0,0,0
2025-09-11,DS01,SKU0260,31,0,7,0,24,0,0,0
2025-11-22,DS01,SKU0260,17,0,1,0,16,0,0,0
2026-05-14,DS01,SKU0264,30,0,2,0,28,0,0,0
2025-04-01,DS01,SKU0156,33,0,3,0,30,0,0,0
2025-10-20,DS01,SKU0156,30,0,2,0,28,0,0,24
2026-01-28,DS01,SKU0156,22,0,2,0,20,0,0,0
2025-01-07,DS01,SKU0086,7,7,2,0,5,0,0,0
2025-04-01,DS01,SKU0086,14,14,3,0,11,0,0,0
2025-04-19,DS01,SKU0086,3,0,2,0,1,0,0,0
2025-12-16,DS01,SKU0086,7,7,6,0,1,0,0,0
2025-04-29,DS01,SKU0022,4,0,1,0,3,0,0,0
2025-05-04,DS01,SKU0022,9,0,0,0,9,0,0,0
2025-08-26,DS01,SKU0022,0,0,0,0,0,4,1,0
2025-05-14,DS01,SKU0198,21,0,1,0,20,0,0,0
2026-06-12,DS01,SKU0198,18,0,2,0,16,0,0,0
2025-03-16,DS01,SKU0138,31,16,2,0,29,0,0,0
2025-11-04,DS01,SKU0138,31,0,2,0,29,0,0,0
2025-09-04,DS01,SKU0194,15,0,1,0,14,0,0,0
2025-12-30,DS01,SKU0121,20,0,2,0,18,0,0,0
2025-03-17,DS01,SKU0145,31,0,4,0,27,0,0,17
2025-06-26,DS01,SKU0145,10,0,4,0,6,0,0,0
2026-05-17,DS01,SKU0145,25,17,2,0,23,0,0,0
2025-07-01,DS01,SKU0128,33,0,0,0,33,0,0,0
2025-04-03,DS01,SKU0087,11,0,5,0,6,0,0,0
2025-12-26,DS01,SKU0035,25,11,4,0,21,0,0,0
2025-10-20,DS01,SKU0059,8,0,1,0,7,0,0,10
2025-10-07,DS01,SKU0079,4,0,3,0,1,0,0,0
2026-01-24,DS01,SKU0011,15,0,4,0,11,0,0,0
2026-02-12,DS01,SKU0011,18,0,6,0,12,0,0,0
2025-03-29,DS01,SKU0037,30,0,3,0,27,0,0,0
2026-04-27,DS01,SKU0037,10,0,3,0,7,0,0,17
2026-02-20,DS01,SKU0179,15,0,6,0,9,0,0,0
2026-06-08,DS01,SKU0210,0,0,0,0,0,1,1,6
2026-04-02,DS01,SKU0207,9,6,2,0,7,0,0,0
2026-01-10,DS01,SKU0091,0,0,0,0,0,3,1,0
2025-07-04,DS01,SKU0047,24,12,0,0,24,0,0,0
2025-05-20,DS01,SKU0253,25,0,1,0,24,0,0,0
2026-02-02,DS01,SKU0253,30,11,2,0,28,0,0,11
2025-03-10,DS01,SKU0167,26,0,4,0,22,0,0,10
2025-03-20,DS01,SKU0167,15,0,4,0,11,0,0,0
2025-11-11,DS01,SKU0215,14,14,2,0,12,0,0,0
2026-02-06,DS01,SKU0215,7,0,5,0,2,0,0,0
2025-06-21,DS01,SKU0197,9,0,0,0,9,0,0,0
2025-08-06,DS01,SKU0238,17,7,1,0,16,0,0,7
2025-10-31,DS01,SKU0222,24,0,1,0,23,0,0,0
2025-02-24,DS01,SKU0051,10,0,0,0,10,0,0,17
2025-12-04,DS01,SKU0051,17,0,2,0,15,0,0,0
2026-06-09,DS01,SKU0051,15,0,4,0,11,0,0,0
2025-02-15,DS01,SKU0205,5,0,0,0,5,0,0,0
2025-08-24,DS01,SKU0205,5,0,2,0,3,0,0,0
2025-10-29,DS01,SKU0205,6,0,2,0,4,0,0,5
2025-11-16,DS01,SKU0114,22,0,1,0,21,0,0,0
2025-06-24,DS01,SKU0115,11,0,2,0,9,0,0,0
2025-01-05,DS01,SKU0073,11,0,0,0,11,0,0,0
2025-02-08,DS01,SKU0073,5,0,3,0,2,0,0,0
2025-04-01,DS01,SKU0073,5,0,2,0,3,0,0,0
2025-07-25,DS01,SKU0073,6,0,3,0,3,0,0,0
2025-10-30,DS01,SKU0073,15,4,2,0,13,0,0,0
2025-02-24,DS01,SKU0010,0,0,0,0,0,0,0,10
2025-08-23,DS01,SKU0010,4,0,3,0,1,0,0,0
2025-08-24,DS01,SKU0010,1,0,1,0,0,1,1,0
2025-06-20,DS01,SKU0069,10,0,1,0,9,0,0,0
2026-02-23,DS01,SKU0069,8,0,4,0,4,0,0,16
2026-04-07,DS01,SKU0069,10,0,2,0,8,0,0,0
2025-05-22,DS01,SKU0052,5,0,0,0,5,0,0,0
2026-05-22,DS01,SKU0184,11,0,0,0,11,0,0,0
2026-03-27,DS01,SKU0193,5,0,2,0,3,0,0,0
2025-12-01,DS01,SKU0174,10,0,1,0,9,0,0,14
2026-03-17,DS01,SKU0174,20,7,2,0,18,0,0,0
2026-06-29,DS01,SKU0082,9,0,3,0,6,0,0,7
2025-06-15,DS01,SKU0021,3,0,3,0,0,0,0,0
2025-11-18,DS01,SKU0021,0,0,0,0,0,0,0,0
2025-12-30,DS01,SKU0021,0,0,0,0,0,0,0,0
2025-01-05,DS01,SKU0129,14,14,0,0,14,0,0,0
2025-06-28,DS01,SKU0188,16,8,3,0,13,0,0,0
2025-09-02,DS01,SKU0188,13,0,2,0,11,0,0,0
2026-05-11,DS01,SKU0188,20,8,1,0,19,0,0,0
2026-05-26,DS01,SKU0188,14,0,2,0,12,0,0,0
2026-01-02,DS01,SKU0149,26,0,1,0,25,0,0,0
2025-01-05,DS01,SKU0180,0,0,0,0,0,1,1,0
2026-05-12,DS01,SKU0180,18,0,2,0,16,0,0,0
2025-03-29,DS01,SKU0008,5,0,1,0,4,0,0,0
2025-08-17,DS01,SKU0008,4,0,4,0,0,1,1,0
2025-06-22,DS01,SKU0232,5,0,3,0,2,0,0,0
2026-03-26,DS01,SKU0232,13,0,3,0,10,0,0,0
2025-05-27,DS01,SKU0045,4,0,1,0,3,0,0,0
2025-03-04,DS01,SKU0003,0,0,0,0,0,1,1,0
2025-10-10,DS01,SKU0003,5,0,1,0,4,0,0,0
2025-02-03,DS01,SKU0001,0,0,0,0,0,0,0,6
2025-08-24,DS01,SKU0001,2,0,0,0,2,0,0,0
2025-09-24,DS01,SKU0001,8,6,1,1,6,0,0,0
2025-07-27,DS01,SKU0162,22,11,2,0,20,0,0,0
2026-01-10,DS01,SKU0162,11,0,4,0,7,0,0,0
2026-01-23,DS01,SKU0072,6,0,1,0,5,0,0,0
2025-01-11,DS01,SKU0116,19,0,3,0,16,0,0,0
2025-12-04,DS01,SKU0116,20,0,2,0,18,0,0,0
2026-02-25,DS01,SKU0116,34,0,1,0,33,0,0,0
2025-10-05,DS01,SKU0005,3,0,1,0,2,0,0,0
2025-03-19,DS01,SKU0104,14,0,0,0,14,0,0,0
2025-06-26,DS01,SKU0034,12,0,1,0,11,0,0,0
2025-12-27,DS01,SKU0034,6,0,1,0,5,0,0,0
2025-03-07,DS01,SKU0042,17,0,2,0,15,0,0,0
2026-04-30,DS01,SKU0042,18,0,4,0,14,0,0,0
2025-05-17,DS01,SKU0053,16,0,2,0,14,0,0,0
2025-07-29,DS01,SKU0053,15,0,0,0,15,0,0,0
2025-08-08,DS01,SKU0053,23,15,1,0,22,0,0,0
2026-05-30,DS01,SKU0053,11,0,1,0,10,0,0,0
2025-04-03,DS01,SKU0009,9,0,2,0,7,0,0,0
2026-03-07,DS01,SKU0009,5,5,0,0,5,0,0,0
2026-05-24,DS01,SKU0009,7,0,0,0,7,0,0,0
2025-08-01,DS01,SKU0017,7,0,1,0,6,0,0,0
2026-02-05,DS01,SKU0017,5,0,1,0,4,0,0,0
2025-04-03,DS01,SKU0254,13,0,1,0,12,0,0,0
2025-07-25,DS01,SKU0254,7,0,0,0,7,0,0,0
2025-12-04,DS01,SKU0254,15,0,0,0,15,0,0,0
2025-10-02,DS01,SKU0054,6,0,0,0,6,0,0,0
2026-06-11,DS01,SKU0093,8,0,1,0,7,0,0,0
2025-10-02,DS01,SKU0136,12,0,0,0,12,0,0,0
2026-05-19,DS01,SKU0136,23,14,4,0,19,0,0,0
2025-07-29,DS01,SKU0100,10,10,1,0,9,0,0,0
2025-05-30,DS01,SKU0165,10,0,0,0,10,0,0,0
2025-11-27,DS01,SKU0165,12,0,1,0,11,0,0,0
2025-12-22,DS01,SKU0090,0,0,0,0,0,2,1,10
2026-04-11,DS01,SKU0090,0,0,0,0,0,2,1,0
2025-02-11,DS01,SKU0204,5,0,3,2,0,0,0,0
2025-05-25,DS01,SKU0183,7,0,0,0,7,0,0,0
2026-06-14,DS01,SKU0168,18,11,0,0,18,0,0,0
2025-10-23,DS01,SKU0186,12,0,4,0,8,0,0,0
2026-05-27,DS01,SKU0186,11,0,1,0,10,0,0,7
2025-09-09,DS01,SKU0158,7,0,0,0,7,0,0,0
2025-01-04,DS01,SKU0252,0,0,0,0,0,3,1,0
2025-05-12,DS01,SKU0252,18,9,0,0,18,0,0,0
2026-04-22,DS01,SKU0031,4,4,0,0,4,0,0,0
2025-12-03,DS01,SKU0089,10,0,0,0,10,0,0,0
2025-02-09,DS01,SKU0110,14,0,0,0,14,0,0,0
2025-06-21,DS01,SKU0110,16,0,0,0,16,0,0,0
2025-09-28,DS01,SKU0110,27,0,2,0,25,0,0,0
2026-06-08,DS01,SKU0110,24,0,3,0,21,0,0,0
2025-07-25,DS01,SKU0025,9,6,1,0,8,0,0,0
2026-05-29,DS01,SKU0025,4,0,2,0,2,0,0,0
2025-03-14,DS01,SKU0130,13,0,1,0,12,0,0,0
2026-06-25,DS01,SKU0130,16,0,0,0,16,0,0,0
2025-07-18,DS01,SKU0105,21,0,1,0,20,0,0,0
2025-05-12,DS01,SKU0111,12,0,2,0,10,0,0,0
2025-08-29,DS01,SKU0111,18,12,0,0,18,0,0,0
2025-10-14,DS01,SKU0111,10,0,2,0,8,0,0,0
2026-06-02,DS01,SKU0111,10,0,1,0,9,0,0,0
2025-02-18,DS01,SKU0160,2,0,1,0,1,0,0,0
2025-07-29,DS01,SKU0241,19,0,1,0,18,0,0,0
2026-01-27,DS01,SKU0241,16,0,0,0,16,0,0,0
2025-08-07,DS01,SKU0058,11,0,0,0,11,0,0,0
2026-05-28,DS01,SKU0083,5,0,0,0,5,0,0,0
2025-02-02,DS01,SKU0216,3,0,0,0,3,0,0,0
2025-07-29,DS01,SKU0216,4,4,2,0,2,0,0,0
2025-04-17,DS01,SKU0071,8,8,1,0,7,0,0,0
2025-07-05,DS01,SKU0071,7,0,3,0,4,0,0,0
2025-09-25,DS01,SKU0187,7,0,1,0,6,0,0,0
2026-02-22,DS01,SKU0187,6,0,1,0,5,0,0,0
2025-08-21,DS01,SKU0146,17,0,0,0,17,0,0,0
2025-11-29,DS01,SKU0146,3,0,2,0,1,0,0,0
2026-04-05,DS01,SKU0146,23,17,0,0,23,0,0,0
2025-06-15,DS01,SKU0258,0,0,0,0,0,1,1,0
2025-10-01,DS01,SKU0074,0,0,0,0,0,1,1,4
2025-03-29,DS01,SKU0173,8,0,2,0,6,0,0,0
2025-05-10,DS01,SKU0173,4,0,0,0,4,0,0,0
2025-10-31,DS01,SKU0173,6,0,2,0,4,0,0,0
2026-05-08,DS01,SKU0173,6,0,0,0,6,0,0,0
2026-01-15,DS01,SKU0224,8,0,0,0,8,0,0,0
2025-02-12,DS01,SKU0027,0,0,0,0,0,2,1,10
2025-03-10,DS01,SKU0027,6,0,2,0,4,0,0,0
2025-04-19,DS01,SKU0027,9,0,0,0,9,0,0,0
2025-06-04,DS01,SKU0027,0,0,0,0,0,2,1,10
2026-03-11,DS01,SKU0206,6,0,1,0,5,0,0,0
2025-12-29,DS01,SKU0155,6,0,2,0,4,0,0,21
2026-04-25,DS01,SKU0203,4,0,3,0,1,0,0,0
2025-03-17,DS01,SKU0148,6,0,2,0,4,0,0,0
2025-07-05,DS01,SKU0056,14,0,1,0,13,0,0,0
2026-01-07,DS01,SKU0056,6,0,0,0,6,0,0,0
2025-04-28,DS01,SKU0102,6,0,0,0,6,0,0,21
2025-07-23,DS01,SKU0102,12,0,0,0,12,0,0,0
2025-09-11,DS01,SKU0102,14,0,1,0,13,0,0,0
2026-06-18,DS01,SKU0102,6,0,1,0,5,0,0,0
2025-01-17,DS01,SKU0227,7,0,0,0,7,0,0,0
2025-11-08,DS01,SKU0227,11,0,1,0,10,0,0,0
2025-03-24,DS01,SKU0233,8,0,1,0,7,0,0,8
2025-04-04,DS01,SKU0233,8,0,0,0,8,0,0,0
2025-05-05,DS01,SKU0233,5,0,1,0,4,0,0,0
2025-01-04,DS01,SKU0199,0,0,0,0,0,1,1,0
2026-06-26,DS01,SKU0199,10,0,2,0,8,0,0,0
2026-04-14,DS01,SKU0098,7,7,0,0,7,0,0,0
2025-04-10,DS01,SKU0201,8,0,1,0,7,0,0,0
2025-05-28,DS01,SKU0201,5,0,0,0,5,0,0,0
2025-01-13,DS01,SKU0265,7,0,0,0,7,0,0,8
2025-09-12,DS01,SKU0265,4,0,1,0,3,0,0,0
2026-06-25,DS01,SKU0265,7,0,1,0,6,0,0,0
2025-12-15,DS01,SKU0075,2,0,0,0,2,0,0,4
2025-08-03,DS01,SKU0234,1,0,0,0,1,0,0,0
2025-02-05,DS01,SKU0178,12,0,0,0,12,0,0,0
2025-07-24,DS01,SKU0178,3,0,0,0,3,0,0,0
2026-02-09,DS01,SKU0007,9,0,0,0,9,0,0,0
2025-06-01,DS02,SKU0261,61,0,13,0,48,0,0,0
2025-10-29,DS02,SKU0176,100,0,11,0,89,0,0,24
2025-11-25,DS02,SKU0266,87,0,7,0,80,0,0,0
2025-07-08,DS02,SKU0122,61,0,8,0,53,0,0,0
2026-01-27,DS02,SKU0122,71,0,8,0,63,0,0,0
2026-01-28,DS02,SKU0122,63,0,14,0,49,0,0,18
2025-02-11,DS02,SKU0172,73,21,9,0,64,0,0,0
2025-06-24,DS02,SKU0172,74,35,12,0,62,0,0,0
2025-05-06,DS02,SKU0095,18,18,11,0,7,0,0,0
2025-04-23,DS02,SKU0094,25,0,4,0,21,0,0,8
2025-12-19,DS02,SKU0094,24,0,7,0,17,0,0,0
2026-03-20,DS02,SKU0094,32,0,15,0,17,0,0,0
2025-04-21,DS02,SKU0076,12,0,7,0,5,0,0,24
2025-12-15,DS02,SKU0076,0,0,0,0,0,6,1,32
2026-03-18,DS02,SKU0076,0,0,0,0,0,9,1,8
2026-06-01,DS02,SKU0076,9,0,6,0,3,0,0,32
2026-06-19,DS02,SKU0076,35,0,11,0,24,0,0,0
2025-01-15,DS02,SKU0127,31,0,7,0,24,0,0,0
2025-01-31,DS02,SKU0219,29,0,8,0,21,0,0,0
2026-06-20,DS02,SKU0219,55,0,10,0,45,0,0,0
2025-07-22,DS02,SKU0018,5,0,5,0,0,1,1,0
2026-01-30,DS02,SKU0018,30,14,9,0,21,0,0,0
2025-05-08,DS02,SKU0061,29,0,3,0,26,0,0,0
2025-06-30,DS02,SKU0061,19,0,2,0,17,0,0,24
2026-01-13,DS02,SKU0061,12,0,3,0,9,0,0,0
2026-05-14,DS02,SKU0061,41,0,6,0,35,0,0,0
2025-05-16,DS02,SKU0212,8,0,6,0,2,0,0,0
2026-04-07,DS02,SKU0012,4,0,4,0,0,2,1,0
2025-07-08,DS02,SKU0256,38,0,1,0,37,0,0,0
2025-04-24,DS02,SKU0085,17,6,3,0,14,0,0,0
2025-07-03,DS02,SKU0085,22,12,3,0,19,0,0,0
2026-02-01,DS02,SKU0013,14,0,1,0,13,0,0,0
2025-02-09,DS02,SKU0169,29,14,3,0,26,0,0,0
2025-05-07,DS02,SKU0132,23,0,4,0,19,0,0,0
2026-02-05,DS02,SKU0132,14,0,3,0,11,0,0,0
2025-08-19,DS02,SKU0218,32,0,5,0,27,0,0,0
2026-02-09,DS02,SKU0218,31,16,2,0,29,0,0,16
2025-05-28,DS02,SKU0043,29,15,3,0,26,0,0,15
2025-12-25,DS02,SKU0043,26,0,3,0,23,0,0,0
2025-02-15,DS02,SKU0113,33,0,5,0,28,0,0,0
2025-10-27,DS02,SKU0113,35,0,3,0,32,0,0,17
2026-01-06,DS02,SKU0134,30,0,6,0,24,0,0,0
2025-06-16,DS02,SKU0259,30,10,5,0,25,0,0,20
2025-11-15,DS02,SKU0209,0,0,0,0,0,7,1,0
2026-01-22,DS02,SKU0209,14,8,3,0,11,0,0,0
2025-09-15,DS02,SKU0181,42,0,5,0,37,0,0,9
2025-12-31,DS02,SKU0181,29,0,3,0,26,0,0,9
2025-05-28,DS02,SKU0016,16,16,3,0,13,0,0,8
2025-10-26,DS02,SKU0016,9,0,3,0,6,0,0,0
2025-10-29,DS02,SKU0016,21,16,1,4,16,0,0,8
2025-08-13,DS02,SKU0081,4,0,4,0,0,0,0,4
2026-03-15,DS02,SKU0081,2,0,2,0,0,2,1,0
2026-05-19,DS02,SKU0257,48,0,2,0,46,0,0,0
2026-06-19,DS02,SKU0257,31,0,3,0,28,0,0,0
2026-03-30,DS02,SKU0195,33,9,5,0,28,0,0,9
2026-05-08,DS02,SKU0236,32,0,0,0,32,0,0,0
2025-07-06,DS02,SKU0242,29,0,4,0,25,0,0,0
2025-10-05,DS02,SKU0251,11,0,2,0,9,0,0,0
2025-09-22,DS02,SKU0230,29,11,4,0,25,0,0,22
2025-11-18,DS02,SKU0046,15,0,1,0,14,0,0,0
2026-03-09,DS02,SKU0046,21,0,5,0,16,0,0,22
2026-04-07,DS02,SKU0046,7,0,4,0,3,0,0,0
2025-09-22,DS02,SKU0092,0,0,0,0,0,4,1,8
2026-04-01,DS02,SKU0092,7,0,2,0,5,0,0,8
2026-04-29,DS02,SKU0092,8,0,1,0,7,0,0,0
2025-02-01,DS02,SKU0260,13,0,1,0,12,0,0,0
2025-09-11,DS02,SKU0260,25,0,3,0,22,0,0,0
2025-06-09,DS02,SKU0226,24,12,1,0,23,0,0,0
2025-11-06,DS02,SKU0156,28,0,4,0,24,0,0,0
2025-11-19,DS02,SKU0156,31,0,1,0,30,0,0,0
2025-10-19,DS02,SKU0086,4,0,4,0,0,0,0,0
2025-02-25,DS02,SKU0198,13,0,3,0,10,0,0,0
2026-01-31,DS02,SKU0198,19,0,3,0,16,0,0,0
2026-03-18,DS02,SKU0198,11,0,4,0,7,0,0,11
2026-02-12,DS02,SKU0121,27,0,1,0,26,0,0,0
2025-05-26,DS02,SKU0145,21,0,0,0,21,0,0,17
2025-09-01,DS02,SKU0145,27,0,4,0,23,0,0,17
2026-04-13,DS02,SKU0145,29,0,2,0,27,0,0,17
2025-08-05,DS02,SKU0128,14,0,4,0,10,0,0,0
2025-01-24,DS02,SKU0087,6,0,1,0,5,0,0,0
2025-07-29,DS02,SKU0087,6,6,0,0,6,0,0,0
2025-12-14,DS02,SKU0087,1,0,1,0,0,0,0,0
2026-01-30,DS02,SKU0035,21,0,3,0,18,0,0,0
2026-05-21,DS02,SKU0059,16,0,2,0,14,0,0,0
2026-05-23,DS02,SKU0059,12,0,4,0,8,0,0,0
2025-10-23,DS02,SKU0011,6,0,2,0,4,0,0,0
2026-06-19,DS02,SKU0011,19,10,5,0,14,0,0,0
2025-12-23,DS02,SKU0037,8,0,2,0,6,0,0,0
2026-04-15,DS02,SKU0037,18,17,2,0,16,0,0,0
2025-01-21,DS02,SKU0179,15,0,1,0,14,0,0,0
2026-05-28,DS02,SKU0179,18,0,1,0,17,0,0,0
2025-08-11,DS02,SKU0210,0,0,0,0,0,4,1,6
2025-06-01,DS02,SKU0002,12,0,3,0,9,0,0,0
2026-05-30,DS02,SKU0096,10,0,2,0,8,0,0,0
2026-02-09,DS02,SKU0207,0,0,0,0,0,1,1,6
2025-03-02,DS02,SKU0091,0,0,0,0,0,3,1,0
2025-11-19,DS02,SKU0213,4,0,2,0,2,0,0,6
2025-12-15,DS02,SKU0047,15,0,0,0,15,0,0,0
2026-02-05,DS02,SKU0047,12,0,4,0,8,0,0,0
2025-04-14,DS02,SKU0068,4,0,0,0,4,0,0,8
2025-04-27,DS02,SKU0068,0,0,0,0,0,1,1,0
2025-12-19,DS02,SKU0068,3,0,3,0,0,0,0,0
2026-05-07,DS02,SKU0068,7,7,2,0,5,0,0,0
2026-05-18,DS02,SKU0068,0,0,0,0,0,2,1,8
2026-05-28,DS02,SKU0068,8,8,1,0,7,0,0,0
2026-05-30,DS02,SKU0215,7,0,2,0,5,0,0,0
2026-03-07,DS02,SKU0197,18,0,3,0,15,0,0,0
2026-04-07,DS02,SKU0191,16,0,3,0,13,0,0,0
2025-03-31,DS02,SKU0238,21,7,2,0,19,0,0,14
2025-09-30,DS02,SKU0238,11,0,1,0,10,0,0,0
2025-04-20,DS02,SKU0222,14,0,2,0,12,0,0,0
2025-07-10,DS02,SKU0205,9,5,3,0,6,0,0,0
2026-06-28,DS02,SKU0205,6,0,3,0,3,0,0,0
2025-06-02,DS02,SKU0114,15,0,1,0,14,0,0,20
2026-01-04,DS02,SKU0114,19,0,0,0,19,0,0,0
2025-11-07,DS02,SKU0131,24,0,1,0,23,0,0,0
2026-01-28,DS02,SKU0115,15,0,1,0,14,0,0,16
2025-01-19,DS02,SKU0190,9,0,1,0,8,0,0,0
2025-05-16,DS02,SKU0010,7,0,0,0,7,0,0,0
2025-05-22,DS02,SKU0010,10,0,1,0,9,0,0,0
2025-02-14,DS02,SKU0069,7,0,0,0,7,0,0,0
2025-08-11,DS02,SKU0069,10,0,0,0,10,0,0,4
2026-03-22,DS02,SKU0028,4,0,2,0,2,0,0,0
2025-07-16,DS02,SKU0184,12,0,2,0,10,0,0,0
2025-09-07,DS02,SKU0193,10,0,3,0,7,0,0,0
2025-11-03,DS02,SKU0193,13,0,0,0,13,0,0,0
2025-01-29,DS02,SKU0044,11,0,1,0,10,0,0,0
2025-05-24,DS02,SKU0044,13,0,2,0,11,0,0,0
2025-07-01,DS02,SKU0044,11,0,0,0,11,0,0,0
2025-08-12,DS02,SKU0044,10,0,1,0,9,0,0,0
2026-06-12,DS02,SKU0044,21,13,2,0,19,0,0,0
2025-05-18,DS02,SKU0174,16,7,0,0,16,0,0,0
2026-01-21,DS02,SKU0174,7,0,0,0,7,0,0,7
2026-04-01,DS02,SKU0174,12,0,2,0,10,0,0,7
2025-07-16,DS02,SKU0026,8,8,2,0,6,0,0,0
2025-09-17,DS02,SKU0021,7,7,1,0,6,0,0,0
2026-02-12,DS02,SKU0144,10,0,0,0,10,0,0,0
2025-01-25,DS02,SKU0129,20,0,0,0,20,0,0,0
2025-11-12,DS02,SKU0129,19,0,2,0,17,0,0,0
2025-09-17,DS02,SKU0149,12,0,2,0,10,0,0,0
2025-06-05,DS02,SKU0099,8,0,3,0,5,0,0,0
2025-11-05,DS02,SKU0180,9,0,5,0,4,0,0,9
2025-04-26,DS02,SKU0008,9,0,1,0,8,0,0,0
2026-02-27,DS02,SKU0008,10,0,3,0,7,0,0,0
2026-06-04,DS02,SKU0008,0,0,0,0,0,3,1,0
2025-01-12,DS02,SKU0045,6,0,1,0,5,0,0,0
2025-04-07,DS02,SKU0045,17,0,0,0,17,0,0,0
2025-04-09,DS02,SKU0045,17,0,2,0,15,0,0,0
2025-04-16,DS02,SKU0045,7,0,2,0,5,0,0,12
2025-09-08,DS02,SKU0045,11,0,3,0,8,0,0,0
2025-06-07,DS02,SKU0003,3,0,3,0,0,0,0,0
2026-03-01,DS02,SKU0003,5,4,3,0,2,0,0,0
2025-09-26,DS02,SKU0001,3,0,1,0,2,0,0,0
2025-03-07,DS02,SKU0162,4,0,0,0,4,0,0,0
2025-10-26,DS02,SKU0162,18,10,1,0,17,0,0,0
2026-05-06,DS02,SKU0162,8,0,0,0,8,0,0,0
2026-06-11,DS02,SKU0162,21,0,2,0,19,0,0,0
2025-01-24,DS02,SKU0038,8,0,0,0,8,0,0,0
2025-04-30,DS02,SKU0038,11,0,0,0,11,0,0,0
2025-09-08,DS02,SKU0038,15,0,0,0,15,0,0,0
2025-09-17,DS02,SKU0142,14,0,0,0,14,0,0,0
2026-02-23,DS02,SKU0142,11,0,0,0,11,0,0,0
2026-02-17,DS02,SKU0116,23,0,1,0,22,0,0,0
2026-05-17,DS02,SKU0116,22,0,1,0,21,0,0,0
2025-06-26,DS02,SKU0015,6,0,1,0,5,0,0,0
2025-10-19,DS02,SKU0015,10,0,1,0,9,0,0,0
2026-05-07,DS02,SKU0005,4,0,1,0,3,0,0,0
2025-07-12,DS02,SKU0104,14,0,2,0,12,0,0,0
2026-03-19,DS02,SKU0104,8,0,1,0,7,0,0,0
2025-10-31,DS02,SKU0042,21,17,1,0,20,0,0,0
2025-02-07,DS02,SKU0053,14,0,1,0,13,0,0,0
2025-08-03,DS02,SKU0053,10,0,0,0,10,0,0,0
2025-04-05,DS02,SKU0250,14,0,0,0,14,0,0,0
2025-11-22,DS02,SKU0250,6,0,2,0,4,0,0,0
2025-03-17,DS02,SKU0009,11,0,1,0,10,0,0,0
2025-12-14,DS02,SKU0009,0,0,0,0,0,1,1,0
2025-01-13,DS02,SKU0017,0,0,0,0,0,1,1,9
2025-12-05,DS02,SKU0017,9,0,3,0,6,0,0,0
2025-01-20,DS02,SKU0254,14,0,0,0,14,0,0,0
2025-02-11,DS02,SKU0254,20,0,1,0,19,0,0,0
2026-03-28,DS02,SKU0254,9,0,1,0,8,0,0,0
2025-05-11,DS02,SKU0159,18,9,0,0,18,0,0,0
2025-09-20,DS02,SKU0159,10,0,0,0,10,0,0,0
2026-06-27,DS02,SKU0159,9,0,3,0,6,0,0,0
2025-06-07,DS02,SKU0154,23,0,2,0,21,0,0,0
2025-10-31,DS02,SKU0154,21,0,0,0,21,0,0,0
2026-01-31,DS02,SKU0154,11,0,0,0,11,0,0,0
2025-05-18,DS02,SKU0093,0,0,0,0,0,1,1,0
2025-10-09,DS02,SKU0093,9,0,0,0,9,0,0,0
2025-03-29,DS02,SKU0136,9,0,2,0,7,0,0,0
2025-08-07,DS02,SKU0136,10,0,1,0,9,0,0,0
2025-10-27,DS02,SKU0100,0,0,0,0,0,0,0,10
2025-07-15,DS02,SKU0090,10,10,0,0,10,0,0,0
2025-08-19,DS02,SKU0090,10,10,0,0,10,0,0,0
2025-04-30,DS02,SKU0070,5,0,2,0,3,0,0,0
2025-01-18,DS02,SKU0204,7,0,1,0,6,0,0,0
2025-03-06,DS02,SKU0183,1,0,1,0,0,0,0,0
2026-04-24,DS02,SKU0183,6,0,2,0,4,0,0,0
2025-04-27,DS02,SKU0231,5,0,2,0,3,0,0,0
2025-05-27,DS02,SKU0231,3,0,0,0,3,0,0,0
2026-05-10,DS02,SKU0231,7,0,2,0,5,0,0,0
2025-09-26,DS02,SKU0168,7,0,1,0,6,0,0,0
2026-01-19,DS02,SKU0186,5,0,0,0,5,0,0,7
2026-06-24,DS02,SKU0077,5,0,1,0,4,0,0,6
2025-01-14,DS02,SKU0252,16,0,2,0,14,0,0,0
2026-06-07,DS02,SKU0252,7,0,2,0,5,0,0,0
2025-07-09,DS02,SKU0031,7,7,1,0,6,0,0,0
2025-11-20,DS02,SKU0031,6,0,0,0,6,0,0,0
2026-01-14,DS02,SKU0031,7,7,0,0,7,0,0,0
2026-05-19,DS02,SKU0067,0,0,0,0,0,0,0,0
2026-06-06,DS02,SKU0041,16,0,1,0,15,0,0,0
2026-06-07,DS02,SKU0041,15,0,2,0,13,0,0,0
2025-02-06,DS02,SKU0110,4,0,2,0,2,0,0,0
2025-10-13,DS02,SKU0110,29,0,0,0,29,0,0,0
2025-06-12,DS02,SKU0025,5,0,0,0,5,0,0,0
2025-12-24,DS02,SKU0025,6,6,1,0,5,0,0,0
2025-05-28,DS02,SKU0130,23,0,2,0,21,0,0,0
2025-09-28,DS02,SKU0130,7,0,1,0,6,0,0,0
2025-11-03,DS02,SKU0130,8,0,0,0,8,0,0,0
2026-06-26,DS02,SKU0130,6,0,2,0,4,0,0,0
2025-05-04,DS02,SKU0105,10,0,1,0,9,0,0,0
2025-08-27,DS02,SKU0105,7,0,0,0,7,0,0,0
2025-08-19,DS02,SKU0111,6,0,0,0,6,0,0,0
2025-07-11,DS02,SKU0062,7,0,0,0,7,0,0,0
2025-08-23,DS02,SKU0062,5,0,1,0,4,0,0,0
2025-10-05,DS02,SKU0160,7,0,0,0,7,0,0,0
2026-05-01,DS02,SKU0160,11,0,0,0,11,0,0,0
2026-05-11,DS02,SKU0160,14,0,1,0,13,0,0,0
2026-06-05,DS02,SKU0058,9,0,0,0,9,0,0,0
2026-05-14,DS02,SKU0083,4,0,2,0,2,0,0,0
2025-04-23,DS02,SKU0216,3,0,2,0,1,0,0,4
2025-09-03,DS02,SKU0216,4,0,3,0,1,0,0,4
2025-09-11,DS02,SKU0216,4,0,1,0,3,0,0,0
2026-05-15,DS02,SKU0216,5,0,1,0,4,0,0,0
2026-04-21,DS02,SKU0071,3,0,1,0,2,0,0,0
2025-05-14,DS02,SKU0187,10,0,1,0,9,0,0,0
2026-04-14,DS02,SKU0187,8,0,0,0,8,0,0,0
2025-02-24,DS02,SKU0258,9,8,0,0,9,0,0,0
2026-05-27,DS02,SKU0258,8,0,0,0,8,0,0,0
2025-07-13,DS02,SKU0074,3,0,0,0,3,0,0,0
2026-05-17,DS02,SKU0074,5,0,0,1,4,0,0,0
2026-05-20,DS02,SKU0074,4,0,0,0,4,0,0,0
2025-10-25,DS02,SKU0173,4,0,0,0,4,0,0,0
2025-12-11,DS02,SKU0173,8,0,1,0,7,0,0,0
2026-03-17,DS02,SKU0173,13,0,0,0,13,0,0,0
2026-05-31,DS02,SKU0173,9,0,0,0,9,0,0,0
2025-07-26,DS03,SKU0261,93,0,18,0,75,0,0,0
2025-10-04,DS03,SKU0261,118,0,27,0,91,0,0,0
2025-11-24,DS03,SKU0261,130,84,17,0,113,0,0,91
2026-02-27,DS03,SKU0261,121,0,22,0,99,0,0,0
2025-02-19,DS03,SKU0176,114,0,9,0,105,0,0,24
2025-06-08,DS03,SKU0176,130,84,15,0,115,0,0,0
2025-06-29,DS03,SKU0176,140,96,16,0,124,0,0,0
2026-04-14,DS03,SKU0176,153,36,16,0,137,0,0,0
2025-08-18,DS03,SKU0161,112,0,15,0,97,0,0,108
2025-10-01,DS03,SKU0161,117,0,22,0,95,0,0,45
2025-06-26,DS03,SKU0266,134,0,14,0,120,0,0,0
2025-12-11,DS03,SKU0266,107,0,17,0,90,0,0,0
2025-09-08,DS03,SKU0117,101,0,15,0,86,0,0,88
2026-04-22,DS03,SKU0122,63,0,9,0,54,0,0,36
2025-08-22,DS03,SKU0094,36,0,13,0,23,0,0,0
2025-08-29,DS03,SKU0094,39,0,13,0,26,0,0,0
2026-05-27,DS03,SKU0094,36,0,10,0,26,0,0,24
2025-02-28,DS03,SKU0127,80,44,8,0,72,0,0,0
2026-06-08,DS03,SKU0127,75,0,6,0,69,0,0,66
2026-05-23,DS03,SKU0143,46,0,13,0,33,0,0,0
2025-09-18,DS03,SKU0032,41,0,12,0,29,0,0,0
2025-01-31,DS03,SKU0061,44,24,6,0,38,0,0,0
2025-09-06,DS03,SKU0212,9,0,8,0,1,0,0,0
2026-02-05,DS03,SKU0212,23,20,7,0,16,0,0,0
2026-02-28,DS03,SKU0012,22,0,12,0,10,0,0,0
2025-08-23,DS03,SKU0256,30,0,5,0,25,0,0,0
2026-04-25,DS03,SKU0256,49,0,11,0,38,0,0,0
2025-12-30,DS03,SKU0013,8,0,5,0,3,0,0,0
2025-05-25,DS03,SKU0169,53,35,0,0,53,0,0,0
2025-06-07,DS03,SKU0132,13,0,8,0,5,0,0,0
2025-06-14,DS03,SKU0132,22,0,9,0,13,0,0,0
2026-02-14,DS03,SKU0132,38,0,5,0,33,0,0,0
2025-01-16,DS03,SKU0218,31,0,2,0,29,0,0,0
2025-02-16,DS03,SKU0218,22,0,1,0,21,0,0,0
2025-12-30,DS03,SKU0218,38,0,2,0,36,0,0,0
2025-03-09,DS03,SKU0043,37,0,5,0,32,0,0,0
2025-09-13,DS03,SKU0043,26,0,8,0,18,0,0,0
2026-05-01,DS03,SKU0066,34,0,8,0,26,0,0,0
2025-05-28,DS03,SKU0103,23,0,11,0,12,0,0,12
2026-01-01,DS03,SKU0103,28,0,2,0,26,0,0,0
2026-03-20,DS03,SKU0134,67,0,9,0,58,0,0,0
2025-10-12,DS03,SKU0259,30,0,3,0,27,0,0,0
2026-03-22,DS03,SKU0259,36,0,9,0,27,0,0,0
2025-10-14,DS03,SKU0181,42,9,5,0,37,0,0,0
2026-03-19,DS03,SKU0135,50,0,7,0,43,0,0,0
2025-07-02,DS03,SKU0016,32,32,6,0,26,0,0,8
2025-07-06,DS03,SKU0016,13,0,3,0,10,0,0,0
2025-02-17,DS03,SKU0081,1,0,1,0,0,5,1,20
2025-06-07,DS03,SKU0081,13,0,8,0,5,0,0,0
2025-07-18,DS03,SKU0081,22,0,4,0,18,0,0,0
2026-04-01,DS03,SKU0081,0,0,0,0,0,5,1,4
2025-06-14,DS03,SKU0257,30,0,6,0,24,0,0,0
2026-04-23,DS03,SKU0257,51,0,4,0,47,0,0,0
2026-05-13,DS03,SKU0257,51,11,8,0,43,0,0,11
2025-04-01,DS03,SKU0195,23,0,4,0,19,0,0,0
2025-08-04,DS03,SKU0195,31,9,6,0,25,0,0,27
2025-06-09,DS03,SKU0049,27,0,7,0,20,0,0,15
2025-12-20,DS03,SKU0049,33,0,6,0,27,0,0,0
2025-01-22,DS03,SKU0030,16,16,3,0,13,0,0,8
2025-08-04,DS03,SKU0030,0,0,0,0,0,5,1,24
2026-01-26,DS03,SKU0030,7,0,2,0,5,0,0,16
2026-02-09,DS03,SKU0236,34,18,3,0,31,0,0,18
2026-03-22,DS03,SKU0236,15,0,5,0,10,0,0,0
2026-04-06,DS03,SKU0236,43,18,5,0,38,0,0,18
2025-06-29,DS03,SKU0242,22,0,7,0,15,0,0,0
2026-02-03,DS03,SKU0242,33,0,5,0,28,0,0,0
2025-05-22,DS03,SKU0251,33,0,3,0,30,0,0,0
2025-06-02,DS03,SKU0147,40,0,6,0,34,0,0,24
2026-04-11,DS03,SKU0200,39,33,6,0,33,0,0,0
2025-07-26,DS03,SKU0225,25,0,9,0,16,0,0,0
2025-09-24,DS03,SKU0225,35,0,4,0,31,0,0,8
2026-01-28,DS03,SKU0046,30,22,4,0,26,0,0,0
2025-03-20,DS03,SKU0092,2,0,2,0,0,4,1,0
2026-03-26,DS03,SKU0092,9,8,3,0,6,0,0,0
2026-05-26,DS03,SKU0092,8,8,6,0,2,0,0,0
2025-01-22,DS03,SKU0240,34,6,1,0,33,0,0,6
2025-01-22,DS03,SKU0260,30,10,0,0,30,0,0,10
2025-07-20,DS03,SKU0260,27,0,3,0,24,0,0,0
2026-05-26,DS03,SKU0264,43,0,4,0,39,0,0,0
2026-05-22,DS03,SKU0226,29,0,4,0,25,0,0,0
2025-03-10,DS03,SKU0156,29,0,2,0,27,0,0,0
2025-08-20,DS03,SKU0156,31,0,5,0,26,0,0,0
2025-01-26,DS03,SKU0198,15,0,1,0,14,0,0,0
2025-01-25,DS03,SKU0138,19,0,2,0,17,0,0,0
2026-04-26,DS03,SKU0138,33,0,6,0,27,0,0,0
2025-07-12,DS03,SKU0194,21,14,4,0,17,0,0,0
2026-01-06,DS03,SKU0145,36,17,2,0,34,0,0,0
2026-03-09,DS03,SKU0145,40,0,3,0,37,0,0,34
2025-06-01,DS03,SKU0128,37,16,7,0,30,0,0,0
2025-02-16,DS03,SKU0035,19,0,4,0,15,0,0,0
2025-04-27,DS03,SKU0035,16,0,5,0,11,0,0,0
2025-07-06,DS03,SKU0035,12,0,2,0,10,0,0,0
2026-01-12,DS03,SKU0035,8,0,2,0,6,0,0,22
2026-02-25,DS03,SKU0059,29,20,5,0,24,0,0,10
2026-05-21,DS03,SKU0059,23,0,3,0,20,0,0,0
2025-03-04,DS03,SKU0079,0,0,0,0,0,1,1,0
2025-07-11,DS03,SKU0079,12,0,6,0,6,0,0,0
2025-05-11,DS03,SKU0011,18,0,3,0,15,0,0,0
2025-06-12,DS03,SKU0011,15,0,3,0,12,0,0,0
2026-01-18,DS03,SKU0011,6,0,1,0,5,0,0,0
2025-07-15,DS03,SKU0037,24,0,1,0,23,0,0,0
2025-09-01,DS03,SKU0179,22,0,3,0,19,0,0,14
2025-10-19,DS03,SKU0063,4,0,4,0,0,0,0,0
2026-02-05,DS03,SKU0063,0,0,0,0,0,6,1,0
2025-01-08,DS03,SKU0002,14,12,4,0,10,0,0,12
2026-03-29,DS03,SKU0002,11,7,3,0,8,0,0,0
2025-09-29,DS03,SKU0096,10,0,2,0,8,0,0,9
2026-01-05,DS03,SKU0096,4,0,1,3,0,0,0,18
2026-04-09,DS03,SKU0096,13,0,4,0,9,0,0,0
2025-11-01,DS03,SKU0207,1,0,1,0,0,3,1,0
2025-07-16,DS03,SKU0213,9,0,5,0,4,0,0,6
2025-07-31,DS03,SKU0213,10,6,4,0,6,0,0,0
2025-11-03,DS03,SKU0213,0,0,0,0,0,2,1,6
2025-08-21,DS03,SKU0047,19,0,1,0,18,0,0,0
2025-10-16,DS03,SKU0047,15,0,1,0,14,0,0,0
2025-03-18,DS03,SKU0191,19,0,1,0,18,0,0,0
2025-12-20,DS03,SKU0238,15,0,4,0,11,0,0,0
2026-03-16,DS03,SKU0238,12,7,3,0,9,0,0,28
2025-01-11,DS03,SKU0222,25,0,1,0,24,0,0,0
2025-06-07,DS03,SKU0222,11,0,6,0,5,0,0,0
2025-05-16,DS03,SKU0051,18,0,4,0,14,0,0,0
2025-07-04,DS03,SKU0205,8,0,3,0,5,0,0,0
2025-08-15,DS03,SKU0205,9,0,5,0,4,0,0,0
2025-08-17,DS03,SKU0114,26,0,1,0,25,0,0,0
2025-12-23,DS03,SKU0114,18,0,2,0,16,0,0,0
2025-02-02,DS03,SKU0131,21,0,1,0,20,0,0,0
2025-01-05,DS03,SKU0010,8,0,2,0,6,0,0,0
2026-02-08,DS03,SKU0010,0,0,0,0,0,1,1,0
2025-02-12,DS03,SKU0069,4,0,1,0,3,0,0,4
2026-06-22,DS03,SKU0069,6,0,2,0,4,0,0,16
2025-01-18,DS03,SKU0028,14,0,3,0,11,0,0,0
2025-03-07,DS03,SKU0028,11,0,5,0,6,0,0,0
2025-05-20,DS03,SKU0028,5,0,0,0,5,0,0,0
2026-02-01,DS03,SKU0239,1,0,1,0,0,0,0,0
2025-01-04,DS03,SKU0193,0,0,0,0,0,1,1,0
2025-04-03,DS03,SKU0193,11,0,3,0,8,0,0,0
2025-05-03,DS03,SKU0029,1,0,1,0,0,0,0,0
2026-01-18,DS03,SKU0029,11,0,1,0,10,0,0,0
2026-02-21,DS03,SKU0029,6,0,5,0,1,0,0,0
2026-03-24,DS03,SKU0029,4,0,3,0,1,0,0,0
2026-06-12,DS03,SKU0029,10,0,3,0,7,0,0,0
2026-01-04,DS03,SKU0006,0,0,0,0,0,2,1,0
2025-10-05,DS03,SKU0044,3,0,2,0,1,0,0,0
2025-10-12,DS03,SKU0174,14,7,3,0,11,0,0,0
2025-03-08,DS03,SKU0082,6,0,2,0,4,0,0,0
2025-04-02,DS03,SKU0082,0,0,0,0,0,1,1,0
2025-07-17,DS03,SKU0026,7,0,1,0,6,0,0,0
2025-10-30,DS03,SKU0026,5,0,0,0,5,0,0,0
2025-03-23,DS03,SKU0021,1,0,1,0,0,0,0,0
2025-07-01,DS03,SKU0021,2,0,1,1,0,0,0,0
2025-06-15,DS03,SKU0144,12,0,3,0,9,0,0,0
2025-08-13,DS03,SKU0129,10,0,0,0,10,0,0,0
2026-01-23,DS03,SKU0129,17,14,2,0,15,0,0,0
2026-06-14,DS03,SKU0149,30,24,1,0,29,0,0,0
2025-01-06,DS03,SKU0099,2,0,1,0,1,0,0,10
2025-10-21,DS03,SKU0180,22,9,1,0,21,0,0,0
2025-03-22,DS03,SKU0045,10,0,5,0,5,0,0,0
2025-07-16,DS03,SKU0045,20,12,1,0,19,0,0,0
2026-05-12,DS03,SKU0045,6,0,0,0,6,0,0,0
2025-03-23,DS03,SKU0003,0,0,0,0,0,1,1,0
2025-06-28,DS03,SKU0003,0,0,0,0,0,2,1,0
2026-06-08,DS03,SKU0003,4,0,2,0,2,0,0,7
2025-04-16,DS03,SKU0001,9,6,1,2,6,0,0,0
2026-06-26,DS03,SKU0004,0,0,0,0,0,2,1,0
2025-03-22,DS03,SKU0142,15,0,1,0,14,0,0,0
2026-06-24,DS03,SKU0116,27,0,0,0,27,0,0,0
2025-08-22,DS03,SKU0015,11,0,1,0,10,0,0,0
2025-09-10,DS03,SKU0015,11,11,5,0,6,0,0,11
2025-06-20,DS03,SKU0104,30,21,1,0,29,0,0,0
2025-10-23,DS03,SKU0104,19,0,0,0,19,0,0,0
2025-07-27,DS03,SKU0053,11,0,3,0,8,0,0,0
2025-10-21,DS03,SKU0053,2,0,2,0,0,1,1,0
2025-04-01,DS03,SKU0185,12,0,1,0,11,0,0,0
2025-08-19,DS03,SKU0185,14,0,3,0,11,0,0,0
2025-10-11,DS03,SKU0185,17,11,2,0,15,0,0,0
2026-03-08,DS03,SKU0250,0,0,0,0,0,2,1,0
2026-06-20,DS03,SKU0250,19,0,1,0,18,0,0,0
2025-04-01,DS03,SKU0009,4,0,0,0,4,0,0,0
2026-02-11,DS03,SKU0009,8,8,0,0,8,0,0,0
2025-06-15,DS03,SKU0017,3,0,2,1,0,0,0,0
2025-06-09,DS03,SKU0054,5,0,2,0,3,0,0,15
2025-08-24,DS03,SKU0159,11,0,0,0,11,0,0,0
2025-12-17,DS03,SKU0159,16,0,2,0,14,0,0,9
2025-05-03,DS03,SKU0154,21,0,0,0,21,0,0,0
2025-06-25,DS03,SKU0154,17,0,4,0,13,0,0,21
2026-02-23,DS03,SKU0100,0,0,0,0,0,2,1,10
2025-10-24,DS03,SKU0090,6,0,2,4,0,0,0,0
2025-03-12,DS03,SKU0204,6,0,1,0,5,0,0,0
2025-10-28,DS03,SKU0204,11,7,2,2,7,0,0,0
2025-11-16,DS03,SKU0231,15,0,1,0,14,0,0,0
2026-02-12,DS03,SKU0168,10,0,3,0,7,0,0,0
2026-02-14,DS03,SKU0168,7,0,2,0,5,0,0,0
2025-05-21,DS03,SKU0077,0,0,0,0,0,1,1,0
2025-06-16,DS03,SKU0077,2,0,0,0,2,0,0,6
2026-03-17,DS03,SKU0252,14,0,1,0,13,0,0,0
2025-02-09,DS03,SKU0031,6,0,0,6,0,0,0,0
2025-02-14,DS03,SKU0031,6,0,2,0,4,0,0,0
2025-05-27,DS03,SKU0067,3,0,1,0,2,0,0,0
2025-09-05,DS03,SKU0067,7,0,0,0,7,0,0,0
2025-09-27,DS03,SKU0067,4,0,2,0,2,0,0,0
2026-04-20,DS03,SKU0067,0,0,0,0,0,1,1,7
2025-09-12,DS03,SKU0041,11,0,1,0,10,0,0,0
2026-04-12,DS03,SKU0110,23,0,1,0,22,0,0,0
2026-05-20,DS03,SKU0110,24,0,3,0,21,0,0,0
2026-06-19,DS03,SKU0025,5,0,0,0,5,0,0,0
2025-04-20,DS03,SKU0105,12,0,1,0,11,0,0,0
2025-11-19,DS03,SKU0105,21,0,2,0,19,0,0,0
2026-04-25,DS03,SKU0105,10,0,2,0,8,0,0,0
2025-04-06,DS03,SKU0111,13,0,1,0,12,0,0,0
2025-09-04,DS03,SKU0111,16,0,1,0,15,0,0,0
2026-02-20,DS03,SKU0062,12,0,4,0,8,0,0,0
2025-01-25,DS03,SKU0160,12,0,1,0,11,0,0,0
2025-03-18,DS03,SKU0160,18,0,2,0,16,0,0,0
2026-03-01,DS03,SKU0160,13,0,3,0,10,0,0,0
2025-04-07,DS03,SKU0058,7,0,0,0,7,0,0,0
2025-02-19,DS03,SKU0187,10,0,0,0,10,0,0,0
2025-02-02,DS03,SKU0146,16,0,1,0,15,0,0,0
2025-06-23,DS03,SKU0146,13,0,1,0,12,0,0,17
2025-11-16,DS03,SKU0146,20,0,3,0,17,0,0,0
2026-06-13,DS03,SKU0173,11,0,1,0,10,0,0,0
2025-09-02,DS03,SKU0224,6,0,0,0,6,0,0,0
2025-03-13,DS03,SKU0020,6,0,1,0,5,0,0,0
2026-04-02,DS03,SKU0148,22,0,2,0,20,0,0,0
2025-05-17,DS03,SKU0220,7,0,1,0,6,0,0,0
2026-04-07,DS03,SKU0220,5,0,0,0,5,0,0,0
2025-12-27,DS03,SKU0235,10,0,1,0,9,0,0,0
2026-01-31,DS03,SKU0235,4,0,0,0,4,0,0,0
2025-03-05,DS03,SKU0102,1,0,0,0,1,0,0,0
2025-03-13,DS03,SKU0102,15,0,0,0,15,0,0,0
2025-12-01,DS03,SKU0102,12,0,0,0,12,0,0,0
2025-09-01,DS03,SKU0170,8,0,0,0,8,0,0,10
2026-03-24,DS03,SKU0170,13,0,0,0,13,0,0,0
2026-01-15,DS03,SKU0227,9,0,1,0,8,0,0,0
2026-06-09,DS03,SKU0227,10,0,2,0,8,0,0,0
2025-01-15,DS03,SKU0233,12,0,1,0,11,0,0,0
2025-01-16,DS03,SKU0233,11,0,2,0,9,0,0,0
2025-08-02,DS03,SKU0233,10,0,3,0,7,0,0,0
2026-04-25,DS03,SKU0233,6,0,2,0,4,0,0,0
2025-06-03,DS03,SKU0199,0,0,0,0,0,1,1,0
2025-10-18,DS03,SKU0119,17,0,1,0,16,0,0,0
2026-04-26,DS03,SKU0119,24,0,1,0,23,0,0,0
2026-05-06,DS03,SKU0119,17,0,2,0,15,0,0,0
2025-04-26,DS03,SKU0098,5,0,1,0,4,0,0,0
2025-08-04,DS03,SKU0098,4,0,0,4,0,0,0,7
2025-10-07,DS03,SKU0098,7,7,1,0,6,0,0,0
2025-05-23,DS03,SKU0201,6,0,2,0,4,0,0,0
2025-05-27,DS03,SKU0201,11,0,1,0,10,0,0,0
2026-02-18,DS03,SKU0201,8,0,2,0,6,0,0,7
2025-07-20,DS03,SKU0265,8,0,1,0,7,0,0,0
2025-09-24,DS03,SKU0265,7,0,0,0,7,0,0,0
2026-06-13,DS03,SKU0265,11,0,0,0,11,0,0,0
2025-01-23,DS03,SKU0060,6,0,0,0,6,0,0,0
2025-04-23,DS03,SKU0060,11,0,1,0,10,0,0,0
2025-06-10,DS03,SKU0060,6,0,3,0,3,0,0,0
2025-12-20,DS03,SKU0060,13,0,0,0,13,0,0,0
2026-05-26,DS03,SKU0060,3,0,0,0,3,0,0,0
2025-07-16,DS03,SKU0234,15,9,0,0,15,0,0,0
2025-12-05,DS03,SKU0234,8,0,0,0,8,0,0,0
2026-06-09,DS03,SKU0234,19,0,1,0,18,0,0,0
2025-10-03,DS03,SKU0177,6,0,1,0,5,0,0,0
2025-12-13,DS03,SKU0177,8,0,1,0,7,0,0,0
2025-07-16,DS03,SKU0249,14,7,0,0,14,0,0,0
2025-05-08,DS03,SKU0196,6,0,1,0,5,0,0,0
2025-12-07,DS03,SKU0196,8,0,0,0,8,0,0,0
2025-10-27,DS03,SKU0057,11,0,1,0,10,0,0,0
2026-01-11,DS03,SKU0057,9,0,1,0,8,0,0,0
2026-04-30,DS03,SKU0057,10,0,1,0,9,0,0,0
2026-05-09,DS03,SKU0057,7,0,1,0,6,0,0,0
2025-11-10,DS03,SKU0097,0,0,0,0,0,1,1,6
2026-03-03,DS03,SKU0019,7,0,3,0,4,0,0,0
2026-03-17,DS03,SKU0039,12,0,0,0,12,0,0,0
2026-03-19,DS03,SKU0208,6,0,1,5,0,0,0,0
2025-11-11,DS03,SKU0151,18,16,0,0,18,0,0,0
2025-01-27,DS03,SKU0163,10,0,1,0,9,0,0,0
2026-03-31,DS03,SKU0163,10,0,0,0,10,0,0,0
2025-01-22,DS03,SKU0124,9,0,1,0,8,0,0,0
2025-08-11,DS03,SKU0124,20,0,1,0,19,0,0,0
2025-09-01,DS03,SKU0245,18,0,1,0,17,0,0,0
2025-11-19,DS03,SKU0245,12,12,0,0,12,0,0,0
2026-03-24,DS03,SKU0245,16,0,0,0,16,0,0,0
2026-04-10,DS03,SKU0245,11,0,0,0,11,0,0,0
2025-01-23,DS03,SKU0189,4,0,3,0,1,0,0,0
2026-06-18,DS03,SKU0078,6,6,0,0,6,0,0,0
2026-01-07,DS04,SKU0261,90,21,7,0,83,0,0,21
2026-03-05,DS04,SKU0261,90,0,7,0,83,0,0,0
2025-01-20,DS04,SKU0176,66,0,10,0,56,0,0,48
2026-03-04,DS04,SKU0176,121,0,15,0,106,0,0,36
2026-05-24,DS04,SKU0176,100,60,16,0,84,0,0,0
2025-11-13,DS04,SKU0161,67,0,10,0,57,0,0,0
2025-03-17,DS04,SKU0266,75,54,4,0,71,0,0,48
2025-03-02,DS04,SKU0122,55,18,14,0,41,0,0,0
2025-09-02,DS04,SKU0122,42,0,7,0,35,0,0,0
2025-09-05,DS04,SKU0122,76,54,14,0,62,0,0,0
2025-11-24,DS04,SKU0122,64,0,9,0,55,0,0,36
2025-12-26,DS04,SKU0122,68,33,7,0,61,0,0,0
2025-03-08,DS04,SKU0172,9,0,9,0,0,5,1,0
2025-07-04,DS04,SKU0172,48,0,15,0,33,0,0,0
2026-06-04,DS04,SKU0172,71,0,7,0,64,0,0,0
2025-06-04,DS04,SKU0095,12,0,3,0,9,0,0,9
2025-06-15,DS04,SKU0095,0,0,0,0,0,11,1,0
2026-02-09,DS04,SKU0095,0,0,0,0,0,11,1,18
2025-04-24,DS04,SKU0094,28,16,6,0,22,0,0,0
2025-06-02,DS04,SKU0094,6,0,6,0,0,5,1,24
2025-08-02,DS04,SKU0094,19,0,10,0,9,0,0,0
2026-01-28,DS04,SKU0106,27,0,6,0,21,0,0,0
2026-02-22,DS04,SKU0106,85,72,8,0,77,0,0,0
2026-04-01,DS04,SKU0106,44,0,5,0,39,0,0,24
2025-02-28,DS04,SKU0143,28,0,7,0,21,0,0,0
2026-02-27,DS04,SKU0018,0,0,0,0,0,3,1,0
2026-04-21,DS04,SKU0032,4,0,4,0,0,0,0,0
2025-05-25,DS04,SKU0061,22,0,2,0,20,0,0,0
2025-03-28,DS04,SKU0212,10,0,1,0,9,0,0,0
2025-07-23,DS04,SKU0212,10,0,8,0,2,0,0,12
2025-04-02,DS04,SKU0023,20,20,3,0,17,0,0,0
2025-05-25,DS04,SKU0023,3,0,3,0,0,1,1,0
2026-01-22,DS04,SKU0023,15,0,5,0,10,0,0,0
2026-02-23,DS04,SKU0023,2,0,2,0,0,3,1,20
2026-02-25,DS04,SKU0023,0,0,0,0,0,7,1,0
2026-05-04,DS04,SKU0023,0,0,0,0,0,7,1,20
2025-04-13,DS04,SKU0012,7,0,1,0,6,0,0,0
2026-01-14,DS04,SKU0012,18,18,2,0,16,0,0,9
2026-03-15,DS04,SKU0012,13,0,4,0,9,0,0,0
2025-03-29,DS04,SKU0256,29,0,3,0,26,0,0,0
2026-01-17,DS04,SKU0256,25,0,4,0,21,0,0,0
2026-03-23,DS04,SKU0256,28,16,5,0,23,0,0,24
2025-05-07,DS04,SKU0085,14,0,1,0,13,0,0,6
2025-08-10,DS04,SKU0085,6,0,5,0,1,0,0,0
2025-08-15,DS04,SKU0085,12,0,5,0,7,0,0,0
2026-04-15,DS04,SKU0085,11,0,3,0,8,0,0,12
2026-06-15,DS04,SKU0085,3,0,3,0,0,3,1,18
2025-03-08,DS04,SKU0013,11,0,11,0,0,1,1,0
2025-10-18,DS04,SKU0169,16,0,6,0,10,0,0,0
2026-05-07,DS04,SKU0132,39,0,3,0,36,0,0,0
2026-05-05,DS04,SKU0043,18,0,7,0,11,0,0,0
2026-05-26,DS04,SKU0043,22,0,3,0,19,0,0,0
2025-04-27,DS04,SKU0066,19,0,3,0,16,0,0,0
2025-10-06,DS04,SKU0066,9,0,1,0,8,0,0,14
2025-10-29,DS04,SKU0066,0,0,0,0,0,7,1,7
2026-06-04,DS04,SKU0103,18,0,4,0,14,0,0,0
2025-06-14,DS04,SKU0259,10,0,2,0,8,0,0,0
2025-07-27,DS04,SKU0209,0,0,0,0,0,2,1,0
2025-12-13,DS04,SKU0209,7,0,7,0,0,0,0,0
2025-07-31,DS04,SKU0050,23,0,2,0,21,0,0,0
2026-01-12,DS04,SKU0050,8,0,0,0,8,0,0,12
2026-06-29,DS04,SKU0181,33,0,2,0,31,0,0,18
2025-08-27,DS04,SKU0135,30,0,2,0,28,0,0,0
2026-04-07,DS04,SKU0135,25,16,3,0,22,0,0,0
2025-02-16,DS04,SKU0016,14,0,3,0,11,0,0,0
2026-02-13,DS04,SKU0016,6,4,6,0,0,0,0,0
2025-09-14,DS04,SKU0081,4,0,2,0,2,0,0,0
2026-01-02,DS04,SKU0081,8,0,1,0,7,0,0,0
2025-04-25,DS04,SKU0257,18,0,1,0,17,0,0,0
2025-11-24,DS04,SKU0257,24,22,1,0,23,0,0,11
2025-08-03,DS04,SKU0030,17,0,0,0,17,0,0,0
2025-08-04,DS04,SKU0030,17,0,1,0,16,0,0,0
2025-04-24,DS04,SKU0242,25,0,1,0,24,0,0,0
2025-05-01,DS04,SKU0242,18,0,2,0,16,0,0,0
2026-01-20,DS04,SKU0147,28,12,2,0,26,0,0,0
2025-11-26,DS04,SKU0230,14,0,4,0,10,0,0,11
2025-06-22,DS04,SKU0200,14,0,3,0,11,0,0,0
2025-08-18,DS04,SKU0200,20,11,0,0,20,0,0,11
2025-10-23,DS04,SKU0200,23,0,3,0,20,0,0,0
2025-12-30,DS04,SKU0225,24,0,2,0,22,0,0,0
2025-11-17,DS04,SKU0092,0,0,0,0,0,4,1,8
2025-07-03,DS04,SKU0240,19,0,3,0,16,0,0,0
2025-01-03,DS04,SKU0260,0,0,0,0,0,5,1,0
2025-01-02,DS04,SKU0264,0,0,0,0,0,0,0,0
2025-01-25,DS04,SKU0264,9,0,2,0,7,0,0,0
2025-06-12,DS04,SKU0226,22,0,2,0,-4,0,0,0
2025-12-02,DS04,SKU0226,21,0,3,0,18,0,0,0
2025-04-10,DS04,SKU0156,31,0,2,0,29,0,0,0
2025-04-13,DS04,SKU0086,5,0,3,0,2,0,0,0
2025-10-07,DS04,SKU0086,7,7,1,0,6,0,0,0
2025-10-25,DS04,SKU0086,1,0,0,1,0,0,0,0
2026-01-10,DS04,SKU0086,4,0,4,0,0,1,1,0
2026-06-19,DS04,SKU0086,5,0,2,0,3,0,0,0
2025-07-30,DS04,SKU0022,11,9,3,0,8,0,0,9
2026-01-23,DS04,SKU0022,13,0,1,3,9,0,0,0
2026-06-17,DS04,SKU0022,4,0,3,0,1,0,0,9
2025-01-10,DS04,SKU0198,21,0,2,0,19,0,0,0
2025-07-29,DS04,SKU0198,5,0,2,0,3,0,0,0
2026-01-09,DS04,SKU0198,8,0,1,0,7,0,0,0
2026-03-26,DS04,SKU0198,9,0,2,0,7,0,0,0
2026-05-28,DS04,SKU0138,13,0,0,0,13,0,0,0
2025-04-03,DS04,SKU0194,12,0,2,0,10,0,0,0
2026-03-15,DS04,SKU0194,14,0,0,0,14,0,0,0
2025-03-03,DS04,SKU0121,30,0,2,0,28,0,0,0
2025-03-25,DS04,SKU0121,11,0,8,0,3,0,0,0
2025-06-10,DS04,SKU0121,26,0,4,0,22,0,0,0
2026-05-20,DS04,SKU0121,18,0,2,0,16,0,0,0
2026-01-23,DS04,SKU0145,5,0,4,0,1,0,0,0
2025-09-19,DS04,SKU0128,26,16,1,0,25,0,0,0
2025-12-21,DS04,SKU0128,26,16,1,0,25,0,0,0
2025-03-05,DS04,SKU0087,6,0,5,0,1,0,0,6
2026-04-20,DS04,SKU0035,6,0,5,0,1,0,0,22
2025-06-06,DS04,SKU0059,19,10,0,0,19,0,0,0
2025-11-21,DS04,SKU0059,16,10,1,0,15,0,0,0
2025-12-28,DS04,SKU0079,2,0,2,0,0,2,1,0
2026-03-16,DS04,SKU0079,1,0,1,0,0,2,1,16
2025-06-26,DS04,SKU0011,10,0,4,0,6,0,0,0
2025-10-04,DS04,SKU0037,9,0,0,0,9,0,0,0
2026-04-25,DS04,SKU0037,24,0,4,0,20,0,0,0
2026-04-01,DS04,SKU0179,25,0,3,0,22,0,0,7
2025-06-25,DS04,SKU0210,5,0,5,0,0,0,0,6
2026-02-24,DS04,SKU0063,0,0,0,0,0,1,1,0
2025-02-15,DS04,SKU0002,8,0,4,0,4,0,0,0
2025-04-25,DS04,SKU0002,11,0,0,0,11,0,0,0
2025-11-27,DS04,SKU0002,14,0,4,0,10,0,0,0
2025-08-14,DS04,SKU0096,7,0,0,0,7,0,0,0
2025-07-25,DS04,SKU0091,7,0,1,6,0,0,0,0
2026-03-11,DS04,SKU0091,6,0,0,0,6,0,0,0
2026-06-19,DS04,SKU0091,5,0,4,1,0,0,0,0
2025-04-30,DS04,SKU0213,6,0,1,0,5,0,0,0
2025-07-05,DS04,SKU0213,0,0,0,0,0,2,1,0
2025-01-31,DS04,SKU0047,8,0,0,0,8,0,0,0
2025-06-24,DS04,SKU0047,8,0,1,0,7,0,0,0
2025-05-01,DS04,SKU0068,5,0,0,5,0,0,0,0
2025-04-27,DS04,SKU0167,14,0,2,0,12,0,0,0
2025-07-10,DS04,SKU0167,12,0,3,0,9,0,0,0
2025-07-15,DS04,SKU0167,14,0,2,0,12,0,0,0
2026-04-22,DS04,SKU0167,14,0,2,0,12,0,0,10
2025-01-13,DS04,SKU0215,0,0,0,0,0,1,1,7
2025-10-09,DS04,SKU0215,2,0,1,0,1,0,0,0
2025-11-18,DS04,SKU0215,7,7,0,0,7,0,0,0
2025-11-27,DS04,SKU0215,11,7,2,0,9,0,0,0
2025-11-25,DS04,SKU0197,13,0,1,0,12,0,0,0
2026-03-24,DS04,SKU0197,12,0,3,0,9,0,0,0
2025-11-14,DS04,SKU0191,7,0,1,0,6,0,0,0
2026-03-03,DS04,SKU0191,8,0,1,0,7,0,0,0
2026-03-19,DS04,SKU0191,9,0,3,0,6,0,0,0
2025-10-24,DS04,SKU0114,25,0,4,0,21,0,0,0
2026-01-05,DS04,SKU0131,20,0,1,0,19,0,0,0
2025-10-30,DS04,SKU0010,10,0,1,0,9,0,0,0
2026-06-01,DS04,SKU0010,13,10,2,0,11,0,0,0
2025-07-29,DS04,SKU0069,4,0,3,0,1,0,0,0
2025-01-09,DS04,SKU0028,8,0,2,0,6,0,0,0
2025-05-04,DS04,SKU0184,18,0,1,0,17,0,0,0
2025-06-20,DS04,SKU0184,8,0,0,0,8,0,0,0
2025-04-19,DS04,SKU0239,15,0,2,0,13,0,0,0
2025-06-08,DS04,SKU0239,5,0,0,0,5,0,0,0
2025-07-10,DS04,SKU0239,12,0,3,0,9,0,0,0
2026-01-03,DS04,SKU0239,8,0,1,0,7,0,0,0
2026-06-15,DS04,SKU0239,10,0,0,0,10,0,0,8
2026-06-16,DS04,SKU0239,10,0,1,0,9,0,0,0
2025-08-14,DS04,SKU0193,13,0,0,0,13,0,0,0
2025-10-07,DS04,SKU0193,7,0,1,0,6,0,0,0
2025-11-14,DS04,SKU0193,7,0,2,0,5,0,0,0
2025-12-01,DS04,SKU0029,0,0,0,0,0,3,1,8
2026-05-15,DS04,SKU0029,6,0,1,0,5,0,0,0
2025-04-27,DS04,SKU0006,5,0,0,0,5,0,0,0
2025-05-29,DS04,SKU0174,9,0,0,0,9,0,0,0
2026-02-24,DS04,SKU0021,0,0,0,0,0,2,1,0
2025-03-05,DS04,SKU0144,11,0,4,0,7,0,0,0
2025-06-21,DS04,SKU0129,5,0,1,0,4,0,0,0
2025-08-19,DS04,SKU0129,17,0,0,0,17,0,0,0
2025-02-01,DS04,SKU0180,12,0,1,0,11,0,0,0
2025-10-02,DS04,SKU0180,8,0,0,0,8,0,0,0
2026-05-07,DS04,SKU0180,14,0,2,0,12,0,0,0
2025-10-04,DS04,SKU0008,12,0,2,0,10,0,0,0
2026-02-09,DS04,SKU0008,12,12,3,0,9,0,0,0
2026-03-31,DS04,SKU0008,8,0,4,0,4,0,0,0
2026-06-09,DS04,SKU0232,10,0,0,0,10,0,0,0
2025-10-02,DS04,SKU0001,6,0,2,0,4,0,0,0
2025-03-30,DS04,SKU0004,4,0,1,0,3,0,0,0
2025-05-31,DS04,SKU0142,14,0,1,0,13,0,0,0
2025-05-30,DS04,SKU0116,12,0,3,0,9,0,0,0
2025-11-02,DS04,SKU0116,19,0,1,0,18,0,0,0
2026-01-04,DS04,SKU0116,14,0,0,0,14,0,0,0
2025-06-01,DS04,SKU0005,0,0,0,0,0,5,1,0
2025-10-29,DS04,SKU0005,12,9,1,0,11,0,0,0
2025-11-26,DS04,SKU0104,17,0,1,0,16,0,0,0
2026-06-02,DS04,SKU0104,23,0,0,0,23,0,0,0
2025-12-11,DS04,SKU0042,16,0,1,0,15,0,0,0
2025-12-17,DS04,SKU0185,10,0,1,0,9,0,0,0
2025-03-19,DS04,SKU0250,13,7,0,0,13,0,0,0
2025-04-25,DS04,SKU0054,15,0,1,0,-4,0,0,0
2025-06-02,DS04,SKU0054,12,0,0,0,12,0,0,0
2026-01-12,DS04,SKU0054,18,0,1,0,17,0,0,0
2025-01-19,DS04,SKU0159,12,0,0,0,12,0,0,0
2025-03-16,DS04,SKU0154,17,0,2,0,15,0,0,0
2025-04-26,DS04,SKU0093,0,0,0,0,0,0,0,0
2025-02-09,DS04,SKU0100,0,0,0,0,0,0,0,0
2025-07-08,DS04,SKU0090,10,10,0,0,10,0,0,0
2025-09-06,DS04,SKU0090,0,0,0,0,0,1,1,0
2025-06-17,DS04,SKU0070,8,0,2,0,6,0,0,0
2026-03-23,DS04,SKU0204,0,0,0,0,0,1,1,7
2026-04-14,DS04,SKU0183,12,0,0,0,12,0,0,0
2025-08-30,DS04,SKU0231,7,0,1,0,6,0,0,0
2026-06-26,DS04,SKU0231,12,0,1,0,11,0,0,0
2025-03-17,DS04,SKU0168,14,0,1,0,13,0,0,11
2025-06-22,DS04,SKU0168,13,11,0,0,13,0,0,0
2025-08-27,DS04,SKU0168,13,0,1,0,12,0,0,0
2026-01-20,DS04,SKU0186,2,0,0,0,2,0,0,0
2025-01-28,DS04,SKU0158,4,0,1,0,3,0,0,0
2026-02-28,DS04,SKU0158,8,0,2,0,6,0,0,0
2025-07-29,DS04,SKU0077,3,0,0,0,3,0,0,0
2025-09-05,DS04,SKU0077,6,6,0,0,6,0,0,0
2025-09-14,DS04,SKU0077,4,0,1,0,3,0,0,0
2025-11-18,DS04,SKU0031,0,0,0,0,0,0,0,0
2025-06-25,DS04,SKU0067,0,0,0,0,0,0,0,0
2025-08-24,DS04,SKU0041,14,0,0,0,14,0,0,0
2026-05-29,DS04,SKU0110,7,0,1,0,6,0,0,0
2025-08-18,DS04,SKU0130,19,0,0,0,19,0,0,0
2025-04-10,DS04,SKU0111,9,0,0,0,9,0,0,0
2025-04-16,DS04,SKU0111,9,0,0,0,9,0,0,0
2026-04-11,DS04,SKU0111,7,0,1,0,6,0,0,0
2025-07-24,DS04,SKU0160,14,0,2,0,12,0,0,0
2025-05-31,DS04,SKU0241,2,0,1,0,1,0,0,0
2025-03-31,DS04,SKU0058,7,0,1,0,6,0,0,0
2025-06-05,DS04,SKU0058,9,0,0,0,9,0,0,0
2025-10-29,DS04,SKU0058,19,15,1,0,18,0,0,0
2025-11-30,DS04,SKU0058,13,0,0,0,13,0,0,0
2026-06-13,DS04,SKU0058,15,0,3,0,12,0,0,0
2025-12-07,DS04,SKU0083,3,0,0,0,3,0,0,0
2025-12-10,DS04,SKU0083,4,0,0,0,4,0,0,0
2025-01-19,DS04,SKU0216,1,0,0,1,0,0,0,0
2026-02-18,DS04,SKU0216,2,0,1,0,1,0,0,4
2025-03-04,DS04,SKU0071,4,0,0,0,4,0,0,0
2025-07-07,DS04,SKU0187,10,0,1,0,9,0,0,0
2025-11-09,DS04,SKU0187,6,0,0,0,6,0,0,0
2025-07-25,DS04,SKU0146,16,0,0,0,16,0,0,0
2026-06-22,DS04,SKU0146,21,0,0,0,21,0,0,0
2026-06-24,DS04,SKU0258,8,0,1,0,7,0,0,0
2025-04-19,DS04,SKU0074,4,0,0,0,4,0,0,0
2025-05-01,DS04,SKU0074,3,0,0,0,3,0,0,0
2025-05-21,DS04,SKU0074,3,0,0,0,3,0,0,0
2025-05-25,DS04,SKU0074,0,0,0,0,0,1,1,0
2025-07-07,DS04,SKU0074,0,0,0,0,0,2,1,4
2026-02-16,DS04,SKU0074,3,0,0,0,3,0,0,0
2026-04-25,DS04,SKU0074,4,0,0,0,4,0,0,0
2025-01-04,DS04,SKU0173,0,0,0,0,0,1,1,0
2025-01-20,DS04,SKU0173,1,0,0,0,1,0,0,8
2025-03-30,DS04,SKU0173,8,7,1,0,7,0,0,0
2026-01-11,DS04,SKU0173,3,0,1,0,2,0,0,0
2026-04-06,DS04,SKU0173,11,0,1,0,10,0,0,0
2025-04-01,DS04,SKU0224,7,0,0,0,7,0,0,0
2025-10-03,DS04,SKU0224,6,0,1,0,5,0,0,0
2025-01-07,DS04,SKU0027,9,0,1,0,8,0,0,0
2025-08-27,DS04,SKU0027,5,0,0,0,5,0,0,0
2025-09-09,DS04,SKU0027,9,0,2,7,0,0,0,0
2026-01-04,DS04,SKU0027,0,0,0,0,0,0,0,0
2026-02-08,DS04,SKU0027,7,0,0,0,7,0,0,0
2026-06-19,DS04,SKU0027,0,0,0,0,0,1,1,0
2025-10-01,DS04,SKU0206,7,0,1,0,6,0,0,0
2025-09-16,DS04,SKU0155,11,0,3,0,8,0,0,0
2025-02-10,DS04,SKU0203,0,0,0,0,0,0,0,5
2025-08-10,DS04,SKU0203,0,0,0,0,0,1,1,0
2025-11-07,DS04,SKU0148,23,0,0,0,23,0,0,0
2025-05-13,DS04,SKU0220,1,0,0,0,1,0,0,0
2025-12-30,DS04,SKU0220,10,0,1,0,9,0,0,0
2026-04-15,DS04,SKU0220,9,0,0,0,9,0,0,0
2026-03-10,DS04,SKU0056,6,0,1,0,5,0,0,0
2025-04-09,DS04,SKU0235,8,0,1,0,7,0,0,0
2025-04-26,DS04,SKU0235,6,0,0,0,6,0,0,0
2026-01-03,DS04,SKU0235,3,0,0,0,3,0,0,0
2026-03-11,DS04,SKU0235,10,0,2,0,8,0,0,8
2026-03-18,DS04,SKU0102,5,0,2,0,3,0,0,0
2025-05-22,DS04,SKU0170,5,0,0,0,5,0,0,0
2025-11-12,DS05,SKU0261,73,14,9,0,64,0,0,21
2025-02-18,DS05,SKU0161,71,18,5,0,66,0,0,0
2026-03-02,DS05,SKU0161,100,0,11,0,89,0,0,63
2026-06-02,DS05,SKU0117,74,0,7,0,67,0,0,0
2025-05-05,DS05,SKU0172,47,42,6,0,41,0,0,28
2025-08-03,DS05,SKU0172,55,35,10,0,45,0,0,0
2025-05-31,DS05,SKU0076,18,0,8,0,10,0,0,0
2026-03-01,DS05,SKU0076,10,0,4,0,6,0,0,0
2025-06-28,DS05,SKU0127,34,0,7,0,27,0,0,0
2025-08-05,DS05,SKU0127,54,0,1,0,53,0,0,0
2025-11-14,DS05,SKU0127,41,18,7,0,34,0,0,0
2025-08-04,DS05,SKU0106,35,0,9,0,26,0,0,48
2026-04-27,DS05,SKU0106,65,0,2,0,63,0,0,0
2025-01-16,DS05,SKU0219,32,0,6,0,26,0,0,0
2025-03-05,DS05,SKU0219,37,8,4,0,33,0,0,16
2025-07-19,DS05,SKU0219,26,0,12,0,14,0,0,0
2025-04-12,DS05,SKU0143,27,0,2,0,25,0,0,0
2025-09-22,DS05,SKU0143,45,0,9,0,36,0,0,28
2025-12-05,DS05,SKU0143,27,0,5,0,22,0,0,0
2025-09-27,DS05,SKU0018,25,0,6,0,19,0,0,0
2025-12-14,DS05,SKU0018,15,0,4,0,11,0,0,0
2025-10-29,DS05,SKU0032,19,18,4,0,15,0,0,9
2026-06-17,DS05,SKU0032,0,0,0,0,0,3,1,0
2026-06-19,DS05,SKU0032,20,0,9,0,11,0,0,0
2025-02-25,DS05,SKU0061,16,0,1,0,15,0,0,0
2025-06-22,DS05,SKU0061,23,0,4,0,19,0,0,0
2025-02-07,DS05,SKU0212,9,0,1,0,8,0,0,0
2025-02-25,DS05,SKU0023,1,0,1,0,0,3,1,0
2025-06-09,DS05,SKU0023,3,0,3,0,0,1,1,10
2025-04-03,DS05,SKU0012,16,0,4,0,12,0,0,0
2025-11-19,DS05,SKU0012,18,18,2,0,16,0,0,0
2025-09-30,DS05,SKU0085,13,12,2,0,11,0,0,0
2026-04-13,DS05,SKU0085,3,0,1,2,0,0,0,18
2026-05-24,DS05,SKU0013,5,0,4,0,1,0,0,0
2025-01-10,DS05,SKU0169,31,0,7,0,24,0,0,0
2025-10-10,DS05,SKU0169,11,0,3,0,8,0,0,0
2025-09-26,DS05,SKU0132,16,0,3,0,13,0,0,0
2025-12-31,DS05,SKU0132,27,0,1,0,26,0,0,0
2026-01-21,DS05,SKU0218,28,0,4,0,24,0,0,8
2025-04-21,DS05,SKU0043,11,0,2,0,-2,0,0,15
2026-05-14,DS05,SKU0043,22,0,3,0,19,0,0,0
2026-06-22,DS05,SKU0043,5,0,1,0,4,0,0,15
2025-12-23,DS05,SKU0066,12,0,4,0,8,0,0,0
2026-01-06,DS05,SKU0066,6,0,3,0,3,0,0,0
2025-02-18,DS05,SKU0103,17,0,3,0,14,0,0,0
2026-05-10,DS05,SKU0103,34,0,2,0,32,0,0,0
2026-05-25,DS05,SKU0103,28,0,6,0,22,0,0,12
2025-10-08,DS05,SKU0134,22,0,4,0,18,0,0,0
2025-10-18,DS05,SKU0134,14,0,7,0,7,0,0,0
2025-06-06,DS05,SKU0050,14,0,4,0,10,0,0,0
2025-09-29,DS05,SKU0050,10,0,0,0,10,0,0,12
2025-11-22,DS05,SKU0050,17,0,2,3,12,0,0,0
2026-04-15,DS05,SKU0050,14,12,3,0,11,0,0,12
2026-06-15,DS05,SKU0181,27,0,2,0,25,0,0,9
2025-03-24,DS05,SKU0135,29,0,0,0,29,0,0,16
2025-10-27,DS05,SKU0135,26,0,1,0,25,0,0,16
2026-05-02,DS05,SKU0135,13,0,8,0,5,0,0,0
2026-02-06,DS05,SKU0016,13,6,5,0,8,0,0,0
2026-03-12,DS05,SKU0016,12,12,2,0,10,0,0,0
2025-01-21,DS05,SKU0257,9,0,2,0,7,0,0,0
2025-06-29,DS05,SKU0257,23,0,0,0,23,0,0,0
2025-12-21,DS05,SKU0257,16,0,5,0,11,0,0,0
2026-01-15,DS05,SKU0257,19,0,2,0,17,0,0,0
2026-05-09,DS05,SKU0257,18,0,2,0,16,0,0,0
2025-01-07,DS05,SKU0195,0,0,0,0,0,1,1,0
2025-10-12,DS05,SKU0195,17,0,3,0,14,0,0,0
2026-01-18,DS05,SKU0195,11,0,1,0,10,0,0,0
2025-06-27,DS05,SKU0049,21,0,2,0,19,0,0,0
2025-06-28,DS05,SKU0030,9,0,2,0,7,0,0,0
2026-03-30,DS05,SKU0030,3,0,2,0,1,0,0,16
2025-07-09,DS05,SKU0147,21,0,3,0,18,0,0,0
2025-09-22,DS05,SKU0147,22,0,0,0,22,0,0,12
2026-02-27,DS05,SKU0147,18,0,6,0,12,0,0,0
2025-08-03,DS05,SKU0200,15,0,5,0,10,0,0,0
2026-01-29,DS05,SKU0200,8,0,3,0,5,0,0,0
2025-05-28,DS05,SKU0225,24,16,1,0,23,0,0,0
2025-09-02,DS05,SKU0225,21,0,3,0,18,0,0,0
2025-10-30,DS05,SKU0225,18,0,3,0,15,0,0,0
2025-11-27,DS05,SKU0225,22,0,1,0,21,0,0,0
2025-02-03,DS05,SKU0092,0,0,0,0,0,1,1,8
2025-06-30,DS05,SKU0092,0,0,0,0,0,2,1,8
2025-10-16,DS05,SKU0092,4,0,0,0,4,0,0,0
2025-03-25,DS05,SKU0240,22,0,1,0,21,0,0,0
2026-05-15,DS05,SKU0240,14,0,6,0,8,0,0,0
2025-11-25,DS05,SKU0260,18,0,2,0,16,0,0,0
2026-02-20,DS05,SKU0260,22,0,1,0,21,0,0,0
2026-04-07,DS05,SKU0264,24,0,2,0,22,0,0,0
2025-05-31,DS05,SKU0226,11,0,2,0,9,0,0,0
2025-01-12,DS05,SKU0156,19,0,0,0,19,0,0,0
2025-10-20,DS05,SKU0086,5,0,2,3,0,0,0,7
2025-02-08,DS05,SKU0022,7,0,3,0,4,0,0,0
2025-06-07,DS05,SKU0198,15,11,0,0,15,0,0,0
2025-05-12,DS05,SKU0138,21,0,0,0,21,0,0,0
2025-11-01,DS05,SKU0138,10,0,1,0,9,0,0,0
2026-03-13,DS05,SKU0138,24,0,2,0,22,0,0,0
2026-04-21,DS05,SKU0138,24,0,3,0,21,0,0,0
2025-01-24,DS05,SKU0194,8,0,6,0,2,0,0,0
2025-03-01,DS05,SKU0194,15,7,1,0,14,0,0,0
2026-06-10,DS05,SKU0194,7,0,2,0,5,0,0,7
2025-03-23,DS05,SKU0145,33,17,2,0,31,0,0,0
2025-06-15,DS05,SKU0145,17,0,1,0,16,0,0,0
2026-04-17,DS05,SKU0145,17,0,5,0,12,0,0,0
2025-12-23,DS05,SKU0128,19,0,0,0,19,0,0,0
2025-06-02,DS05,SKU0087,0,0,0,0,0,0,0,6
2026-03-07,DS05,SKU0087,7,0,3,0,4,0,0,0
2026-01-01,DS05,SKU0035,10,0,0,0,10,0,0,0
2025-01-14,DS05,SKU0079,8,0,1,0,7,0,0,0
2025-05-21,DS05,SKU0079,3,0,3,0,0,1,1,0
2025-03-03,DS05,SKU0011,4,0,1,0,3,0,0,10
2025-11-16,DS05,SKU0011,2,0,2,0,0,1,1,0
2025-12-02,DS05,SKU0011,6,0,1,0,5,0,0,0
2026-02-25,DS05,SKU0011,6,0,3,0,3,0,0,0
2026-06-07,DS05,SKU0037,15,0,1,0,14,0,0,0
2025-03-25,DS05,SKU0179,20,7,2,0,18,0,0,0
2025-04-07,DS05,SKU0179,22,0,1,0,21,0,0,0
2025-10-19,DS05,SKU0179,9,7,3,0,6,0,0,0
2025-05-06,DS05,SKU0002,7,0,1,0,6,0,0,0
2025-08-16,DS05,SKU0002,7,0,2,0,5,0,0,0
2025-10-14,DS05,SKU0002,3,0,2,0,1,0,0,0
2026-03-03,DS05,SKU0002,7,0,2,0,5,0,0,0
2026-06-06,DS05,SKU0002,2,0,2,0,0,1,1,0
2025-01-01,DS05,SKU0096,0,0,0,0,0,0,0,9
2025-09-18,DS05,SKU0091,5,0,2,0,3,0,0,0
2025-11-26,DS05,SKU0091,6,0,2,0,4,0,0,0
2026-02-03,DS05,SKU0091,9,9,0,0,9,0,0,0
2025-11-09,DS05,SKU0213,5,0,1,4,0,0,0,0
2025-11-10,DS05,SKU0213,0,0,0,0,0,0,0,6
2025-03-16,DS05,SKU0047,5,0,0,0,5,0,0,0
2025-11-01,DS05,SKU0068,0,0,0,0,0,0,0,0
2025-10-04,DS05,SKU0253,8,0,0,0,8,0,0,0
2026-02-07,DS05,SKU0253,7,0,0,0,7,0,0,0
2026-01-27,DS05,SKU0215,7,7,1,0,6,0,0,0
2026-03-19,DS05,SKU0197,5,0,1,0,4,0,0,0
2026-04-08,DS05,SKU0197,11,0,4,0,7,0,0,0
2025-03-19,DS05,SKU0191,10,0,0,0,10,0,0,0
2025-12-27,DS05,SKU0191,4,0,3,0,1,0,0,0
2025-03-17,DS05,SKU0238,12,0,0,0,12,0,0,0
2025-04-17,DS05,SKU0238,17,0,2,0,15,0,0,0
2025-09-02,DS05,SKU0238,11,0,2,0,9,0,0,0
2026-04-08,DS05,SKU0238,17,0,2,0,15,0,0,0
2025-01-20,DS05,SKU0222,8,8,3,0,5,0,0,8
2025-03-15,DS05,SKU0051,20,0,1,0,19,0,0,0
2025-07-13,DS05,SKU0051,8,0,0,0,8,0,0,0
2026-02-11,DS05,SKU0051,17,17,1,0,16,0,0,0
2025-03-29,DS05,SKU0205,0,0,0,0,0,2,1,0
2026-06-07,DS05,SKU0205,0,0,0,0,0,0,0,0
2025-05-28,DS05,SKU0114,11,0,1,0,10,0,0,0
2026-05-22,DS05,SKU0114,21,20,1,0,20,0,0,0
2025-11-27,DS05,SKU0131,20,0,4,0,16,0,0,0
2025-05-13,DS05,SKU0115,8,0,2,0,6,0,0,0
2026-05-15,DS05,SKU0115,10,0,1,0,9,0,0,0
2025-08-11,DS05,SKU0190,10,0,1,0,9,0,0,9
2025-10-11,DS05,SKU0190,12,9,1,0,11,0,0,0
2026-02-11,DS05,SKU0190,11,0,3,0,8,0,0,9
2026-05-13,DS05,SKU0190,9,0,2,0,7,0,0,0
2025-07-04,DS05,SKU0073,8,0,1,0,7,0,0,0
2026-05-30,DS05,SKU0073,12,0,2,0,10,0,0,0
2026-03-19,DS05,SKU0010,0,0,0,0,0,2,1,0
2025-11-16,DS05,SKU0028,5,0,1,0,4,0,0,0
2026-05-08,DS05,SKU0028,8,0,0,0,8,0,0,0
2025-11-05,DS05,SKU0239,17,8,1,0,16,0,0,0
2026-01-11,DS05,SKU0239,5,0,1,0,4,0,0,0
2026-06-01,DS05,SKU0029,3,0,0,0,3,0,0,8
2025-07-29,DS05,SKU0006,0,0,0,0,0,1,1,0
2026-04-01,DS05,SKU0006,4,0,1,3,0,0,0,10
2025-05-07,DS05,SKU0044,16,13,1,0,15,0,0,0
2025-12-03,DS05,SKU0044,8,0,0,0,8,0,0,0
2026-06-21,DS05,SKU0044,9,0,3,0,6,0,0,0
2025-01-21,DS05,SKU0082,2,0,0,0,2,0,0,0
2025-09-09,DS05,SKU0026,0,0,0,0,0,0,0,0
2025-09-11,DS05,SKU0026,8,0,1,0,7,0,0,0
2025-02-28,DS05,SKU0021,7,7,1,0,6,0,0,0
2025-07-31,DS05,SKU0144,9,0,0,0,9,0,0,0
2025-01-26,DS05,SKU0188,8,0,0,0,8,0,0,0
2025-09-17,DS05,SKU0188,12,8,1,0,11,0,0,0
2025-02-23,DS05,SKU0099,8,0,1,0,7,0,0,0
2025-04-07,DS05,SKU0008,10,0,1,0,9,0,0,0
2025-11-10,DS05,SKU0008,0,0,0,0,0,0,0,12
2025-11-13,DS05,SKU0232,6,0,0,0,6,0,0,0
2025-09-24,DS05,SKU0001,6,6,2,0,4,0,0,0
2026-04-09,DS05,SKU0001,6,0,0,0,6,0,0,0
2025-08-19,DS05,SKU0162,17,11,0,0,17,0,0,0
2026-06-20,DS05,SKU0162,9,0,0,0,9,0,0,0
2025-02-01,DS05,SKU0004,0,0,0,0,0,1,1,0
2025-11-30,DS05,SKU0004,0,0,0,0,0,0,0,0
2026-03-29,DS05,SKU0004,6,0,0,0,6,0,0,0
2026-04-01,DS05,SKU0004,6,0,0,6,0,0,0,9
2025-03-12,DS05,SKU0038,0,0,0,0,0,1,1,16
2025-07-17,DS05,SKU0038,0,0,0,0,0,1,1,0
2025-09-18,DS05,SKU0072,6,6,2,0,4,0,0,0
2026-06-12,DS05,SKU0072,4,0,2,0,2,0,0,0
2025-03-14,DS05,SKU0142,16,0,2,0,14,0,0,0
2026-06-07,DS05,SKU0116,6,0,1,0,5,0,0,0
2025-09-15,DS05,SKU0015,10,0,3,0,7,0,0,0
2026-03-20,DS05,SKU0015,9,0,1,0,8,0,0,0
2026-05-24,DS05,SKU0005,7,0,1,0,6,0,0,0
2026-06-05,DS05,SKU0104,18,0,0,0,18,0,0,0
2025-06-25,DS05,SKU0034,7,0,0,0,7,0,0,0
2026-06-08,DS05,SKU0034,4,0,0,0,4,0,0,10
2025-01-30,DS05,SKU0042,13,0,0,0,13,0,0,0
2025-11-29,DS05,SKU0042,16,0,0,0,16,0,0,0
2025-02-01,DS05,SKU0250,3,0,0,0,3,0,0,0
2026-02-04,DS05,SKU0250,10,0,2,0,8,0,0,7
2026-04-04,DS05,SKU0250,6,0,0,0,6,0,0,0
2026-03-18,DS05,SKU0009,8,8,1,0,7,0,0,0
2025-04-12,DS05,SKU0017,8,0,1,0,7,0,0,0
2025-06-11,DS05,SKU0159,7,0,0,0,-4,0,0,0
2025-11-13,DS05,SKU0159,7,0,0,0,7,0,0,0
2025-02-09,DS05,SKU0093,0,0,0,0,0,1,1,0
2025-06-01,DS05,SKU0100,0,0,0,0,0,0,0,0
2025-09-12,DS05,SKU0100,8,0,3,5,0,0,0,0
2025-02-04,DS05,SKU0165,6,0,1,0,5,0,0,0
2025-08-14,DS05,SKU0165,8,0,1,0,7,0,0,0
2025-05-27,DS05,SKU0090,10,10,0,0,10,0,0,0
2025-09-17,DS05,SKU0090,10,0,2,0,8,0,0,0
2025-12-27,DS05,SKU0090,0,0,0,0,0,1,1,0
2025-02-18,DS05,SKU0070,2,0,0,0,2,0,0,0
2025-03-21,DS05,SKU0204,7,0,1,0,6,0,0,0
2025-07-20,DS05,SKU0204,2,0,0,2,0,0,0,0
2025-10-11,DS05,SKU0204,7,0,0,0,7,0,0,0
2026-01-21,DS05,SKU0204,7,0,1,0,6,0,0,0
2025-01-13,DS05,SKU0168,10,0,0,0,10,0,0,0
2025-06-17,DS05,SKU0168,11,0,1,0,10,0,0,0
2026-06-23,DS05,SKU0168,10,0,0,0,10,0,0,0
2026-04-10,DS05,SKU0186,4,0,2,0,2,0,0,0
2025-08-17,DS05,SKU0077,0,0,0,0,0,2,1,0
2026-03-24,DS05,SKU0077,2,0,0,0,2,0,0,0
2026-03-25,DS05,SKU0077,2,0,1,0,1,0,0,0
2025-07-19,DS05,SKU0252,13,0,1,0,12,0,0,0
2025-10-09,DS05,SKU0252,10,0,1,0,9,0,0,0
2025-06-10,DS05,SKU0031,0,0,0,0,0,1,1,0
2025-08-23,DS05,SKU0031,3,0,1,0,2,0,0,0
2025-10-20,DS05,SKU0031,0,0,0,0,0,0,0,7
2026-04-29,DS05,SKU0031,3,3,1,0,2,0,0,0
2025-03-24,DS05,SKU0067,0,0,0,0,0,1,1,7
2026-03-05,DS05,SKU0067,5,0,1,0,4,0,0,0
2026-03-29,DS05,SKU0067,5,0,0,0,5,0,0,0
2025-07-15,DS05,SKU0041,16,0,0,0,16,0,0,0
2025-06-14,DS05,SKU0110,18,0,3,0,15,0,0,0
2026-01-16,DS05,SKU0110,26,23,0,0,26,0,0,0
2025-11-17,DS05,SKU0105,22,0,0,0,22,0,0,0
2025-10-19,DS05,SKU0062,11,0,0,0,11,0,0,0
2026-03-03,DS05,SKU0062,10,0,1,0,9,0,0,0
2025-10-15,DS05,SKU0160,10,0,0,0,10,0,0,0
2025-12-02,DS05,SKU0160,16,0,1,0,15,0,0,0
2025-04-09,DS05,SKU0241,10,0,0,0,10,0,0,0
2025-04-15,DS05,SKU0241,5,0,1,0,4,0,0,0
2025-10-05,DS05,SKU0241,7,0,2,0,5,0,0,0
2025-10-23,DS05,SKU0058,6,0,0,0,6,0,0,0
2025-05-23,DS05,SKU0216,4,0,1,0,3,0,0,0
2025-11-26,DS05,SKU0071,0,0,0,0,0,0,0,0
2025-07-24,DS05,SKU0187,5,0,1,0,4,0,0,0
2025-12-21,DS05,SKU0187,4,0,0,0,4,0,0,0
2026-05-28,DS05,SKU0187,10,0,0,0,10,0,0,0
2025-02-28,DS05,SKU0146,8,0,0,0,8,0,0,0
2025-03-11,DS05,SKU0146,17,0,0,0,17,0,0,0
2026-04-14,DS05,SKU0146,8,0,0,0,8,0,0,0
2026-06-18,DS05,SKU0146,16,0,2,0,14,0,0,0
2025-11-13,DS05,SKU0258,11,0,0,0,11,0,0,0
2025-11-01,DS05,SKU0074,4,0,2,0,2,0,0,0
2025-05-31,DS05,SKU0173,8,0,0,0,8,0,0,0
2025-11-15,DS05,SKU0173,9,0,1,0,8,0,0,0
2026-04-03,DS05,SKU0224,5,0,0,0,5,0,0,0
2025-09-03,DS05,SKU0027,10,10,1,0,9,0,0,0
2025-11-13,DS05,SKU0206,6,0,0,0,6,0,0,0
2026-03-23,DS05,SKU0206,4,0,1,0,3,0,0,0
2025-02-04,DS05,SKU0155,10,0,0,0,10,0,0,0
2026-06-27,DS05,SKU0155,12,0,0,0,12,0,0,0
2025-02-21,DS05,SKU0020,6,6,0,0,6,0,0,0
2025-08-04,DS05,SKU0020,4,0,1,0,3,0,0,0
2025-09-10,DS05,SKU0020,6,6,0,0,6,0,0,0
2026-01-14,DS05,SKU0020,5,0,0,0,5,0,0,0
2026-03-04,DS05,SKU0020,6,0,0,0,6,0,0,0
2026-01-26,DS06,SKU0261,59,28,7,0,52,0,0,35
2025-10-20,DS06,SKU0176,50,0,5,0,45,0,0,24
2026-01-06,DS06,SKU0176,53,24,4,0,49,0,0,0
2026-03-29,DS06,SKU0176,64,12,9,0,55,0,0,0
2025-10-04,DS06,SKU0161,32,0,9,0,23,0,0,0
2026-02-26,DS06,SKU0117,18,0,8,0,10,0,0,0
2025-10-28,DS06,SKU0172,39,7,5,0,34,0,0,0
2025-08-20,DS06,SKU0095,13,0,6,0,7,0,0,9
2025-10-14,DS06,SKU0094,18,16,2,0,16,0,0,0
2025-10-16,DS06,SKU0094,21,8,3,0,18,0,0,0
2025-10-19,DS06,SKU0143,45,14,7,0,38,0,0,0
2026-03-25,DS06,SKU0018,0,0,0,0,0,4,1,7
2025-06-10,DS06,SKU0032,1,0,1,0,0,3,1,0
2025-10-29,DS06,SKU0061,17,12,3,0,14,0,0,12
2025-11-20,DS06,SKU0061,15,0,1,0,14,0,0,0
2026-06-16,DS06,SKU0061,8,0,2,0,6,0,0,0
2026-01-19,DS06,SKU0212,0,0,0,0,0,2,1,8
2026-06-13,DS06,SKU0212,8,0,8,0,0,0,0,0
2025-01-26,DS06,SKU0023,2,0,1,1,0,0,0,0
2025-02-01,DS06,SKU0012,5,0,3,0,2,0,0,0
2025-04-10,DS06,SKU0012,9,0,1,0,8,0,0,0
2025-11-18,DS06,SKU0012,7,0,1,6,0,0,0,0
2026-05-16,DS06,SKU0012,4,0,4,0,0,1,1,0
2025-10-10,DS06,SKU0256,21,0,1,0,20,0,0,0
2025-10-22,DS06,SKU0256,22,8,3,0,19,0,0,8
2026-02-05,DS06,SKU0256,19,0,6,0,13,0,0,0
2025-03-03,DS06,SKU0085,0,0,0,0,0,2,1,12
2025-11-29,DS06,SKU0085,6,0,1,0,5,0,0,0
2026-03-02,DS06,SKU0085,4,0,3,0,1,0,0,12
2025-06-27,DS06,SKU0013,11,0,6,0,5,0,0,0
2025-01-13,DS06,SKU0043,2,0,2,0,0,0,0,15
2025-03-13,DS06,SKU0043,18,0,2,0,16,0,0,0
2025-09-07,DS06,SKU0043,13,0,2,0,11,0,0,0
2026-02-25,DS06,SKU0043,19,15,3,0,16,0,0,15
2025-03-03,DS06,SKU0066,2,0,1,0,1,0,0,21
2025-04-06,DS06,SKU0066,12,0,0,0,12,0,0,0
2026-01-06,DS06,SKU0066,6,0,1,0,5,0,0,0
2026-05-19,DS06,SKU0113,27,0,3,0,24,0,0,0
2025-09-29,DS06,SKU0103,16,0,2,0,14,0,0,12
2026-02-13,DS06,SKU0103,20,10,4,0,16,0,0,0
2025-08-25,DS06,SKU0134,35,0,3,0,32,0,0,0
2026-05-18,DS06,SKU0134,30,0,1,0,29,0,0,23
2026-02-06,DS06,SKU0259,13,0,4,0,9,0,0,0
2026-01-20,DS06,SKU0209,8,8,2,0,6,0,0,0
2026-05-04,DS06,SKU0209,0,0,0,0,0,1,1,8
2025-11-29,DS06,SKU0050,10,0,4,0,6,0,0,0
2025-11-17,DS06,SKU0181,22,0,2,0,20,0,0,9
2025-05-14,DS06,SKU0135,21,0,3,0,18,0,0,0
2025-09-06,DS06,SKU0016,9,0,3,0,6,0,0,0
2025-04-02,DS06,SKU0081,0,0,0,0,0,5,1,0
2025-02-13,DS06,SKU0195,16,0,1,0,15,0,0,0
2025-06-06,DS06,SKU0195,5,0,2,0,3,0,0,0
2025-07-31,DS06,SKU0195,9,0,2,0,7,0,0,0
2025-12-30,DS06,SKU0236,18,0,0,0,18,0,0,0
2026-05-11,DS06,SKU0236,9,6,1,0,8,0,0,12
2025-07-14,DS06,SKU0242,19,6,2,0,17,0,0,12
2025-03-18,DS06,SKU0251,19,0,2,0,17,0,0,0
2026-06-05,DS06,SKU0251,16,0,3,0,13,0,0,0
2025-02-28,DS06,SKU0230,18,0,1,0,17,0,0,0
2025-12-22,DS06,SKU0230,21,11,0,0,21,0,0,0
2025-12-28,DS06,SKU0230,17,0,4,0,13,0,0,0
2026-01-16,DS06,SKU0230,6,0,3,0,3,0,0,0
2025-11-09,DS06,SKU0200,11,0,3,0,8,0,0,0
2025-05-17,DS06,SKU0225,11,0,1,0,10,0,0,0
2025-09-01,DS06,SKU0240,18,12,0,0,18,0,0,6
2025-09-28,DS06,SKU0240,12,0,3,0,9,0,0,0
2025-03-06,DS06,SKU0264,8,0,3,0,5,0,0,0
2025-05-21,DS06,SKU0264,15,0,2,0,13,0,0,0
2026-01-13,DS06,SKU0264,11,0,3,0,8,0,0,0
2026-05-16,DS06,SKU0264,20,0,2,0,18,0,0,0
2025-11-04,DS06,SKU0226,13,0,3,0,10,0,0,0
2026-06-08,DS06,SKU0226,18,12,2,0,16,0,0,12
2025-04-17,DS06,SKU0156,26,0,0,0,26,0,0,0
2025-03-31,DS06,SKU0086,0,0,0,0,0,1,1,7
2026-05-26,DS06,SKU0086,7,7,4,0,3,0,0,0
2026-03-06,DS06,SKU0022,0,0,0,0,0,3,1,0
2025-05-14,DS06,SKU0138,8,0,2,0,6,0,0,0
2026-02-14,DS06,SKU0194,7,0,5,0,2,0,0,0
2026-02-22,DS06,SKU0194,14,0,2,0,12,0,0,0
2025-09-04,DS06,SKU0121,26,0,1,0,25,0,0,0
2025-08-12,DS06,SKU0128,5,0,0,0,5,0,0,0
2026-03-09,DS06,SKU0128,16,0,5,0,11,0,0,16
2025-04-11,DS06,SKU0087,5,0,1,0,4,0,0,0
2025-04-23,DS06,SKU0035,12,11,0,0,12,0,0,0
2025-06-17,DS06,SKU0035,13,0,1,0,12,0,0,0
2025-07-19,DS06,SKU0035,7,0,0,0,7,0,0,0
2026-06-19,DS06,SKU0035,7,0,2,0,5,0,0,0
2025-07-16,DS06,SKU0059,12,10,1,0,11,0,0,0
2025-09-28,DS06,SKU0059,8,0,0,0,8,0,0,0
2025-04-16,DS06,SKU0037,5,0,0,5,0,0,0,17
2025-05-13,DS06,SKU0037,8,0,1,0,7,0,0,0
2025-01-18,DS06,SKU0179,10,0,2,0,8,0,0,0
2025-12-15,DS06,SKU0179,12,0,2,0,10,0,0,0
2026-06-28,DS06,SKU0210,0,0,0,0,0,3,1,0
2025-08-09,DS06,SKU0002,12,0,1,0,11,0,0,0
2025-09-06,DS06,SKU0002,12,0,0,0,12,0,0,0
2026-02-06,DS06,SKU0091,8,0,3,5,0,0,0,0
2026-06-11,DS06,SKU0091,6,0,0,0,6,0,0,0
2025-02-19,DS06,SKU0068,3,0,0,0,3,0,0,0
2025-11-10,DS06,SKU0068,2,0,1,0,1,0,0,8
2025-04-18,DS06,SKU0253,19,0,1,0,18,0,0,0
2025-05-18,DS06,SKU0167,6,0,2,0,4,0,0,0
2026-01-02,DS06,SKU0167,10,0,1,0,9,0,0,0
2025-09-27,DS06,SKU0197,12,0,0,0,12,0,0,0
2025-10-27,DS06,SKU0197,5,0,1,0,4,0,0,0
2026-03-25,DS06,SKU0191,6,0,1,0,5,0,0,0
2025-06-04,DS06,SKU0238,11,7,0,0,11,0,0,0
2025-10-11,DS06,SKU0238,8,0,0,0,8,0,0,0
2026-04-21,DS06,SKU0238,3,0,2,0,1,0,0,0
2026-03-05,DS06,SKU0222,13,0,1,0,12,0,0,0
2025-10-01,DS06,SKU0051,19,17,1,0,18,0,0,0
2025-09-02,DS06,SKU0131,18,0,0,0,18,0,0,0
2026-02-12,DS06,SKU0131,7,0,1,0,6,0,0,0
2026-06-18,DS06,SKU0115,11,0,0,0,11,0,0,0
2026-06-22,DS06,SKU0115,6,0,0,0,6,0,0,16
2025-07-12,DS06,SKU0190,11,0,1,0,10,0,0,0
2026-06-08,DS06,SKU0190,14,9,3,0,11,0,0,0
2025-05-05,DS06,SKU0073,1,0,0,0,1,0,0,8
2026-05-31,DS06,SKU0073,3,0,2,0,1,0,0,0
2025-06-27,DS06,SKU0010,7,0,1,0,6,0,0,0
2025-10-29,DS06,SKU0010,7,0,0,0,7,0,0,0
2026-04-15,DS06,SKU0010,9,0,3,0,6,0,0,0
2025-03-07,DS06,SKU0069,7,0,2,0,5,0,0,0
2026-01-02,DS06,SKU0028,7,0,0,0,7,0,0,0
2025-01-13,DS06,SKU0184,3,0,1,0,2,0,0,12
2025-01-22,DS06,SKU0184,8,0,1,0,7,0,0,0
2025-06-23,DS06,SKU0239,15,8,0,0,15,0,0,0
2025-07-25,DS06,SKU0239,5,0,0,0,5,0,0,0
2025-11-08,DS06,SKU0193,7,0,0,0,7,0,0,0
2025-06-14,DS06,SKU0006,7,0,0,0,7,0,0,0
2025-09-24,DS06,SKU0006,10,10,0,0,10,0,0,0
2025-01-20,DS06,SKU0044,0,0,0,0,0,1,1,13
2025-10-20,DS06,SKU0044,12,0,0,0,12,0,0,0
2025-03-31,DS06,SKU0174,13,0,1,0,12,0,0,0
2025-05-25,DS06,SKU0174,11,7,1,0,10,0,0,0
2025-12-22,DS06,SKU0082,0,0,0,0,0,0,0,7
2026-03-30,DS06,SKU0082,5,0,0,0,5,0,0,0
2025-10-10,DS06,SKU0144,3,0,1,0,2,0,0,0
2025-05-06,DS06,SKU0188,9,0,0,0,9,0,0,0
2026-01-19,DS06,SKU0188,3,0,0,0,3,0,0,8
2026-03-22,DS06,SKU0188,1,0,1,0,0,0,0,0
2025-01-09,DS06,SKU0149,24,0,0,0,24,0,0,0
2026-02-12,DS06,SKU0149,12,0,0,0,12,0,0,0
2025-01-10,DS06,SKU0099,10,0,1,0,9,0,0,0
2025-09-23,DS06,SKU0099,11,10,0,0,11,0,0,0
2025-11-14,DS06,SKU0099,9,0,0,0,9,0,0,0
2025-01-10,DS06,SKU0180,9,0,0,0,9,0,0,0
2025-02-22,DS06,SKU0180,6,0,1,0,5,0,0,0
2026-06-26,DS06,SKU0008,0,0,0,0,0,2,1,0
2025-03-18,DS06,SKU0232,6,0,0,0,6,0,0,0
2025-05-13,DS06,SKU0232,3,0,0,0,3,0,0,0
2025-12-07,DS06,SKU0162,15,11,0,0,15,0,0,0
2025-05-11,DS06,SKU0004,6,0,1,0,5,0,0,0
2025-08-15,DS06,SKU0038,13,0,0,0,13,0,0,0
2025-12-14,DS06,SKU0038,11,0,1,0,10,0,0,0
2025-04-04,DS06,SKU0072,0,0,0,0,0,2,1,0
2025-08-27,DS06,SKU0072,0,0,0,0,0,0,0,0
2025-04-16,DS06,SKU0142,14,0,1,0,13,0,0,0
2025-11-09,DS06,SKU0142,6,0,0,0,6,0,0,0
2026-04-09,DS06,SKU0142,2,0,0,0,2,0,0,0
2026-06-02,DS06,SKU0142,20,13,0,0,20,0,0,0
2025-12-17,DS06,SKU0116,13,0,1,0,12,0,0,0
2025-05-23,DS06,SKU0015,9,0,0,0,9,0,0,0
2026-01-15,DS06,SKU0015,0,0,0,0,0,0,0,0
2026-05-21,DS06,SKU0015,8,0,0,0,8,0,0,0
2025-04-28,DS06,SKU0005,0,0,0,0,0,0,0,9
2026-01-04,DS06,SKU0104,8,0,0,0,8,0,0,0
2025-07-19,DS06,SKU0042,11,0,0,0,11,0,0,0
2025-03-07,DS06,SKU0185,9,0,0,0,9,0,0,0
2026-04-30,DS06,SKU0185,5,0,0,0,5,0,0,0
2025-10-09,DS06,SKU0250,9,0,0,0,9,0,0,0
2026-06-05,DS06,SKU0250,7,0,0,0,7,0,0,0
2025-10-10,DS06,SKU0009,0,0,0,0,0,0,0,0
2025-10-04,DS06,SKU0054,11,0,0,0,11,0,0,0
2026-02-13,DS06,SKU0159,5,0,0,0,5,0,0,0
2025-02-18,DS06,SKU0093,10,10,1,0,9,0,0,0
2026-06-13,DS06,SKU0093,0,0,0,0,0,0,0,0
2025-02-12,DS06,SKU0136,5,0,2,0,3,0,0,0
2025-02-28,DS06,SKU0136,10,0,0,0,10,0,0,0
2025-03-14,DS06,SKU0136,16,0,1,0,15,0,0,0
2025-07-19,DS06,SKU0070,4,0,0,0,4,0,0,0
2025-08-28,DS06,SKU0070,2,0,0,0,2,0,0,0
2025-01-14,DS06,SKU0183,5,0,1,0,4,0,0,0
2025-06-02,DS06,SKU0183,11,0,0,0,11,0,0,0
2026-05-26,DS06,SKU0183,5,0,0,0,5,0,0,0
2025-06-09,DS06,SKU0231,7,0,1,0,6,0,0,6
2025-03-22,DS06,SKU0168,3,0,1,0,2,0,0,0
2025-02-16,DS06,SKU0186,9,0,0,0,9,0,0,0
2025-06-27,DS06,SKU0186,5,0,2,0,3,0,0,0
2026-04-06,DS06,SKU0186,9,0,1,0,8,0,0,0
2025-02-17,DS06,SKU0077,0,0,0,0,0,0,0,6
2025-07-12,DS06,SKU0077,6,6,4,0,2,0,0,0
2025-10-26,DS06,SKU0077,4,0,0,0,4,0,0,0
2026-05-17,DS06,SKU0031,3,0,1,0,2,0,0,0
2026-02-22,DS06,SKU0089,9,0,0,0,9,0,0,0
2026-05-15,DS06,SKU0089,10,0,0,0,10,0,0,0
2026-02-14,DS06,SKU0067,0,0,0,0,0,1,1,0
2025-06-06,DS06,SKU0041,12,0,0,0,12,0,0,0
2025-12-30,DS06,SKU0041,13,0,0,0,13,0,0,0
2025-08-24,DS06,SKU0110,23,0,3,0,20,0,0,0
2025-12-28,DS06,SKU0110,9,0,1,0,8,0,0,0
2026-05-01,DS06,SKU0110,13,0,0,0,13,0,0,0
2026-06-22,DS06,SKU0110,10,0,0,0,10,0,0,0
2025-03-16,DS06,SKU0025,4,0,0,0,4,0,0,0
2025-08-06,DS06,SKU0130,23,0,0,0,23,0,0,0
2026-03-03,DS06,SKU0130,20,0,1,0,19,0,0,0
2025-06-10,DS06,SKU0105,12,0,0,0,12,0,0,0
2026-01-01,DS06,SKU0105,4,0,0,0,4,0,0,0
2026-05-17,DS07,SKU0176,130,84,19,0,111,0,0,0
2025-06-16,DS07,SKU0161,83,0,10,0,73,0,0,63
2025-03-25,DS07,SKU0266,88,0,15,0,73,0,0,0
2025-01-21,DS07,SKU0117,61,0,8,0,53,0,0,0
2025-09-28,DS07,SKU0117,102,44,8,0,94,0,0,0
2026-06-30,DS07,SKU0117,92,0,10,0,82,0,0,0
2025-02-10,DS07,SKU0122,65,0,4,0,61,0,0,36
2025-10-05,DS07,SKU0122,91,18,11,0,80,0,0,0
2025-01-09,DS07,SKU0076,19,16,7,0,12,0,0,0
2025-02-28,DS07,SKU0076,30,0,7,0,23,0,0,0
2025-12-18,DS07,SKU0076,24,24,10,0,14,0,0,0
2026-04-07,DS07,SKU0127,58,0,4,0,54,0,0,0
2025-10-02,DS07,SKU0106,46,0,9,0,37,0,0,0
2026-03-10,DS07,SKU0106,56,0,12,0,44,0,0,0
2025-03-14,DS07,SKU0219,52,0,13,0,39,0,0,0
2025-10-18,DS07,SKU0219,42,0,10,0,32,0,0,0
2025-06-07,DS07,SKU0143,25,0,8,0,17,0,0,0
2025-08-17,DS07,SKU0143,69,28,5,0,64,0,0,0
2026-02-11,DS07,SKU0143,52,0,5,0,47,0,0,14
2025-04-19,DS07,SKU0032,23,0,6,0,17,0,0,0
2026-01-14,DS07,SKU0032,30,27,4,0,26,0,0,9
2025-01-31,DS07,SKU0061,25,0,2,0,23,0,0,0
2026-02-06,DS07,SKU0061,30,0,8,0,22,0,0,0
2026-03-04,DS07,SKU0061,57,36,10,0,47,0,0,24
2025-07-23,DS07,SKU0023,20,20,4,0,16,0,0,0
2025-01-19,DS07,SKU0012,6,0,6,0,0,0,0,0
2026-06-26,DS07,SKU0012,12,0,8,0,4,0,0,0
2025-07-29,DS07,SKU0169,38,14,4,0,34,0,0,0
2025-07-15,DS07,SKU0132,51,17,7,0,44,0,0,0
2025-04-09,DS07,SKU0218,39,0,5,0,34,0,0,8
2025-04-25,DS07,SKU0218,30,0,5,0,25,0,0,0
2025-05-05,DS07,SKU0043,27,0,1,0,26,0,0,15
2025-08-11,DS07,SKU0043,27,0,1,0,26,0,0,15
2025-09-10,DS07,SKU0043,36,14,6,0,30,0,0,0
2025-09-11,DS07,SKU0043,30,0,2,0,28,0,0,0
2025-05-25,DS07,SKU0066,16,0,4,0,12,0,0,0
2025-10-22,DS07,SKU0066,4,0,4,0,0,0,0,7
2026-02-02,DS07,SKU0066,16,0,5,0,11,0,0,21
2025-05-28,DS07,SKU0113,31,0,8,0,23,0,0,17
2026-04-01,DS07,SKU0113,31,0,4,0,27,0,0,0
2025-04-30,DS07,SKU0134,36,0,1,0,35,0,0,0
2025-05-17,DS07,SKU0134,32,0,4,0,28,0,0,0
2025-07-10,DS07,SKU0134,24,0,9,0,15,0,0,0
2025-05-20,DS07,SKU0209,12,12,5,0,7,0,0,0
2025-12-24,DS07,SKU0050,26,24,3,0,-1,0,0,0
2026-05-27,DS07,SKU0050,28,0,1,0,27,0,0,12
2025-11-19,DS07,SKU0181,31,0,3,0,28,0,0,9
2026-01-29,DS07,SKU0135,37,0,4,0,33,0,0,0
2026-05-22,DS07,SKU0135,23,0,6,0,17,0,0,0
2025-07-12,DS07,SKU0016,14,0,9,0,5,0,0,0
2025-12-23,DS07,SKU0016,7,0,2,0,5,0,0,0
2026-05-16,DS07,SKU0016,24,24,4,0,20,0,0,0
2026-06-13,DS07,SKU0081,13,4,9,0,4,0,0,0
2026-06-30,DS07,SKU0081,0,0,0,0,0,3,1,0
2025-06-15,DS07,SKU0195,18,0,5,0,13,0,0,0
2025-12-07,DS07,SKU0195,25,0,7,0,18,0,0,0
2026-06-24,DS07,SKU0195,19,0,5,0,14,0,0,9
2026-01-04,DS07,SKU0049,15,0,5,0,10,0,0,0
2025-02-09,DS07,SKU0030,5,0,0,0,5,0,0,0
2025-11-04,DS07,SKU0030,0,0,0,0,0,1,1,0
2026-05-21,DS07,SKU0030,3,0,2,0,1,0,0,0
2025-01-02,DS07,SKU0236,0,0,0,0,0,2,1,0
2025-07-18,DS07,SKU0236,26,0,4,0,22,0,0,0
2025-10-24,DS07,SKU0242,26,0,5,0,21,0,0,0
2026-03-23,DS07,SKU0242,21,12,3,0,18,0,0,24
2025-02-26,DS07,SKU0251,32,30,5,0,27,0,0,12
2025-03-03,DS07,SKU0251,22,6,2,0,20,0,0,12
2025-03-25,DS07,SKU0251,17,0,4,0,13,0,0,0
2025-08-02,DS07,SKU0251,17,0,4,0,13,0,0,0
2025-06-21,DS07,SKU0147,12,0,3,0,9,0,0,0
2025-10-04,DS07,SKU0147,21,0,7,0,14,0,0,0
2025-11-27,DS07,SKU0147,18,0,3,0,15,0,0,0
2026-04-21,DS07,SKU0147,24,0,1,0,23,0,0,0
2025-05-23,DS07,SKU0200,12,0,1,0,11,0,0,0
2026-01-03,DS07,SKU0200,23,11,2,0,21,0,0,0
2025-11-27,DS07,SKU0225,24,0,4,0,20,0,0,0
2026-03-16,DS07,SKU0225,35,13,5,0,30,0,0,16
2025-02-03,DS07,SKU0092,0,0,0,0,0,4,1,8
2025-03-26,DS07,SKU0092,6,0,0,0,6,0,0,8
2025-08-09,DS07,SKU0092,4,0,4,0,0,1,1,0
2025-04-08,DS07,SKU0240,35,0,6,0,29,0,0,0
2025-10-20,DS07,SKU0240,29,6,3,0,26,0,0,18
2025-10-29,DS07,SKU0240,22,6,2,0,20,0,0,6
2025-10-01,DS07,SKU0260,23,0,0,0,23,0,0,0
2026-02-11,DS07,SKU0226,24,0,1,0,23,0,0,12
2025-12-27,DS07,SKU0156,17,0,3,0,14,0,0,0
2026-02-04,DS07,SKU0156,44,0,3,0,41,0,0,0
2026-05-04,DS07,SKU0156,33,0,2,0,31,0,0,24
2025-01-26,DS07,SKU0086,5,0,0,0,5,0,0,0
2025-06-14,DS07,SKU0086,5,0,4,0,1,0,0,0
2026-05-23,DS07,SKU0086,9,0,2,7,0,0,0,0
2025-07-11,DS07,SKU0198,8,0,2,0,6,0,0,0
2025-10-12,DS07,SKU0198,20,0,2,0,18,0,0,0
2025-11-04,DS07,SKU0198,25,0,5,0,20,0,0,0
2026-03-25,DS07,SKU0194,14,0,1,0,13,0,0,0
2025-05-30,DS07,SKU0121,30,23,2,0,28,0,0,0
2025-04-08,DS07,SKU0145,19,0,3,0,16,0,0,0
2025-02-01,DS07,SKU0128,15,0,2,0,13,0,0,0
2026-04-26,DS07,SKU0128,25,16,2,0,23,0,0,0
2025-08-06,DS07,SKU0035,14,0,1,0,13,0,0,11
2025-12-01,DS07,SKU0035,7,0,2,0,5,0,0,11
2025-04-16,DS07,SKU0079,2,0,1,0,1,0,0,8
2026-06-20,DS07,SKU0079,12,0,2,0,10,0,0,0
2026-06-29,DS07,SKU0079,3,0,2,0,1,0,0,16
2025-04-08,DS07,SKU0210,6,6,1,0,5,0,0,0
2025-12-25,DS07,SKU0210,8,6,2,0,6,0,0,0
2026-06-05,DS07,SKU0210,5,0,5,0,0,0,0,0
2025-01-01,DS07,SKU0096,0,0,0,0,0,4,1,9
2025-05-22,DS07,SKU0096,15,9,1,0,14,0,0,0
2026-03-17,DS07,SKU0207,6,6,2,0,4,0,0,0
2025-01-07,DS07,SKU0091,9,9,0,0,9,0,0,0
2025-02-20,DS07,SKU0091,6,0,1,0,5,0,0,0
2025-08-06,DS07,SKU0091,8,0,0,0,8,0,0,0
2026-01-26,DS07,SKU0091,0,0,0,0,0,0,0,9
2025-04-14,DS07,SKU0068,3,0,0,0,3,0,0,8
2025-10-02,DS07,SKU0068,8,8,2,0,6,0,0,0
2026-05-13,DS07,SKU0253,24,0,2,0,22,0,0,0
2025-02-24,DS07,SKU0167,19,10,3,0,16,0,0,10
2025-08-03,DS07,SKU0167,15,0,1,0,14,0,0,0
2026-01-10,DS07,SKU0191,13,10,1,0,12,0,0,0
2026-03-14,DS07,SKU0191,10,10,0,0,10,0,0,0
2025-01-02,DS07,SKU0051,0,0,0,0,0,1,1,0
2025-06-20,DS07,SKU0051,12,0,2,0,10,0,0,0
2026-01-14,DS07,SKU0051,17,0,0,0,17,0,0,0
2025-03-19,DS07,SKU0205,4,0,0,0,4,0,0,5
2025-12-10,DS07,SKU0205,4,0,0,0,4,0,0,5
2026-01-23,DS07,SKU0205,5,0,2,0,3,0,0,0
2026-04-29,DS07,SKU0205,10,0,2,0,8,0,0,0
2025-05-25,DS07,SKU0114,24,0,2,0,22,0,0,0
2025-09-01,DS07,SKU0131,19,0,2,0,17,0,0,19
2025-04-11,DS07,SKU0190,11,0,0,0,11,0,0,0
2026-02-11,DS07,SKU0190,13,0,0,0,13,0,0,0
2025-07-18,DS07,SKU0010,6,0,3,3,0,0,0,0
2025-08-24,DS07,SKU0010,4,0,0,0,4,0,0,0
2025-10-22,DS07,SKU0010,10,10,1,0,9,0,0,0
2025-12-01,DS07,SKU0010,5,0,2,0,3,0,0,10
2026-01-07,DS07,SKU0010,10,10,1,0,9,0,0,0
2026-06-26,DS07,SKU0010,7,6,1,0,6,0,0,0
2025-12-11,DS07,SKU0069,13,4,1,0,12,0,0,0
2025-06-27,DS07,SKU0052,15,0,3,0,12,0,0,0
2025-12-10,DS07,SKU0028,7,0,2,0,5,0,0,8
2026-01-19,DS07,SKU0028,3,0,3,0,0,0,0,8
2026-05-29,DS07,SKU0184,8,0,1,0,7,0,0,0
2025-05-17,DS07,SKU0029,8,0,2,0,6,0,0,0
2025-05-05,DS07,SKU0006,6,0,1,5,0,0,0,10
2026-01-03,DS07,SKU0006,7,0,0,0,7,0,0,0
2026-02-01,DS07,SKU0006,4,0,1,0,3,0,0,0
2026-04-16,DS07,SKU0006,6,0,1,0,5,0,0,0
2025-02-13,DS07,SKU0044,12,0,1,0,11,0,0,0
2026-03-23,DS07,SKU0044,12,0,2,0,10,0,0,0
2025-06-01,DS07,SKU0174,13,0,1,0,12,0,0,0
2025-06-14,DS07,SKU0174,0,0,0,0,0,2,1,0
2025-07-30,DS07,SKU0174,19,0,0,0,19,0,0,0
2025-10-09,DS07,SKU0174,9,0,0,0,9,0,0,0
2026-01-24,DS07,SKU0174,14,0,3,0,11,0,0,0
2025-12-05,DS07,SKU0082,6,0,2,0,4,0,0,0
2025-09-30,DS07,SKU0021,0,0,0,0,0,2,1,0
2025-10-06,DS07,SKU0021,0,0,0,0,0,3,1,7
2025-12-30,DS07,SKU0021,0,0,0,0,0,1,1,0
2025-04-01,DS07,SKU0144,17,0,0,0,17,0,0,0
2026-05-04,DS07,SKU0144,24,0,2,0,22,0,0,0
2025-01-16,DS07,SKU0129,18,0,1,0,17,0,0,0
2025-10-12,DS07,SKU0129,17,0,5,0,12,0,0,0
2026-01-09,DS07,SKU0129,9,0,4,0,5,0,0,0
2026-03-04,DS07,SKU0129,19,0,2,0,17,0,0,0
2025-12-25,DS07,SKU0188,6,0,3,0,3,0,0,0
2025-04-20,DS07,SKU0149,10,0,0,0,10,0,0,0
2025-09-18,DS07,SKU0149,26,0,2,0,24,0,0,0
2026-03-11,DS07,SKU0149,21,0,3,0,18,0,0,0
2025-02-02,DS07,SKU0099,9,0,0,0,9,0,0,0
2026-05-19,DS07,SKU0099,10,10,1,0,9,0,0,0
2026-04-20,DS07,SKU0180,13,0,1,0,12,0,0,0
2025-03-13,DS07,SKU0232,17,0,1,0,16,0,0,0
2025-03-28,DS07,SKU0232,15,0,4,0,11,0,0,0
2025-10-30,DS07,SKU0232,15,0,1,0,14,0,0,0
2025-02-12,DS07,SKU0045,18,12,2,0,16,0,0,0
2026-02-03,DS07,SKU0003,0,0,0,0,0,0,0,0
2026-05-17,DS07,SKU0003,2,0,0,0,2,0,0,0
2025-03-08,DS07,SKU0001,4,0,2,0,2,0,0,0
2025-10-12,DS07,SKU0001,1,0,1,0,0,1,1,0
2025-02-15,DS07,SKU0072,5,0,0,0,5,0,0,0
2025-11-09,DS07,SKU0072,2,0,1,0,1,0,0,0
2025-07-15,DS07,SKU0142,16,0,2,0,14,0,0,0
2026-06-02,DS07,SKU0142,7,0,1,0,6,0,0,0
2025-02-18,DS07,SKU0116,6,0,2,0,4,0,0,0
2025-11-04,DS07,SKU0116,9,0,1,0,8,0,0,0
2026-06-19,DS07,SKU0005,12,9,1,2,9,0,0,0
2025-04-22,DS07,SKU0104,18,0,1,0,17,0,0,0
2025-03-28,DS07,SKU0034,7,0,0,0,7,0,0,0
2026-06-01,DS07,SKU0042,20,0,2,0,18,0,0,0
2025-01-21,DS07,SKU0185,6,0,1,0,5,0,0,0
2025-10-12,DS07,SKU0185,12,0,1,0,11,0,0,0
2026-06-28,DS07,SKU0185,10,0,2,0,8,0,0,0
2025-10-04,DS07,SKU0250,13,0,1,0,12,0,0,0
2025-03-16,DS07,SKU0009,3,0,3,0,0,1,1,0
2025-11-20,DS07,SKU0017,8,0,0,0,8,0,0,0
2026-02-20,DS07,SKU0054,13,0,3,0,10,0,0,0
2026-06-18,DS07,SKU0054,12,0,0,0,12,0,0,0
2025-03-12,DS07,SKU0154,20,0,1,0,19,0,0,0
2025-11-21,DS07,SKU0093,7,0,1,6,0,0,0,0
2025-11-05,DS07,SKU0136,6,0,3,0,3,0,0,0
2026-01-12,DS07,SKU0100,0,0,0,0,0,0,0,10
2025-05-28,DS07,SKU0165,18,0,3,0,15,0,0,0
2025-04-27,DS07,SKU0090,0,0,0,0,0,1,1,0
2025-07-15,DS07,SKU0090,10,10,1,0,9,0,0,0
2026-03-22,DS07,SKU0183,9,0,1,0,8,0,0,0
2025-04-13,DS07,SKU0231,13,0,0,0,13,0,0,0
2025-06-25,DS07,SKU0231,5,0,2,0,3,0,0,6
2025-07-08,DS07,SKU0186,9,0,0,0,9,0,0,0
2025-02-26,DS07,SKU0158,7,0,1,0,6,0,0,6
2026-06-28,DS07,SKU0158,13,12,1,0,12,0,0,0
2025-08-03,DS07,SKU0252,8,0,2,0,6,0,0,0
2025-09-20,DS07,SKU0252,11,0,0,0,11,0,0,0
2025-12-18,DS07,SKU0252,9,0,0,0,9,0,0,0
2026-01-14,DS07,SKU0252,12,0,0,0,12,0,0,0
2025-01-27,DS07,SKU0031,3,0,1,0,2,0,0,0
2025-08-05,DS07,SKU0031,0,0,0,0,0,0,0,0
2025-10-14,DS07,SKU0031,0,0,0,0,0,1,1,0
2025-05-21,DS07,SKU0089,10,0,0,0,-1,0,0,0
2025-11-11,DS07,SKU0067,4,0,1,0,3,0,0,0
2025-08-31,DS07,SKU0041,0,0,0,0,0,1,1,0
2025-09-17,DS07,SKU0041,18,16,0,0,18,0,0,0
2026-05-16,DS07,SKU0110,18,0,2,0,16,0,0,0
2025-10-07,DS07,SKU0062,8,0,1,0,7,0,0,0
2026-05-17,DS07,SKU0062,7,0,0,0,7,0,0,0
2026-05-22,DS07,SKU0062,14,14,1,0,13,0,0,0
2026-05-31,DS07,SKU0062,17,0,0,0,17,0,0,0
2025-04-25,DS07,SKU0160,15,0,0,0,15,0,0,0
2026-03-17,DS07,SKU0160,17,0,1,0,16,0,0,0
2026-02-10,DS07,SKU0241,10,0,1,0,9,0,0,0
2025-03-11,DS08,SKU0261,63,0,8,0,55,0,0,0
2025-05-31,DS08,SKU0261,46,0,9,0,37,0,0,0
2025-06-03,DS08,SKU0261,61,0,8,0,53,0,0,0
2026-02-04,DS08,SKU0261,83,21,8,0,75,0,0,21
2026-03-05,DS08,SKU0261,88,0,5,0,83,0,0,0
2025-06-13,DS08,SKU0161,58,0,9,0,49,0,0,0
2025-10-10,DS08,SKU0161,50,0,10,0,40,0,0,0
2026-04-01,DS08,SKU0161,83,0,12,0,71,0,0,18
2025-09-23,DS08,SKU0266,56,0,5,0,51,0,0,0
2025-07-20,DS08,SKU0122,71,18,7,0,64,0,0,0
2026-03-13,DS08,SKU0122,97,54,14,0,83,0,0,0
2025-06-14,DS08,SKU0172,43,0,10,0,33,0,0,0
2025-08-02,DS08,SKU0172,29,0,11,0,18,0,0,0
2026-05-07,DS08,SKU0095,17,9,7,0,10,0,0,0
2026-05-19,DS08,SKU0095,18,18,8,0,10,0,0,0
2025-02-07,DS08,SKU0094,19,0,4,0,15,0,0,0
2025-02-16,DS08,SKU0094,6,0,4,0,2,0,0,0
2025-11-13,DS08,SKU0094,22,16,3,0,19,0,0,0
2026-01-14,DS08,SKU0076,0,0,0,0,0,11,1,0
2025-09-09,DS08,SKU0106,29,0,5,0,24,0,0,0
2026-04-07,DS08,SKU0219,48,0,5,0,43,0,0,0
2025-07-16,DS08,SKU0143,33,0,2,0,31,0,0,14
2026-01-18,DS08,SKU0143,47,28,7,0,40,0,0,0
2025-03-10,DS08,SKU0018,10,0,9,0,1,0,0,28
2025-06-05,DS08,SKU0018,24,0,2,0,22,0,0,0
2026-05-04,DS08,SKU0018,2,0,2,0,0,0,0,28
2025-12-23,DS08,SKU0032,8,0,4,0,4,0,0,0
2026-02-20,DS08,SKU0032,9,9,3,0,6,0,0,0
2026-05-03,DS08,SKU0032,11,0,6,0,5,0,0,0
2025-11-14,DS08,SKU0061,25,0,7,0,18,0,0,0
2026-04-10,DS08,SKU0061,32,12,4,0,28,0,0,0
2026-04-23,DS08,SKU0212,12,4,6,0,6,0,0,0
2026-06-09,DS08,SKU0212,12,12,2,0,10,0,0,0
2025-07-09,DS08,SKU0012,18,18,4,0,14,0,0,0
2025-12-23,DS08,SKU0085,12,12,2,0,10,0,0,0
2025-03-24,DS08,SKU0013,0,0,0,0,0,0,0,14
2025-04-15,DS08,SKU0013,0,0,0,0,0,3,1,0
2025-11-12,DS08,SKU0013,9,7,6,0,3,0,0,14
2026-01-04,DS08,SKU0013,8,0,5,0,3,0,0,0
2026-04-28,DS08,SKU0169,36,7,1,0,35,0,0,0
2025-04-18,DS08,SKU0218,20,0,3,0,17,0,0,0
2025-06-08,DS08,SKU0218,19,0,3,0,16,0,0,0
2026-04-19,DS08,SKU0218,12,0,4,0,8,0,0,0
2025-05-14,DS08,SKU0043,30,30,5,0,25,0,0,0
2025-09-18,DS08,SKU0043,21,0,2,0,19,0,0,0
2025-12-27,DS08,SKU0043,16,0,2,0,14,0,0,0
2026-01-02,DS08,SKU0113,18,0,1,0,17,0,0,0
2025-04-08,DS08,SKU0103,18,0,0,0,18,0,0,0
2025-04-11,DS08,SKU0103,26,12,3,0,23,0,0,0
2025-11-27,DS08,SKU0103,9,0,0,0,9,0,0,0
2026-03-17,DS08,SKU0259,25,0,1,0,24,0,0,0
2025-06-24,DS08,SKU0209,8,8,3,0,5,0,0,0
2025-08-18,DS08,SKU0209,3,0,0,3,0,0,0,8
2025-01-05,DS08,SKU0050,21,0,5,0,16,0,0,0
2025-10-29,DS08,SKU0181,23,0,3,0,20,0,0,9
2026-02-27,DS08,SKU0181,20,0,7,0,13,0,0,0
2026-04-07,DS08,SKU0181,33,8,1,0,32,0,0,0
2025-05-02,DS08,SKU0135,14,0,5,0,9,0,0,0
2025-08-26,DS08,SKU0135,29,0,2,0,27,0,0,0
2025-08-26,DS08,SKU0081,1,0,1,0,0,2,1,0
2026-05-24,DS08,SKU0081,9,0,6,0,3,0,0,0
2026-06-26,DS08,SKU0081,16,0,2,0,14,0,0,0
2025-01-14,DS08,SKU0257,23,0,3,0,20,0,0,0
2025-07-07,DS08,SKU0257,29,22,4,0,25,0,0,22
2025-07-30,DS08,SKU0195,21,0,4,0,17,0,0,9
2025-07-20,DS08,SKU0049,30,0,6,0,24,0,0,0
2025-09-01,DS08,SKU0049,11,0,3,0,8,0,0,15
2026-02-25,DS08,SKU0049,25,0,5,0,20,0,0,15
2025-04-13,DS08,SKU0030,2,0,1,0,1,0,0,0
2025-07-21,DS08,SKU0030,0,0,0,0,0,2,1,16
2025-03-17,DS08,SKU0236,23,6,2,0,21,0,0,12
2025-11-19,DS08,SKU0236,19,6,3,0,16,0,0,6
2026-04-01,DS08,SKU0236,16,6,3,0,13,0,0,6
2025-01-30,DS08,SKU0242,14,0,0,0,14,0,0,0
2025-04-07,DS08,SKU0251,28,15,0,0,28,0,0,6
2025-06-16,DS08,SKU0251,22,6,1,0,21,0,0,6
2025-05-15,DS08,SKU0147,13,0,3,0,10,0,0,0
2025-06-19,DS08,SKU0230,18,0,2,0,16,0,0,0
2026-03-19,DS08,SKU0230,20,0,4,0,16,0,0,0
2025-07-31,DS08,SKU0200,18,0,2,0,16,0,0,0
2026-04-28,DS08,SKU0225,20,0,0,0,20,0,0,0
2025-07-27,DS08,SKU0046,15,0,1,0,14,0,0,0
2026-03-19,DS08,SKU0046,18,0,3,0,15,0,0,0
2026-06-07,DS08,SKU0046,17,0,1,0,16,0,0,0
2026-06-09,DS08,SKU0260,21,0,1,0,20,0,0,0
2025-10-09,DS08,SKU0264,18,0,1,0,17,0,0,0
2025-01-23,DS08,SKU0226,16,0,2,0,14,0,0,0
2025-08-04,DS08,SKU0226,16,0,0,0,16,0,0,0
2025-04-01,DS08,SKU0156,33,24,1,0,32,0,0,0
2025-12-18,DS08,SKU0156,30,0,1,0,29,0,0,0
2026-03-22,DS08,SKU0086,0,0,0,0,0,1,1,0
2026-03-09,DS08,SKU0022,2,0,1,0,1,0,0,18
2025-11-14,DS08,SKU0198,9,0,1,0,8,0,0,0
2026-06-15,DS08,SKU0138,25,0,0,0,25,0,0,16
2025-02-12,DS08,SKU0194,6,0,1,0,5,0,0,7
2025-03-20,DS08,SKU0121,11,0,1,0,10,0,0,0
2025-10-13,DS08,SKU0121,25,0,4,0,21,0,0,0
2026-04-08,DS08,SKU0121,12,0,1,0,11,0,0,0
2026-03-13,DS08,SKU0145,25,0,5,0,20,0,0,0
2025-10-20,DS08,SKU0059,8,0,0,0,8,0,0,10
2025-01-05,DS08,SKU0079,7,0,0,0,7,0,0,0
2025-01-28,DS08,SKU0011,4,0,0,0,4,0,0,0
2025-08-28,DS08,SKU0011,9,0,1,0,8,0,0,0
2026-06-22,DS08,SKU0011,5,0,1,0,4,0,0,10
2025-11-03,DS08,SKU0037,12,0,3,0,9,0,0,17
2026-02-16,DS08,SKU0210,0,0,0,0,0,4,1,6
2026-05-06,DS08,SKU0210,5,0,5,0,0,0,0,6
2025-07-03,DS08,SKU0063,10,10,2,0,8,0,0,0
2025-07-09,DS08,SKU0002,11,0,3,0,8,0,0,0
2026-05-09,DS08,SKU0002,11,0,2,0,9,0,0,0
2026-01-31,DS08,SKU0096,7,0,3,0,4,0,0,0
2025-01-10,DS08,SKU0207,4,0,3,1,0,0,0,0
2025-02-09,DS08,SKU0207,0,0,0,0,0,3,1,0
2025-03-25,DS08,SKU0207,6,6,0,0,6,0,0,0
2025-09-05,DS08,SKU0047,12,0,0,0,12,0,0,0
2026-03-04,DS08,SKU0068,0,0,0,0,0,0,0,0
2025-08-07,DS08,SKU0167,12,0,2,0,10,0,0,0
2025-10-27,DS08,SKU0167,12,0,0,0,12,0,0,0
2025-01-09,DS08,SKU0215,7,0,1,0,6,0,0,0
2025-02-25,DS08,SKU0215,7,7,1,0,6,0,0,0
2025-12-12,DS08,SKU0238,11,0,1,0,10,0,0,0
2025-05-29,DS08,SKU0051,17,0,1,0,16,0,0,0
2025-04-30,DS08,SKU0114,13,0,0,0,13,0,0,0
2025-01-23,DS08,SKU0131,23,0,1,0,22,0,0,0
2025-05-16,DS08,SKU0131,11,0,0,0,11,0,0,0
2025-06-29,DS08,SKU0190,6,0,4,0,2,0,0,0
2026-03-04,DS08,SKU0190,12,0,3,0,9,0,0,9
2025-08-29,DS08,SKU0069,7,0,1,0,6,0,0,0
2026-06-09,DS08,SKU0069,5,0,2,0,3,0,0,0
2025-02-11,DS08,SKU0052,0,0,0,0,0,0,0,0
2025-08-16,DS08,SKU0052,8,0,1,0,7,0,0,0
2025-11-17,DS08,SKU0028,4,0,1,0,3,0,0,8
2026-05-06,DS08,SKU0028,11,8,1,0,10,0,0,0
2025-07-17,DS08,SKU0184,7,0,1,0,6,0,0,0
2026-03-29,DS08,SKU0239,5,0,1,0,4,0,0,0
2025-01-31,DS08,SKU0029,8,8,0,0,8,0,0,0
2025-05-29,DS08,SKU0006,10,0,0,0,10,0,0,0
2025-07-23,DS08,SKU0006,10,10,0,0,10,0,0,0
2025-12-13,DS08,SKU0006,8,0,2,0,6,0,0,0
2026-02-20,DS08,SKU0006,9,0,1,0,8,0,0,0
2025-11-21,DS08,SKU0174,7,0,1,0,6,0,0,0
2025-05-11,DS08,SKU0082,3,0,1,0,2,0,0,0
2025-12-10,DS08,SKU0082,4,0,3,0,1,0,0,7
2026-01-14,DS08,SKU0082,4,0,0,0,4,0,0,0
2025-11-14,DS08,SKU0021,5,0,0,0,5,0,0,0
2026-02-13,DS08,SKU0021,0,0,0,0,0,0,0,0
2025-06-09,DS08,SKU0144,15,0,1,0,14,0,0,0
2026-03-24,DS08,SKU0144,12,0,1,0,11,0,0,0
2025-05-20,DS08,SKU0129,16,0,2,0,14,0,0,0
2025-05-19,DS08,SKU0149,23,0,0,0,23,0,0,0
2025-02-11,DS08,SKU0099,6,0,0,0,6,0,0,0
2025-01-20,DS08,SKU0180,9,0,2,0,7,0,0,9
2026-01-28,DS08,SKU0180,11,0,0,0,11,0,0,0
2025-12-11,DS08,SKU0008,10,0,1,0,9,0,0,0
2026-04-21,DS08,SKU0008,8,0,0,0,8,0,0,0
2025-07-05,DS08,SKU0232,11,0,0,0,11,0,0,0
2025-06-30,DS08,SKU0003,0,0,0,0,0,1,1,7
2026-02-09,DS08,SKU0001,2,0,0,2,0,0,0,6
2026-04-04,DS08,SKU0162,11,0,2,0,9,0,0,0
2026-04-07,DS08,SKU0004,8,0,0,0,8,0,0,0
2025-12-24,DS08,SKU0038,16,16,2,0,14,0,0,0
2025-03-21,DS08,SKU0142,18,0,0,0,18,0,0,0
2025-04-05,DS08,SKU0142,4,0,1,0,3,0,0,0
2025-06-22,DS08,SKU0142,13,0,1,0,12,0,0,0
2026-03-01,DS08,SKU0142,11,0,1,0,10,0,0,0
2025-03-27,DS08,SKU0116,19,0,0,0,19,0,0,0
2025-08-24,DS08,SKU0116,12,0,0,0,12,0,0,0
2025-10-26,DS08,SKU0116,29,23,1,0,28,0,0,0
2025-12-26,DS08,SKU0116,18,0,3,0,15,0,0,0
2026-06-30,DS08,SKU0015,11,0,0,0,11,0,0,0
2026-06-23,DS08,SKU0005,6,0,1,5,0,0,0,0
2025-07-02,DS08,SKU0034,10,10,1,0,9,0,0,0
2025-10-13,DS08,SKU0034,0,0,0,0,0,0,0,10
2025-12-01,DS08,SKU0034,4,0,0,0,4,0,0,0
2025-02-01,DS08,SKU0042,13,0,0,0,13,0,0,0
2026-01-04,DS08,SKU0042,8,0,0,0,8,0,0,0
2025-11-12,DS08,SKU0185,11,0,2,0,9,0,0,0
2025-12-17,DS08,SKU0009,8,8,1,0,7,0,0,0
2025-08-22,DS08,SKU0017,9,0,1,0,8,0,0,0
2025-10-24,DS08,SKU0017,8,0,1,0,7,0,0,0
2025-12-31,DS08,SKU0017,9,9,1,0,8,0,0,0
2025-02-02,DS08,SKU0254,12,0,2,0,10,0,0,0
2025-06-26,DS08,SKU0254,11,0,1,0,10,0,0,0
2025-08-21,DS08,SKU0254,10,0,0,0,10,0,0,0
2026-02-21,DS08,SKU0254,6,0,0,0,6,0,0,0
2026-02-27,DS08,SKU0254,16,0,1,0,15,0,0,0
2025-01-03,DS08,SKU0054,15,15,1,0,14,0,0,0
2025-04-15,DS08,SKU0054,7,0,0,0,7,0,0,0
2025-06-23,DS08,SKU0054,3,0,0,0,3,0,0,15
2026-04-21,DS08,SKU0054,7,0,1,0,6,0,0,0
2026-05-07,DS08,SKU0054,8,0,2,0,6,0,0,0
2025-06-10,DS08,SKU0154,12,0,2,0,10,0,0,0
2025-07-01,DS08,SKU0154,16,0,2,0,14,0,0,0
2025-09-19,DS08,SKU0154,20,0,1,0,19,0,0,0
2025-11-02,DS08,SKU0154,11,0,1,0,10,0,0,0
2026-02-21,DS08,SKU0093,0,0,0,0,0,1,1,0
2025-02-05,DS08,SKU0136,16,0,1,0,15,0,0,0
2026-06-22,DS08,SKU0136,13,0,0,0,13,0,0,0
2026-01-16,DS08,SKU0100,7,0,1,6,0,0,0,0
2025-12-24,DS08,SKU0165,9,0,0,0,9,0,0,0
2025-11-04,DS08,SKU0070,5,0,0,0,5,0,0,0
2025-06-07,DS08,SKU0204,5,0,0,0,5,0,0,0
2025-06-14,DS08,SKU0204,5,0,2,0,3,0,0,0
2025-09-15,DS08,SKU0204,0,0,0,0,0,2,1,7
2025-09-17,DS08,SKU0204,7,0,0,0,7,0,0,0
2025-11-28,DS08,SKU0183,3,0,1,0,2,0,0,0
