order_id,sku_id,qty,unit_price_aed,line_value_aed,unfulfilled
ORD0000025,SKU0183,1,17.57,17.57,1
ORD0000051,SKU0136,1,29.6,29.6,1
ORD0000121,SKU0103,1,19.38,19.38,1
ORD0000372,SKU0023,1,9.17,9.17,0
ORD0000496,SKU0122,1,19.13,19.13,0
ORD0000717,SKU0117,1,9.15,9.15,0
ORD0000762,SKU0045,1,10.44,10.44,0
ORD0000781,SKU0232,1,42.42,42.42,0
ORD0000843,SKU0023,1,9.17,9.17,1
ORD0001187,SKU0132,1,3.24,3.24,0
ORD0001291,SKU0035,1,20.86,20.86,0
ORD0001304,SKU0018,1,12.52,12.52,0
ORD0001715,SKU0161,1,9.34,9.34,0
ORD0002316,SKU0034,1,12.45,12.45,0
ORD0002524,SKU0061,1,9.32,9.32,0
ORD0002638,SKU0081,1,72.8,72.8,1
ORD0002876,SKU0261,1,12.53,12.53,0
ORD0003200,SKU0176,1,25.64,25.64,0
ORD0003645,SKU0205,1,37.16,37.16,0
ORD0003908,SKU0240,1,10.18,10.18,0
ORD0003920,SKU0209,1,19.61,19.61,0
ORD0004218,SKU0127,1,24.74,24.74,0
ORD0004368,SKU0143,1,13.42,13.42,0
ORD0004667,SKU0052,1,15.15,15.15,0
ORD0005175,SKU0161,1,9.34,9.34,0
ORD0005204,SKU0260,1,50.74,50.74,0
ORD0005270,SKU0161,1,9.34,9.34,0
ORD0005400,SKU0235,1,41.86,41.86,0
ORD0005639,SKU0128,1,27.56,27.56,0
ORD0006076,SKU0224,1,13.88,13.88,0
ORD0006464,SKU0135,1,21.67,21.67,0
ORD0006918,SKU0103,1,19.38,19.38,0
ORD0006948,SKU0230,1,36.57,36.57,0
ORD0007127,SKU0116,1,4.0,4.0,0
ORD0007434,SKU0059,1,28.76,28.76,0
ORD0007727,SKU0261,1,12.53,12.53,0
ORD0008027,SKU0261,1,12.53,12.53,0
ORD0008307,SKU0257,1,40.39,40.39,0
ORD0008738,SKU0219,1,35.96,35.96,0
ORD0008934,SKU0044,1,14.55,14.55,0
ORD0008954,SKU0122,1,19.13,19.13,0
ORD0010014,SKU0030,1,3.91,3.91,1
ORD0010217,SKU0094,1,20.54,20.54,0
ORD0010305,SKU0046,1,6.75,6.75,0
ORD0010573,SKU0205,1,37.16,37.16,0
ORD0010631,SKU0053,1,23.79,23.79,0
ORD0010681,SKU0052,1,15.15,15.15,0
ORD0010876,SKU0068,1,71.63,71.63,0
ORD0011417,SKU0172,1,56.41,56.41,0
ORD0011469,SKU0043,1,31.63,31.63,0
ORD0011791,SKU0238,1,53.34,53.34,0
ORD0012245,SKU0176,1,25.64,25.64,0
ORD0012578,SKU0195,1,14.17,14.17,0
ORD0012666,SKU0143,1,13.42,13.42,0
ORD0012680,SKU0253,1,21.15,21.15,0
ORD0012713,SKU0085,1,17.61,17.61,0
ORD0014517,SKU0117,1,9.15,9.15,0
ORD0015507,SKU0103,1,19.38,19.38,0
ORD0015595,SKU0106,1,18.54,18.54,0
ORD0015786,SKU0242,1,18.51,18.51,0
ORD0015860,SKU0061,2,9.32,18.64,0
ORD0015970,SKU0015,1,23.68,23.68,0
ORD0016512,SKU0085,1,17.61,17.61,0
ORD0016833,SKU0161,1,9.34,9.34,0
ORD0016899,SKU0052,1,15.15,15.15,0
ORD0016951,SKU0049,1,6.02,6.02,0
ORD0016998,SKU0018,1,12.52,12.52,1
ORD0017064,SKU0046,1,6.75,6.75,0
ORD0017282,SKU0117,1,9.15,9.15,0
ORD0017460,SKU0028,1,7.24,7.24,0
ORD0017462,SKU0180,1,56.07,56.07,0
ORD0017935,SKU0043,1,31.63,31.63,0
ORD0018002,SKU0037,1,22.48,22.48,0
ORD0018017,SKU0106,1,18.54,18.54,0
ORD0018034,SKU0266,1,71.05,71.05,0
ORD0018100,SKU0052,1,15.15,15.15,0
ORD0018887,SKU0023,1,9.17,9.17,1
ORD0019029,SKU0044,1,14.55,14.55,0
ORD0019321,SKU0197,1,33.28,33.28,0
ORD0019533,SKU0254,1,11.92,11.92,0
ORD0019686,SKU0180,1,56.07,56.07,0
ORD0019693,SKU0094,1,20.54,20.54,1
ORD0019727,SKU0136,1,29.6,29.6,0
ORD0019878,SKU0032,1,25.5,25.5,0
ORD0019879,SKU0147,1,11.65,11.65,0
ORD0020449,SKU0028,1,7.24,7.24,0
ORD0020879,SKU0261,1,12.53,12.53,0
ORD0021145,SKU0095,1,20.31,20.31,0
ORD0021178,SKU0122,1,19.13,19.13,0
ORD0021270,SKU0035,1,20.86,20.86,0
ORD0021472,SKU0257,1,40.39,40.39,0
ORD0022269,SKU0022,1,15.62,15.62,0
ORD0022404,SKU0206,1,23.08,23.08,0
ORD0022787,SKU0132,1,3.24,3.24,0
ORD0023074,SKU0002,1,15.74,15.74,0
ORD0023492,SKU0205,1,37.16,37.16,0
ORD0023698,SKU0209,1,19.61,19.61,0
ORD0023846,SKU0061,1,9.32,9.32,0
ORD0024486,SKU0218,1,40.37,40.37,0
ORD0025145,SKU0242,1,18.51,18.51,0
ORD0025280,SKU0092,1,20.36,20.36,0
ORD0025612,SKU0074,1,58.83,58.83,0
ORD0025965,SKU0172,1,56.41,56.41,0
ORD0026598,SKU0041,1,5.75,5.75,0
ORD0026703,SKU0264,1,50.01,50.01,0
ORD0026715,SKU0161,1,9.34,9.34,0
ORD0026972,SKU0012,1,18.24,18.24,1
ORD0027311,SKU0134,1,4.96,4.96,0
ORD0027461,SKU0094,1,20.54,20.54,0
ORD0027606,SKU0091,1,19.26,19.26,0
ORD0028031,SKU0261,1,12.53,12.53,0
ORD0028089,SKU0159,1,48.84,48.84,0
ORD0028341,SKU0012,1,18.24,18.24,0
ORD0028897,SKU0147,1,11.65,11.65,0
ORD0028904,SKU0076,1,14.84,14.84,0
ORD0028959,SKU0259,1,39.71,39.71,0
ORD0029386,SKU0143,1,13.42,13.42,0
ORD0029607,SKU0030,1,3.91,3.91,0
ORD0029825,SKU0212,2,22.78,45.56,0
ORD0030471,SKU0029,1,27.88,27.88,0
ORD0030785,SKU0253,1,21.15,21.15,0
ORD0031283,SKU0174,1,55.01,55.01,0
ORD0031450,SKU0106,2,18.54,37.08,0
ORD0031611,SKU0264,1,50.01,50.01,0
ORD0031699,SKU0198,1,22.7,22.7,0
ORD0031707,SKU0176,1,25.64,25.64,0
ORD0031816,SKU0050,1,18.79,18.79,0
ORD0031834,SKU0242,1,18.51,18.51,0
ORD0032089,SKU0012,1,18.24,18.24,0
ORD0032136,SKU0266,1,71.05,71.05,0
ORD0032190,SKU0091,1,19.26,19.26,1
ORD0032217,SKU0205,1,37.16,37.16,0
ORD0032846,SKU0156,1,10.8,10.8,0
ORD0033315,SKU0212,1,22.78,22.78,0
ORD0033359,SKU0094,1,20.54,20.54,0
ORD0033461,SKU0195,1,14.17,14.17,0
ORD0033470,SKU0215,1,36.32,36.32,0
ORD0033543,SKU0259,1,39.71,39.71,0
ORD0034227,SKU0253,1,21.15,21.15,0
ORD0034331,SKU0047,1,21.12,21.12,0
ORD0034532,SKU0095,1,20.31,20.31,0
ORD0034781,SKU0240,1,10.18,10.18,0
ORD0034911,SKU0176,1,25.64,25.64,0
ORD0034936,SKU0012,1,18.24,18.24,0
ORD0035023,SKU0050,1,18.79,18.79,0
ORD0035483,SKU0212,1,22.78,22.78,0
ORD0035715,SKU0106,2,18.54,37.08,0
ORD0035856,SKU0143,1,13.42,13.42,0
ORD0036280,SKU0113,1,31.57,31.57,0
ORD0036624,SKU0018,1,12.52,12.52,0
ORD0036691,SKU0236,1,11.16,11.16,0
ORD0036980,SKU0076,1,14.84,14.84,0
ORD0037020,SKU0185,1,12.72,12.72,0
ORD0037237,SKU0085,1,17.61,17.61,1
ORD0037504,SKU0261,1,12.53,12.53,0
ORD0037609,SKU0242,1,18.51,18.51,0
ORD0038181,SKU0251,1,15.63,15.63,0
ORD0038915,SKU0092,1,20.36,20.36,1
ORD0038972,SKU0212,1,22.78,22.78,0
ORD0039233,SKU0200,1,52.16,52.16,0
ORD0039527,SKU0113,1,31.57,31.57,0
ORD0039781,SKU0181,1,13.82,13.82,0
ORD0039819,SKU0209,1,19.61,19.61,1
ORD0039839,SKU0168,1,42.03,42.03,0
ORD0039910,SKU0136,1,29.6,29.6,0
ORD0039921,SKU0251,1,15.63,15.63,0
ORD0040007,SKU0122,2,19.13,38.26,0
ORD0040078,SKU0047,1,21.12,21.12,0
ORD0040418,SKU0012,1,18.24,18.24,0
ORD0040432,SKU0095,1,20.31,20.31,0
ORD0040720,SKU0054,1,19.75,19.75,0
ORD0040923,SKU0188,1,54.08,54.08,0
ORD0041020,SKU0200,1,52.16,52.16,0
ORD0041167,SKU0052,1,15.15,15.15,0
ORD0041289,SKU0261,1,12.53,12.53,0
ORD0041807,SKU0044,1,14.55,14.55,0
ORD0041820,SKU0266,1,71.05,71.05,0
ORD0041854,SKU0210,1,41.76,41.76,0
ORD0041919,SKU0127,1,24.74,24.74,0
ORD0042643,SKU0054,1,19.75,19.75,0
ORD0042771,SKU0130,1,9.97,9.97,0
ORD0042892,SKU0114,1,30.24,30.24,0
ORD0044015,SKU0032,1,25.5,25.5,1
ORD0044036,SKU0199,2,44.72,89.44,0
ORD0044119,SKU0044,1,14.55,14.55,0
ORD0045627,SKU0136,1,29.6,29.6,0
ORD0045644,SKU0067,1,51.91,51.91,0
ORD0046034,SKU0095,1,20.31,20.31,0
ORD0046049,SKU0266,1,71.05,71.05,0
ORD0046365,SKU0002,1,15.74,15.74,0
ORD0046443,SKU0143,1,13.42,13.42,0
ORD0046489,SKU0087,1,5.09,5.09,0
ORD0046501,SKU0260,1,50.74,50.74,0
ORD0046758,SKU0172,1,56.41,56.41,0
ORD0046860,SKU0002,1,15.74,15.74,0
ORD0047133,SKU0047,1,21.12,21.12,0
ORD0047239,SKU0032,1,25.5,25.5,0
ORD0047286,SKU0122,1,19.13,19.13,0
ORD0047717,SKU0161,1,9.34,9.34,0
ORD0047871,SKU0219,1,35.96,35.96,0
ORD0048181,SKU0264,1,50.01,50.01,0
ORD0048574,SKU0161,1,9.34,9.34,0
ORD0048663,SKU0049,1,6.02,6.02,0
ORD0048714,SKU0066,1,32.55,32.55,0
ORD0049232,SKU0095,1,20.31,20.31,1
ORD0049627,SKU0209,1,19.61,19.61,0
ORD0049665,SKU0018,1,12.52,12.52,0
ORD0049867,SKU0251,1,15.63,15.63,0
ORD0050162,SKU0212,1,22.78,22.78,0
ORD0050580,SKU0236,1,11.16,11.16,0
ORD0050585,SKU0113,1,31.57,31.57,0
ORD0051334,SKU0176,1,25.64,25.64,0
ORD0051352,SKU0161,1,9.34,9.34,0
ORD0051473,SKU0172,1,56.41,56.41,0
ORD0051621,SKU0095,1,20.31,20.31,0
ORD0051775,SKU0012,1,18.24,18.24,0
ORD0052213,SKU0047,1,21.12,21.12,0
ORD0052287,SKU0172,1,56.41,56.41,0
ORD0052475,SKU0219,1,35.96,35.96,0
ORD0053234,SKU0257,1,40.39,40.39,0
ORD0053409,SKU0233,1,40.81,40.81,0
ORD0053557,SKU0032,1,25.5,25.5,0
ORD0053584,SKU0199,1,44.72,44.72,0
ORD0053759,SKU0028,1,7.24,7.24,0
ORD0053991,SKU0061,1,9.32,9.32,0
ORD0054570,SKU0134,1,4.96,4.96,0
ORD0054761,SKU0085,1,17.61,17.61,0
ORD0054822,SKU0132,1,3.24,3.24,0
ORD0054984,SKU0021,1,23.97,23.97,0
ORD0054998,SKU0236,1,11.16,11.16,0
ORD0055248,SKU0009,1,6.16,6.16,0
ORD0055344,SKU0013,1,8.3,8.3,0
ORD0056080,SKU0054,1,19.75,19.75,0
ORD0056158,SKU0176,1,25.64,25.64,0
ORD0056239,SKU0156,1,10.8,10.8,0
ORD0056276,SKU0172,1,56.41,56.41,0
ORD0056414,SKU0184,1,34.4,34.4,0
ORD0056613,SKU0117,1,9.15,9.15,0
ORD0056996,SKU0032,1,25.5,25.5,0
ORD0057935,SKU0225,1,24.7,24.7,0
ORD0058127,SKU0023,1,9.17,9.17,1
ORD0058452,SKU0032,1,25.5,25.5,0
ORD0058544,SKU0156,1,10.8,10.8,0
ORD0058930,SKU0251,1,15.63,15.63,0
ORD0058979,SKU0092,1,20.36,20.36,0
ORD0059051,SKU0052,1,15.15,15.15,0
ORD0059057,SKU0121,1,24.71,24.71,0
ORD0059130,SKU0095,1,20.31,20.31,0
ORD0059794,SKU0197,1,33.28,33.28,0
ORD0059834,SKU0161,1,9.34,9.34,0
ORD0059976,SKU0261,1,12.53,12.53,0
ORD0060277,SKU0205,1,37.16,37.16,0
ORD0060303,SKU0203,1,25.88,25.88,0
ORD0060682,SKU0225,1,24.7,24.7,0
ORD0061172,SKU0047,1,21.12,21.12,0
ORD0061627,SKU0156,1,10.8,10.8,0
ORD0061656,SKU0018,1,12.52,12.52,0
ORD0061958,SKU0161,1,9.34,9.34,0
ORD0062414,SKU0049,1,6.02,6.02,0
ORD0063064,SKU0181,1,13.82,13.82,0
ORD0063269,SKU0018,1,12.52,12.52,0
ORD0063765,SKU0261,1,12.53,12.53,0
ORD0064037,SKU0128,1,27.56,27.56,0
ORD0064213,SKU0148,1,26.25,26.25,0
ORD0064849,SKU0261,1,12.53,12.53,0
ORD0065728,SKU0172,1,56.41,56.41,0
ORD0065920,SKU0242,1,18.51,18.51,0
ORD0066386,SKU0256,1,28.09,28.09,0
ORD0066424,SKU0259,1,39.71,39.71,0
ORD0066566,SKU0117,1,9.15,9.15,0
ORD0066968,SKU0186,1,48.62,48.62,0
ORD0066995,SKU0005,1,7.42,7.42,0
ORD0067089,SKU0076,1,14.84,14.84,0
ORD0067195,SKU0018,1,12.52,12.52,0
ORD0067214,SKU0156,1,10.8,10.8,0
ORD0067360,SKU0143,1,13.42,13.42,0
ORD0067703,SKU0022,1,15.62,15.62,1
ORD0067992,SKU0261,1,12.53,12.53,0
ORD0068409,SKU0143,1,13.42,13.42,0
ORD0068451,SKU0094,1,20.54,20.54,0
ORD0068527,SKU0173,1,52.63,52.63,0
ORD0069388,SKU0195,1,14.17,14.17,0
ORD0069742,SKU0018,1,12.52,12.52,0
ORD0070432,SKU0095,1,20.31,20.31,0
ORD0070544,SKU0122,1,19.13,19.13,0
ORD0071022,SKU0266,2,71.05,142.1,0
ORD0071333,SKU0046,1,6.75,6.75,0
ORD0071376,SKU0054,1,19.75,19.75,0
ORD0071380,SKU0095,1,20.31,20.31,0
ORD0071608,SKU0029,1,27.88,27.88,0
ORD0071919,SKU0116,1,4.0,4.0,0
ORD0072050,SKU0058,1,23.76,23.76,0
ORD0072312,SKU0103,1,19.38,19.38,0
ORD0072334,SKU0266,1,71.05,71.05,0
ORD0072451,SKU0176,2,25.64,51.28,0
ORD0072826,SKU0193,1,41.08,41.08,0
ORD0072852,SKU0020,1,9.29,9.29,0
ORD0072939,SKU0122,1,19.13,19.13,0
ORD0073584,SKU0226,1,27.93,27.93,0
ORD0073786,SKU0127,1,24.74,24.74,0
ORD0075083,SKU0012,1,18.24,18.24,0
ORD0075128,SKU0052,1,15.15,15.15,0
ORD0075141,SKU0034,1,12.45,12.45,0
ORD0075146,SKU0205,1,37.16,37.16,0
ORD0076476,SKU0225,1,24.7,24.7,0
ORD0076516,SKU0068,1,71.63,71.63,0
ORD0076783,SKU0049,1,6.02,6.02,0
ORD0076911,SKU0261,1,12.53,12.53,0
ORD0076940,SKU0106,1,18.54,18.54,0
ORD0077257,SKU0085,1,17.61,17.61,0
ORD0077534,SKU0225,1,24.7,24.7,0
ORD0077895,SKU0266,2,71.05,142.1,0
ORD0078194,SKU0076,1,14.84,14.84,1
ORD0078219,SKU0076,1,14.84,14.84,1
ORD0078259,SKU0212,1,22.78,22.78,0
ORD0078495,SKU0105,1,25.21,25.21,0
ORD0079159,SKU0058,1,23.76,23.76,0
ORD0079334,SKU0161,1,9.34,9.34,0
ORD0079364,SKU0184,1,34.4,34.4,0
ORD0080045,SKU0198,1,22.7,22.7,0
ORD0080143,SKU0030,1,3.91,3.91,0
ORD0080220,SKU0261,2,12.53,25.06,0
ORD0080305,SKU0122,1,19.13,19.13,0
ORD0080358,SKU0190,1,35.71,35.71,0
ORD0080756,SKU0012,1,18.24,18.24,0
ORD0080849,SKU0138,1,19.97,19.97,0
ORD0081265,SKU0003,1,14.69,14.69,0
ORD0082155,SKU0032,1,25.5,25.5,0
ORD0082317,SKU0250,1,10.33,10.33,0
ORD0082582,SKU0032,1,25.5,25.5,0
ORD0082982,SKU0095,1,20.31,20.31,0
ORD0083050,SKU0251,1,15.63,15.63,0
ORD0083123,SKU0156,1,10.8,10.8,0
ORD0083125,SKU0095,2,20.31,40.62,0
ORD0083159,SKU0209,1,19.61,19.61,0
ORD0083701,SKU0095,1,20.31,20.31,0
ORD0083999,SKU0181,1,13.82,13.82,0
ORD0084579,SKU0127,1,24.74,24.74,0
ORD0084631,SKU0176,1,25.64,25.64,0
ORD0084922,SKU0161,1,9.34,9.34,0
ORD0085130,SKU0005,1,7.42,7.42,0
ORD0085171,SKU0143,1,13.42,13.42,0
ORD0085274,SKU0071,1,32.42,32.42,0
ORD0085283,SKU0161,1,9.34,9.34,0
ORD0085443,SKU0122,1,19.13,19.13,0
ORD0086476,SKU0104,1,18.19,18.19,0
ORD0086655,SKU0212,1,22.78,22.78,0
ORD0086877,SKU0043,1,31.63,31.63,0
ORD0086909,SKU0136,1,29.6,29.6,0
ORD0087259,SKU0219,1,35.96,35.96,0
ORD0087283,SKU0167,1,31.79,31.79,0
ORD0087373,SKU0122,1,19.13,19.13,0
ORD0087735,SKU0219,1,35.96,35.96,0
ORD0087812,SKU0161,1,9.34,9.34,0
ORD0087867,SKU0218,1,40.37,40.37,0
ORD0087949,SKU0169,1,7.65,7.65,0
ORD0088813,SKU0236,1,11.16,11.16,0
ORD0089469,SKU0043,1,31.63,31.63,0
ORD0089777,SKU0061,1,9.32,9.32,0
ORD0089826,SKU0210,1,41.76,41.76,0
ORD0090158,SKU0230,1,36.57,36.57,0
ORD0090308,SKU0049,1,6.02,6.02,0
ORD0090427,SKU0058,1,23.76,23.76,0
ORD0090600,SKU0091,1,19.26,19.26,0
ORD0091029,SKU0181,1,13.82,13.82,0
ORD0091099,SKU0257,1,40.39,40.39,0
ORD0091123,SKU0251,1,15.63,15.63,0
ORD0091230,SKU0212,1,22.78,22.78,0
ORD0091663,SKU0076,1,14.84,14.84,0
ORD0092271,SKU0191,1,40.43,40.43,0
ORD0092622,SKU0094,1,20.54,20.54,0
ORD0092625,SKU0176,2,25.64,51.28,0
ORD0092909,SKU0094,1,20.54,20.54,0
ORD0093092,SKU0068,1,71.63,71.63,0
ORD0093563,SKU0134,1,4.96,4.96,0
ORD0093723,SKU0076,1,14.84,14.84,0
ORD0093883,SKU0103,1,19.38,19.38,0
ORD0093943,SKU0047,1,21.12,21.12,0
ORD0094025,SKU0117,1,9.15,9.15,0
ORD0094046,SKU0076,1,14.84,14.84,0
ORD0094425,SKU0070,1,23.41,23.41,0
ORD0095195,SKU0117,1,9.15,9.15,0
ORD0095343,SKU0266,1,71.05,71.05,0
ORD0095559,SKU0104,1,18.19,18.19,0
ORD0095610,SKU0127,1,24.74,24.74,0
ORD0095789,SKU0035,1,20.86,20.86,0
ORD0096049,SKU0257,1,40.39,40.39,0
ORD0096129,SKU0134,1,4.96,4.96,0
ORD0096146,SKU0035,1,20.86,20.86,0
ORD0096165,SKU0252,1,16.35,16.35,0
ORD0096244,SKU0181,1,13.82,13.82,0
ORD0096351,SKU0147,1,11.65,11.65,0
ORD0096957,SKU0114,1,30.24,30.24,0
ORD0097060,SKU0127,1,24.74,24.74,0
ORD0097282,SKU0161,1,9.34,9.34,0
ORD0097479,SKU0066,1,32.55,32.55,0
ORD0097587,SKU0066,1,32.55,32.55,0
ORD0098490,SKU0032,1,25.5,25.5,1
ORD0098521,SKU0212,1,22.78,22.78,1
ORD0099027,SKU0236,1,11.16,11.16,0
ORD0099434,SKU0061,1,9.32,9.32,0
ORD0099557,SKU0198,1,22.7,22.7,0
ORD0100498,SKU0219,1,35.96,35.96,0
ORD0100817,SKU0264,1,50.01,50.01,0
ORD0101383,SKU0127,1,24.74,24.74,0
ORD0101737,SKU0240,1,10.18,10.18,0
ORD0101829,SKU0200,1,52.16,52.16,0
ORD0101970,SKU0143,1,13.42,13.42,0
ORD0102226,SKU0172,1,56.41,56.41,0
ORD0102257,SKU0198,1,22.7,22.7,0
ORD0102651,SKU0006,1,20.69,20.69,0
ORD0103003,SKU0198,1,22.7,22.7,0
ORD0103023,SKU0169,1,7.65,7.65,0
ORD0103290,SKU0117,1,9.15,9.15,0
ORD0103341,SKU0128,1,27.56,27.56,0
ORD0103419,SKU0066,1,32.55,32.55,0
ORD0103562,SKU0200,1,52.16,52.16,0
ORD0103610,SKU0016,1,25.15,25.15,1
ORD0103725,SKU0059,1,28.76,28.76,0
ORD0104069,SKU0087,1,5.09,5.09,0
ORD0105088,SKU0117,1,9.15,9.15,0
ORD0105698,SKU0035,1,20.86,20.86,0
ORD0105714,SKU0076,1,14.84,14.84,0
ORD0105805,SKU0122,1,19.13,19.13,0
ORD0106068,SKU0156,1,10.8,10.8,0
ORD0106257,SKU0013,1,8.3,8.3,0
ORD0106458,SKU0016,1,25.15,25.15,0
ORD0106481,SKU0194,1,48.89,48.89,0
ORD0106499,SKU0023,1,9.17,9.17,0
ORD0106665,SKU0086,1,19.26,19.26,0
ORD0107024,SKU0200,1,52.16,52.16,0
ORD0107196,SKU0198,1,22.7,22.7,0
ORD0107409,SKU0043,1,31.63,31.63,0
ORD0107424,SKU0094,1,20.54,20.54,0
ORD0107695,SKU0049,1,6.02,6.02,0
ORD0107868,SKU0261,1,12.53,12.53,0
ORD0108085,SKU0106,1,18.54,18.54,0
ORD0108369,SKU0103,1,19.38,19.38,0
ORD0108602,SKU0023,1,9.17,9.17,1
ORD0108713,SKU0061,1,9.32,9.32,0
ORD0108734,SKU0122,1,19.13,19.13,0
ORD0108846,SKU0037,1,22.48,22.48,0
ORD0109211,SKU0198,1,22.7,22.7,0
ORD0109638,SKU0161,1,9.34,9.34,0
ORD0110216,SKU0117,2,9.15,18.3,0
ORD0110283,SKU0176,1,25.64,25.64,0
ORD0110325,SKU0173,1,52.63,52.63,0
ORD0110530,SKU0113,1,31.57,31.57,0
ORD0110811,SKU0067,1,51.91,51.91,0
ORD0110930,SKU0254,1,11.92,11.92,0
ORD0111114,SKU0127,1,24.74,24.74,0
ORD0111606,SKU0261,1,12.53,12.53,0
ORD0112015,SKU0257,1,40.39,40.39,0
ORD0112151,SKU0053,1,23.79,23.79,0
ORD0112252,SKU0095,1,20.31,20.31,0
ORD0112595,SKU0122,1,19.13,19.13,0
ORD0112790,SKU0266,1,71.05,71.05,0
ORD0113832,SKU0092,1,20.36,20.36,0
ORD0113977,SKU0006,1,20.69,20.69,0
ORD0114469,SKU0117,1,9.15,9.15,0
ORD0114714,SKU0061,1,9.32,9.32,0
ORD0114864,SKU0230,2,36.57,73.14,0
ORD0115024,SKU0156,1,10.8,10.8,0
ORD0115708,SKU0061,1,9.32,9.32,0
ORD0116069,SKU0076,1,14.84,14.84,0
ORD0116138,SKU0257,1,40.39,40.39,0
ORD0116655,SKU0032,1,25.5,25.5,0
ORD0117645,SKU0018,1,12.52,12.52,0
ORD0118443,SKU0149,1,5.61,5.61,0
ORD0118527,SKU0038,1,23.38,23.38,0
ORD0118635,SKU0132,1,3.24,3.24,0
ORD0118990,SKU0117,1,9.15,9.15,0
ORD0119816,SKU0077,1,17.99,17.99,1
ORD0120122,SKU0145,1,22.29,22.29,0
ORD0120247,SKU0059,1,28.76,28.76,0
ORD0120290,SKU0046,1,6.75,6.75,0
ORD0120411,SKU0176,1,25.64,25.64,0
ORD0120540,SKU0099,1,16.26,16.26,0
ORD0120667,SKU0061,1,9.32,9.32,0
ORD0120761,SKU0261,1,12.53,12.53,0
ORD0120867,SKU0021,1,23.97,23.97,0
ORD0121671,SKU0006,1,20.69,20.69,0
ORD0122076,SKU0106,1,18.54,18.54,0
ORD0122770,SKU0160,1,42.55,42.55,0
ORD0122948,SKU0043,1,31.63,31.63,0
ORD0123041,SKU0049,1,6.02,6.02,0
ORD0123048,SKU0147,1,11.65,11.65,0
ORD0123678,SKU0212,1,22.78,22.78,0
ORD0123693,SKU0117,1,9.15,9.15,0
ORD0123884,SKU0167,1,31.79,31.79,0
ORD0123929,SKU0145,1,22.29,22.29,0
ORD0124403,SKU0143,1,13.42,13.42,0
ORD0124416,SKU0135,1,21.67,21.67,0
ORD0124913,SKU0254,1,11.92,11.92,0
ORD0125387,SKU0231,1,17.79,17.79,0
ORD0125432,SKU0158,1,7.19,7.19,0
ORD0125543,SKU0010,1,13.39,13.39,0
ORD0125663,SKU0018,1,12.52,12.52,0
ORD0125797,SKU0061,1,9.32,9.32,0
ORD0125870,SKU0172,1,56.41,56.41,0
ORD0126064,SKU0002,1,15.74,15.74,0
ORD0126099,SKU0145,1,22.29,22.29,0
ORD0126464,SKU0240,1,10.18,10.18,0
ORD0126495,SKU0191,1,40.43,40.43,0
ORD0126680,SKU0012,1,18.24,18.24,0
ORD0126955,SKU0005,1,7.42,7.42,0
ORD0127004,SKU0006,1,20.69,20.69,0
ORD0127155,SKU0219,2,35.96,71.92,0
ORD0127311,SKU0181,1,13.82,13.82,0
ORD0127877,SKU0168,1,42.03,42.03,0
ORD0128072,SKU0184,1,34.4,34.4,0
ORD0128440,SKU0266,1,71.05,71.05,0
ORD0128986,SKU0016,1,25.15,25.15,1
ORD0129021,SKU0010,1,13.39,13.39,0
ORD0129082,SKU0242,1,18.51,18.51,0
ORD0129235,SKU0198,1,22.7,22.7,0
ORD0129430,SKU0257,1,40.39,40.39,0
ORD0129552,SKU0261,1,12.53,12.53,0
ORD0129888,SKU0127,1,24.74,24.74,0
ORD0130359,SKU0219,1,35.96,35.96,0
ORD0130559,SKU0127,1,24.74,24.74,0
ORD0130888,SKU0081,1,72.8,72.8,0
ORD0130966,SKU0226,1,27.93,27.93,0
ORD0130997,SKU0122,1,19.13,19.13,0
ORD0131641,SKU0031,1,22.33,22.33,0
ORD0131701,SKU0179,1,29.61,29.61,0
ORD0131882,SKU0143,1,13.42,13.42,0
ORD0132082,SKU0261,1,12.53,12.53,0
ORD0132818,SKU0256,1,28.09,28.09,0
ORD0132931,SKU0106,2,18.54,37.08,0
ORD0133061,SKU0169,1,7.65,7.65,0
ORD0133113,SKU0008,1,5.98,5.98,0
ORD0133137,SKU0049,1,6.02,6.02,0
ORD0133227,SKU0174,1,55.01,55.01,0
ORD0133487,SKU0256,1,28.09,28.09,0
ORD0133693,SKU0122,1,19.13,19.13,0
ORD0133911,SKU0252,1,16.35,16.35,0
ORD0134152,SKU0106,1,18.54,18.54,0
ORD0134623,SKU0261,1,12.53,12.53,0
ORD0134894,SKU0068,1,71.63,71.63,0
ORD0135916,SKU0236,1,11.16,11.16,0
ORD0136252,SKU0113,1,31.57,31.57,0
ORD0136364,SKU0122,1,19.13,19.13,0
ORD0136391,SKU0257,1,40.39,40.39,0
ORD0136401,SKU0172,1,56.41,56.41,0
ORD0136829,SKU0076,1,14.84,14.84,0
ORD0137215,SKU0117,1,9.15,9.15,0
ORD0137310,SKU0018,1,12.52,12.52,1
ORD0137317,SKU0251,1,15.63,15.63,0
ORD0137409,SKU0087,1,5.09,5.09,0
ORD0137486,SKU0095,1,20.31,20.31,0
ORD0137535,SKU0043,1,31.63,31.63,0
ORD0137786,SKU0059,1,28.76,28.76,0
ORD0137799,SKU0176,2,25.64,51.28,0
ORD0138491,SKU0261,1,12.53,12.53,0
ORD0139889,SKU0261,1,12.53,12.53,0
ORD0139920,SKU0138,1,19.97,19.97,0
ORD0140015,SKU0200,1,52.16,52.16,0
ORD0141151,SKU0050,1,18.79,18.79,0
ORD0141185,SKU0259,1,39.71,39.71,0
ORD0141395,SKU0003,1,14.69,14.69,0
ORD0141530,SKU0062,1,31.95,31.95,0
ORD0141667,SKU0032,1,25.5,25.5,0
ORD0141957,SKU0161,2,9.34,18.68,0
ORD0142088,SKU0096,1,11.06,11.06,0
ORD0142109,SKU0134,1,4.96,4.96,0
ORD0142202,SKU0241,1,52.45,52.45,1
ORD0142203,SKU0016,1,25.15,25.15,0
ORD0142455,SKU0190,1,35.71,35.71,0
ORD0142629,SKU0207,1,25.01,25.01,0
ORD0142633,SKU0134,1,4.96,4.96,0
ORD0143071,SKU0169,1,7.65,7.65,0
ORD0143120,SKU0134,1,4.96,4.96,0
ORD0143264,SKU0041,1,5.75,5.75,0
ORD0143553,SKU0227,1,25.58,25.58,0
ORD0143891,SKU0030,1,3.91,3.91,0
ORD0144026,SKU0264,1,50.01,50.01,0
ORD0144064,SKU0127,1,24.74,24.74,0
ORD0144078,SKU0032,1,25.5,25.5,0
ORD0144183,SKU0037,1,22.48,22.48,0
ORD0144236,SKU0136,1,29.6,29.6,0
ORD0144425,SKU0226,1,27.93,27.93,0
ORD0144803,SKU0172,1,56.41,56.41,0
ORD0144869,SKU0172,1,56.41,56.41,0
ORD0145679,SKU0087,1,5.09,5.09,0
ORD0145898,SKU0032,1,25.5,25.5,0
ORD0146137,SKU0176,1,25.64,25.64,0
ORD0146237,SKU0013,1,8.3,8.3,0
ORD0146401,SKU0134,1,4.96,4.96,0
ORD0146607,SKU0129,1,26.06,26.06,0
ORD0146635,SKU0181,1,13.82,13.82,0
ORD0146648,SKU0039,1,11.93,11.93,0
ORD0146696,SKU0261,1,12.53,12.53,0
ORD0147292,SKU0143,1,13.42,13.42,0
ORD0147669,SKU0173,1,52.63,52.63,0
ORD0147732,SKU0161,1,9.34,9.34,0
ORD0147887,SKU0099,1,16.26,16.26,0
ORD0147903,SKU0028,1,7.24,7.24,0
ORD0148268,SKU0092,1,20.36,20.36,0
ORD0148433,SKU0219,1,35.96,35.96,0
ORD0148677,SKU0106,1,18.54,18.54,0
ORD0149060,SKU0172,2,56.41,112.82,0
ORD0149244,SKU0124,1,19.58,19.58,0
ORD0149436,SKU0260,1,50.74,50.74,0
ORD0149844,SKU0085,1,17.61,17.61,1
ORD0150126,SKU0043,1,31.63,31.63,0
ORD0150162,SKU0122,1,19.13,19.13,0
ORD0150467,SKU0172,1,56.41,56.41,0
ORD0150876,SKU0266,1,71.05,71.05,0
ORD0150967,SKU0132,1,3.24,3.24,0
ORD0151112,SKU0002,1,15.74,15.74,0
ORD0151291,SKU0117,2,9.15,18.3,0
ORD0151525,SKU0190,1,35.71,35.71,0
ORD0151774,SKU0032,1,25.5,25.5,0
ORD0152018,SKU0194,1,48.89,48.89,0
ORD0152040,SKU0021,1,23.97,23.97,0
ORD0152093,SKU0127,1,24.74,24.74,0
ORD0152174,SKU0213,1,19.5,19.5,0
ORD0152478,SKU0086,1,19.26,19.26,0
ORD0152516,SKU0197,1,33.28,33.28,0
ORD0152595,SKU0135,1,21.67,21.67,0
ORD0153090,SKU0251,1,15.63,15.63,0
ORD0153423,SKU0193,1,41.08,41.08,0
ORD0154389,SKU0122,1,19.13,19.13,0
ORD0154496,SKU0066,1,32.55,32.55,0
ORD0154680,SKU0018,1,12.52,12.52,0
ORD0154699,SKU0115,1,3.05,3.05,0
ORD0154973,SKU0176,1,25.64,25.64,0
ORD0155113,SKU0050,1,18.79,18.79,0
ORD0155172,SKU0117,1,9.15,9.15,0
ORD0155311,SKU0094,1,20.54,20.54,0
ORD0155377,SKU0035,1,20.86,20.86,0
ORD0155763,SKU0258,1,71.22,71.22,0
ORD0155858,SKU0006,1,20.69,20.69,1
ORD0156518,SKU0225,1,24.7,24.7,0
ORD0156627,SKU0251,1,15.63,15.63,0
ORD0156678,SKU0240,1,10.18,10.18,0
ORD0156879,SKU0127,1,24.74,24.74,0
ORD0157066,SKU0264,1,50.01,50.01,0
ORD0157071,SKU0172,1,56.41,56.41,0
ORD0157452,SKU0239,1,61.98,61.98,0
ORD0157544,SKU0143,1,13.42,13.42,0
ORD0157592,SKU0169,1,7.65,7.65,0
ORD0157767,SKU0174,1,55.01,55.01,0
ORD0158091,SKU0198,1,22.7,22.7,0
ORD0158156,SKU0176,1,25.64,25.64,0
ORD0158158,SKU0230,1,36.57,36.57,0
ORD0158605,SKU0016,1,25.15,25.15,0
ORD0158671,SKU0206,1,23.08,23.08,0
ORD0158794,SKU0219,1,35.96,35.96,0
ORD0158935,SKU0261,1,12.53,12.53,0
ORD0159923,SKU0026,1,5.46,5.46,0
ORD0159998,SKU0242,1,18.51,18.51,0
ORD0160116,SKU0045,1,10.44,10.44,0
ORD0160227,SKU0266,1,71.05,71.05,0
ORD0160961,SKU0004,1,11.33,11.33,0
ORD0161062,SKU0260,1,50.74,50.74,0
ORD0161137,SKU0113,1,31.57,31.57,0
ORD0161170,SKU0264,1,50.01,50.01,0
ORD0161226,SKU0050,1,18.79,18.79,0
ORD0161461,SKU0081,1,72.8,72.8,0
ORD0161565,SKU0074,1,58.83,58.83,1
ORD0161888,SKU0087,1,5.09,5.09,0
ORD0161977,SKU0155,1,24.58,24.58,0
ORD0162233,SKU0194,1,48.89,48.89,0
ORD0162299,SKU0138,1,19.97,19.97,0
ORD0163407,SKU0161,1,9.34,9.34,0
ORD0163655,SKU0117,1,9.15,9.15,0
ORD0163797,SKU0117,1,9.15,9.15,0
ORD0164005,SKU0082,1,36.44,36.44,0
ORD0164677,SKU0027,1,4.78,4.78,0
ORD0165129,SKU0179,1,29.61,29.61,0
ORD0165754,SKU0023,1,9.17,9.17,0
ORD0166301,SKU0117,1,9.15,9.15,0
ORD0166518,SKU0016,1,25.15,25.15,0
ORD0166772,SKU0013,1,8.3,8.3,0
ORD0166989,SKU0068,1,71.63,71.63,0
ORD0167085,SKU0117,1,9.15,9.15,0
ORD0167224,SKU0095,1,20.31,20.31,1
ORD0167285,SKU0117,1,9.15,9.15,0
ORD0167440,SKU0117,2,9.15,18.3,0
ORD0167568,SKU0172,1,56.41,56.41,0
ORD0168936,SKU0095,1,20.31,20.31,0
ORD0169699,SKU0172,1,56.41,56.41,0
ORD0170360,SKU0176,1,25.64,25.64,0
ORD0170691,SKU0049,1,6.02,6.02,0
ORD0170853,SKU0226,1,27.93,27.93,0
ORD0171526,SKU0261,1,12.53,12.53,0
ORD0171625,SKU0161,1,9.34,9.34,0
ORD0171839,SKU0046,1,6.75,6.75,0
ORD0171968,SKU0127,1,24.74,24.74,0
ORD0172383,SKU0039,1,11.93,11.93,0
ORD0172445,SKU0161,1,9.34,9.34,0
ORD0172738,SKU0261,1,12.53,12.53,0
ORD0172805,SKU0121,1,24.71,24.71,0
ORD0172853,SKU0128,1,27.56,27.56,0
ORD0172897,SKU0222,1,46.0,46.0,0
ORD0173070,SKU0251,1,15.63,15.63,0
ORD0173551,SKU0143,1,13.42,13.42,0
ORD0173572,SKU0260,1,50.74,50.74,0
ORD0173616,SKU0070,1,23.41,23.41,0
ORD0173736,SKU0213,1,19.5,19.5,0
ORD0173846,SKU0143,1,13.42,13.42,0
ORD0173930,SKU0117,1,9.15,9.15,0
ORD0173991,SKU0046,1,6.75,6.75,0
ORD0174261,SKU0143,1,13.42,13.42,0
ORD0174363,SKU0122,1,19.13,19.13,0
ORD0174403,SKU0106,1,18.54,18.54,0
ORD0174848,SKU0049,1,6.02,6.02,0
ORD0174895,SKU0200,1,52.16,52.16,0
ORD0175125,SKU0210,1,41.76,41.76,0
ORD0175546,SKU0254,3,11.92,35.76,0
ORD0176018,SKU0161,1,9.34,9.34,0
ORD0176575,SKU0127,1,24.74,24.74,0
ORD0177115,SKU0240,1,10.18,10.18,0
ORD0177692,SKU0256,1,28.09,28.09,0
ORD0178398,SKU0259,1,39.71,39.71,0
ORD0178429,SKU0172,1,56.41,56.41,0
ORD0178469,SKU0105,1,25.21,25.21,0
ORD0178562,SKU0219,1,35.96,35.96,0
ORD0179124,SKU0226,1,27.93,27.93,0
ORD0179339,SKU0236,1,11.16,11.16,0
ORD0179496,SKU0122,1,19.13,19.13,0
ORD0180280,SKU0135,1,21.67,21.67,0
ORD0180523,SKU0143,1,13.42,13.42,0
ORD0180634,SKU0095,1,20.31,20.31,0
ORD0180983,SKU0004,1,11.33,11.33,0
ORD0181492,SKU0020,1,9.29,9.29,0
ORD0181550,SKU0092,1,20.36,20.36,0
ORD0181662,SKU0073,1,17.37,17.37,0
ORD0181754,SKU0222,1,46.0,46.0,0
ORD0182171,SKU0076,1,14.84,14.84,0
ORD0182919,SKU0043,1,31.63,31.63,0
ORD0183607,SKU0138,2,19.97,39.94,0
ORD0183610,SKU0196,1,52.02,52.02,0
ORD0184031,SKU0138,1,19.97,19.97,0
ORD0184480,SKU0188,1,54.08,54.08,0
ORD0184761,SKU0219,3,35.96,107.88,0
ORD0184933,SKU0251,1,15.63,15.63,0
ORD0185101,SKU0195,1,14.17,14.17,0
ORD0185276,SKU0212,1,22.78,22.78,0
ORD0185348,SKU0013,1,8.3,8.3,0
ORD0185628,SKU0172,1,56.41,56.41,0
ORD0185765,SKU0256,1,28.09,28.09,0
ORD0186020,SKU0043,2,31.63,63.26,0
ORD0186751,SKU0003,1,14.69,14.69,0
ORD0186951,SKU0121,1,24.71,24.71,0
ORD0187172,SKU0025,1,18.38,18.38,0
ORD0187238,SKU0117,1,9.15,9.15,0
ORD0187408,SKU0230,1,36.57,36.57,0
ORD0187546,SKU0240,1,10.18,10.18,0
ORD0187664,SKU0261,1,12.53,12.53,0
ORD0187983,SKU0095,1,20.31,20.31,0
ORD0188933,SKU0253,1,21.15,21.15,0
ORD0189078,SKU0076,1,14.84,14.84,0
ORD0189530,SKU0186,1,48.62,48.62,0
ORD0189684,SKU0010,1,13.39,13.39,0
ORD0190358,SKU0138,1,19.97,19.97,0
ORD0190432,SKU0240,2,10.18,20.36,0
ORD0190554,SKU0138,1,19.97,19.97,0
ORD0190982,SKU0059,1,28.76,28.76,0
ORD0191045,SKU0261,1,12.53,12.53,0
ORD0191338,SKU0011,1,22.22,22.22,0
ORD0191374,SKU0115,1,3.05,3.05,0
ORD0191712,SKU0074,1,58.83,58.83,0
ORD0192117,SKU0085,1,17.61,17.61,0
ORD0192259,SKU0035,1,20.86,20.86,0
ORD0192594,SKU0149,1,5.61,5.61,0
ORD0192904,SKU0240,1,10.18,10.18,0
ORD0193290,SKU0018,1,12.52,12.52,0
ORD0193500,SKU0095,1,20.31,20.31,0
ORD0193523,SKU0176,1,25.64,25.64,0
ORD0194394,SKU0076,1,14.84,14.84,0
ORD0194418,SKU0200,1,52.16,52.16,0
ORD0194478,SKU0120,1,9.0,9.0,0
ORD0194498,SKU0135,1,21.67,21.67,0
ORD0194624,SKU0147,1,11.65,11.65,0
ORD0194864,SKU0176,1,25.64,25.64,0
ORD0194908,SKU0028,1,7.24,7.24,0
ORD0195425,SKU0236,1,11.16,11.16,0
ORD0195492,SKU0198,1,22.7,22.7,0
ORD0195518,SKU0206,1,23.08,23.08,0
ORD0195716,SKU0251,1,15.63,15.63,0
ORD0195761,SKU0146,1,25.2,25.2,0
ORD0195982,SKU0161,1,9.34,9.34,0
ORD0196046,SKU0212,1,22.78,22.78,0
ORD0196469,SKU0102,1,6.09,6.09,0
ORD0196491,SKU0195,1,14.17,14.17,0
ORD0196537,SKU0167,1,31.79,31.79,0
ORD0196586,SKU0154,1,8.44,8.44,0
ORD0196603,SKU0161,1,9.34,9.34,0
ORD0196676,SKU0230,1,36.57,36.57,0
ORD0197098,SKU0212,1,22.78,22.78,0
ORD0197486,SKU0122,1,19.13,19.13,0
ORD0197629,SKU0184,1,34.4,34.4,0
ORD0197709,SKU0037,1,22.48,22.48,0
ORD0197786,SKU0058,1,23.76,23.76,0
ORD0197901,SKU0022,2,15.62,31.24,0
ORD0197920,SKU0023,1,9.17,9.17,1
ORD0198042,SKU0256,1,28.09,28.09,0
ORD0198393,SKU0161,1,9.34,9.34,0
ORD0198421,SKU0209,1,19.61,19.61,0
ORD0198769,SKU0032,1,25.5,25.5,0
ORD0198884,SKU0176,1,25.64,25.64,0
ORD0199161,SKU0063,1,55.12,55.12,1
ORD0199246,SKU0266,1,71.05,71.05,0
ORD0199613,SKU0013,1,8.3,8.3,0
ORD0199629,SKU0117,1,9.15,9.15,0
ORD0200024,SKU0049,1,6.02,6.02,0
ORD0200161,SKU0161,1,9.34,9.34,0
ORD0200264,SKU0172,1,56.41,56.41,0
ORD0200494,SKU0045,1,10.44,10.44,0
ORD0200636,SKU0044,1,14.55,14.55,0
ORD0200811,SKU0181,1,13.82,13.82,0
ORD0201183,SKU0242,1,18.51,18.51,0
ORD0201278,SKU0240,1,10.18,10.18,0
ORD0201652,SKU0172,1,56.41,56.41,0
ORD0201995,SKU0063,1,55.12,55.12,0
ORD0202077,SKU0050,1,18.79,18.79,0
ORD0202130,SKU0257,1,40.39,40.39,0
ORD0202142,SKU0066,1,32.55,32.55,0
ORD0202224,SKU0261,1,12.53,12.53,0
ORD0202293,SKU0254,1,11.92,11.92,0
ORD0202348,SKU0076,1,14.84,14.84,0
ORD0202382,SKU0209,1,19.61,19.61,1
ORD0203212,SKU0132,1,3.24,3.24,0
ORD0203405,SKU0012,1,18.24,18.24,0
ORD0203685,SKU0068,1,71.63,71.63,1
ORD0204199,SKU0095,1,20.31,20.31,1
ORD0204547,SKU0168,1,42.03,42.03,0
ORD0204801,SKU0086,1,19.26,19.26,0
ORD0205050,SKU0147,1,11.65,11.65,0
ORD0205455,SKU0230,1,36.57,36.57,0
ORD0205464,SKU0030,1,3.91,3.91,0
ORD0205683,SKU0145,1,22.29,22.29,0
ORD0205835,SKU0156,1,10.8,10.8,0
ORD0205896,SKU0143,1,13.42,13.42,0
ORD0205993,SKU0085,1,17.61,17.61,0
ORD0206126,SKU0076,1,14.84,14.84,1
ORD0206911,SKU0198,1,22.7,22.7,0
ORD0206984,SKU0061,1,9.32,9.32,0
ORD0207482,SKU0219,1,35.96,35.96,0
ORD0207523,SKU0016,1,25.15,25.15,0
ORD0207734,SKU0043,1,31.63,31.63,0
ORD0208568,SKU0092,1,20.36,20.36,0
ORD0208629,SKU0085,1,17.61,17.61,0
ORD0208723,SKU0044,1,14.55,14.55,0
ORD0208896,SKU0200,1,52.16,52.16,0
ORD0208914,SKU0122,1,19.13,19.13,0
ORD0209354,SKU0127,1,24.74,24.74,0
ORD0209370,SKU0207,1,25.01,25.01,0
ORD0209491,SKU0165,1,16.74,16.74,0
ORD0209553,SKU0069,1,67.92,67.92,0
ORD0209555,SKU0135,1,21.67,21.67,0
ORD0210071,SKU0162,1,17.72,17.72,0
ORD0210255,SKU0261,1,12.53,12.53,0
ORD0211468,SKU0070,1,23.41,23.41,0
ORD0211783,SKU0230,1,36.57,36.57,0
ORD0212016,SKU0191,1,40.43,40.43,0
ORD0212379,SKU0106,1,18.54,18.54,0
ORD0212526,SKU0240,1,10.18,10.18,0
ORD0212798,SKU0261,1,12.53,12.53,0
ORD0213608,SKU0188,1,54.08,54.08,0
ORD0214231,SKU0110,1,2.6,2.6,0
ORD0214349,SKU0114,1,30.24,30.24,0
ORD0214453,SKU0012,1,18.24,18.24,0
ORD0214762,SKU0113,1,31.57,31.57,0
ORD0215074,SKU0172,1,56.41,56.41,0
ORD0215211,SKU0181,1,13.82,13.82,0
ORD0215851,SKU0266,1,71.05,71.05,0
ORD0215855,SKU0210,1,41.76,41.76,0
ORD0216121,SKU0147,1,11.65,11.65,0
ORD0216148,SKU0010,1,13.39,13.39,0
ORD0216910,SKU0043,1,31.63,31.63,0
ORD0217100,SKU0176,1,25.64,25.64,0
ORD0217230,SKU0261,2,12.53,25.06,0
ORD0217611,SKU0046,1,6.75,6.75,0
ORD0219310,SKU0070,1,23.41,23.41,0
ORD0219413,SKU0106,1,18.54,18.54,0
ORD0219508,SKU0161,1,9.34,9.34,0
ORD0219743,SKU0094,1,20.54,20.54,0
ORD0219857,SKU0257,1,40.39,40.39,0
ORD0220177,SKU0117,1,9.15,9.15,0
ORD0220317,SKU0094,1,20.54,20.54,0
ORD0220549,SKU0245,1,59.97,59.97,0
ORD0220658,SKU0143,1,13.42,13.42,0
ORD0220716,SKU0172,1,56.41,56.41,0
ORD0221351,SKU0176,1,25.64,25.64,0
ORD0221473,SKU0190,1,35.71,35.71,0
ORD0221749,SKU0023,1,9.17,9.17,0
ORD0222082,SKU0199,1,44.72,44.72,0
ORD0222313,SKU0135,1,21.67,21.67,0
ORD0222481,SKU0172,1,56.41,56.41,0
ORD0222655,SKU0162,1,17.72,17.72,0
ORD0222950,SKU0030,1,3.91,3.91,0
ORD0223182,SKU0151,1,10.74,10.74,0
ORD0223270,SKU0085,1,17.61,17.61,0
ORD0223942,SKU0127,1,24.74,24.74,0
ORD0223958,SKU0172,1,56.41,56.41,0
ORD0224127,SKU0106,1,18.54,18.54,0
ORD0224254,SKU0240,1,10.18,10.18,0
ORD0224345,SKU0044,1,14.55,14.55,0
ORD0224530,SKU0176,1,25.64,25.64,0
ORD0224538,SKU0236,1,11.16,11.16,0
ORD0224538,SKU0259,1,39.71,39.71,0
ORD0224592,SKU0219,1,35.96,35.96,0
ORD0224596,SKU0145,1,22.29,22.29,0
ORD0224617,SKU0200,1,52.16,52.16,0
ORD0224708,SKU0167,1,31.79,31.79,0
ORD0224991,SKU0261,1,12.53,12.53,0
ORD0225127,SKU0132,1,3.24,3.24,0
ORD0225659,SKU0218,1,40.37,40.37,0
ORD0226646,SKU0121,1,24.71,24.71,0
ORD0226657,SKU0161,1,9.34,9.34,0
ORD0227260,SKU0106,1,18.54,18.54,0
ORD0227484,SKU0015,1,23.68,23.68,1
ORD0228098,SKU0087,1,5.09,5.09,0
ORD0228152,SKU0013,1,8.3,8.3,0
ORD0228200,SKU0210,1,41.76,41.76,1
ORD0228629,SKU0063,1,55.12,55.12,1
ORD0228695,SKU0049,1,6.02,6.02,0
ORD0228699,SKU0176,1,25.64,25.64,0
ORD0228731,SKU0094,1,20.54,20.54,1
ORD0228789,SKU0220,1,45.37,45.37,0
ORD0228991,SKU0257,1,40.39,40.39,0
ORD0229078,SKU0198,1,22.7,22.7,0
ORD0229254,SKU0158,1,7.19,7.19,0
ORD0229325,SKU0095,1,20.31,20.31,0
ORD0229528,SKU0128,1,27.56,27.56,0
ORD0229547,SKU0209,1,19.61,19.61,0
ORD0229645,SKU0219,1,35.96,35.96,0
ORD0229951,SKU0266,1,71.05,71.05,0
ORD0230018,SKU0172,1,56.41,56.41,0
ORD0230487,SKU0086,1,19.26,19.26,0
ORD0230547,SKU0236,1,11.16,11.16,0
ORD0230727,SKU0127,1,24.74,24.74,0
ORD0230969,SKU0113,1,31.57,31.57,0
ORD0231147,SKU0019,1,26.26,26.26,0
ORD0231683,SKU0261,2,12.53,25.06,0
ORD0231856,SKU0252,1,16.35,16.35,0
ORD0231953,SKU0127,1,24.74,24.74,0
ORD0232149,SKU0236,1,11.16,11.16,0
ORD0232164,SKU0186,1,48.62,48.62,0
ORD0232341,SKU0002,1,15.74,15.74,0
ORD0232460,SKU0059,1,28.76,28.76,0
ORD0232561,SKU0066,1,32.55,32.55,0
ORD0233148,SKU0200,1,52.16,52.16,0
ORD0233465,SKU0119,1,29.04,29.04,0
ORD0233686,SKU0186,1,48.62,48.62,0
ORD0233957,SKU0035,1,20.86,20.86,0
ORD0234284,SKU0180,1,56.07,56.07,0
ORD0234354,SKU0082,1,36.44,36.44,0
ORD0234388,SKU0195,1,14.17,14.17,0
ORD0234507,SKU0261,1,12.53,12.53,0
ORD0234628,SKU0013,1,8.3,8.3,0
ORD0234666,SKU0050,1,18.79,18.79,0
ORD0234979,SKU0212,1,22.78,22.78,0
ORD0235016,SKU0104,1,18.19,18.19,0
ORD0235070,SKU0179,1,29.61,29.61,0
ORD0235075,SKU0049,1,6.02,6.02,0
ORD0235105,SKU0009,1,6.16,6.16,0
ORD0235472,SKU0031,1,22.33,22.33,1
ORD0235486,SKU0001,1,5.48,5.48,0
ORD0235502,SKU0087,1,5.09,5.09,0
ORD0235643,SKU0085,1,17.61,17.61,1
ORD0236009,SKU0218,1,40.37,40.37,0
ORD0236498,SKU0086,1,19.26,19.26,0
ORD0236562,SKU0213,1,19.5,19.5,0
ORD0236665,SKU0261,2,12.53,25.06,0
ORD0237060,SKU0099,1,16.26,16.26,0
ORD0237214,SKU0219,1,35.96,35.96,0
ORD0237250,SKU0245,1,59.97,59.97,0
ORD0237365,SKU0161,1,9.34,9.34,0
ORD0237384,SKU0096,1,11.06,11.06,0
ORD0237654,SKU0018,1,12.52,12.52,0
ORD0237792,SKU0122,1,19.13,19.13,0
ORD0237862,SKU0176,1,25.64,25.64,0
ORD0237944,SKU0127,1,24.74,24.74,0
ORD0238311,SKU0195,1,14.17,14.17,0
ORD0238880,SKU0259,1,39.71,39.71,0
ORD0239129,SKU0212,1,22.78,22.78,0
ORD0239266,SKU0059,1,28.76,28.76,0
ORD0239573,SKU0184,1,34.4,34.4,0
ORD0239583,SKU0200,1,52.16,52.16,0
ORD0239626,SKU0212,1,22.78,22.78,0
ORD0239813,SKU0232,1,42.42,42.42,0
ORD0240118,SKU0050,1,18.79,18.79,0
ORD0240158,SKU0028,1,7.24,7.24,0
ORD0240208,SKU0063,1,55.12,55.12,0
ORD0240219,SKU0061,1,9.32,9.32,0
ORD0240518,SKU0066,1,32.55,32.55,0
ORD0241104,SKU0127,1,24.74,24.74,0
ORD0241130,SKU0215,1,36.32,36.32,0
ORD0241187,SKU0134,1,4.96,4.96,0
ORD0241405,SKU0176,1,25.64,25.64,0
ORD0241546,SKU0256,1,28.09,28.09,0
ORD0241684,SKU0094,1,20.54,20.54,0
ORD0241829,SKU0034,1,12.45,12.45,0
ORD0242269,SKU0195,1,14.17,14.17,0
ORD0242529,SKU0035,1,20.86,20.86,0
ORD0242651,SKU0095,1,20.31,20.31,0
ORD0243172,SKU0037,1,22.48,22.48,0
ORD0243475,SKU0231,1,17.79,17.79,0
ORD0243481,SKU0172,1,56.41,56.41,0
ORD0243609,SKU0159,2,48.84,97.68,0
ORD0243671,SKU0028,1,7.24,7.24,0
ORD0243849,SKU0266,1,71.05,71.05,0
ORD0243902,SKU0252,1,16.35,16.35,0
ORD0244559,SKU0122,1,19.13,19.13,0
ORD0245300,SKU0094,1,20.54,20.54,0
ORD0245616,SKU0143,1,13.42,13.42,0
ORD0245775,SKU0127,1,24.74,24.74,0
ORD0246091,SKU0176,1,25.64,25.64,0
ORD0246109,SKU0104,1,18.19,18.19,0
ORD0246148,SKU0251,1,15.63,15.63,0
ORD0246281,SKU0127,1,24.74,24.74,0
ORD0246440,SKU0044,1,14.55,14.55,0
ORD0246570,SKU0110,1,2.6,2.6,0
ORD0246699,SKU0070,1,23.41,23.41,0
ORD0247941,SKU0226,1,27.93,27.93,0
ORD0249275,SKU0050,1,18.79,18.79,0
ORD0249619,SKU0066,1,32.55,32.55,0
ORD0249623,SKU0261,1,12.53,12.53,0
ORD0249829,SKU0161,1,9.34,9.34,0
ORD0250617,SKU0129,1,26.06,26.06,0
ORD0250620,SKU0161,1,9.34,9.34,0
ORD0250693,SKU0072,1,69.33,69.33,0
ORD0250790,SKU0032,1,25.5,25.5,0
ORD0250827,SKU0013,1,8.3,8.3,0
ORD0251390,SKU0176,1,25.64,25.64,0
ORD0251976,SKU0114,1,30.24,30.24,0
ORD0252302,SKU0176,1,25.64,25.64,0
ORD0252535,SKU0044,1,14.55,14.55,0
ORD0252794,SKU0226,1,27.93,27.93,0
ORD0253066,SKU0138,1,19.97,19.97,0
ORD0253694,SKU0156,1,10.8,10.8,0
ORD0254156,SKU0117,1,9.15,9.15,0
ORD0254496,SKU0032,1,25.5,25.5,0
ORD0254784,SKU0061,1,9.32,9.32,0
ORD0254943,SKU0266,1,71.05,71.05,0
ORD0255059,SKU0138,1,19.97,19.97,0
ORD0255126,SKU0259,1,39.71,39.71,0
ORD0255394,SKU0083,1,14.5,14.5,0
ORD0255715,SKU0095,1,20.31,20.31,0
ORD0255730,SKU0219,1,35.96,35.96,0
ORD0255744,SKU0094,1,20.54,20.54,0
ORD0255960,SKU0209,1,19.61,19.61,1
ORD0256597,SKU0260,1,50.74,50.74,0
ORD0256690,SKU0266,1,71.05,71.05,0
ORD0257096,SKU0218,1,40.37,40.37,0
ORD0257334,SKU0018,1,12.52,12.52,0
ORD0257678,SKU0114,1,30.24,30.24,0
ORD0257740,SKU0256,1,28.09,28.09,0
ORD0258115,SKU0156,1,10.8,10.8,0
ORD0258415,SKU0219,1,35.96,35.96,0
ORD0258536,SKU0103,1,19.38,19.38,0
ORD0258882,SKU0143,1,13.42,13.42,0
ORD0259164,SKU0260,1,50.74,50.74,0
ORD0259671,SKU0012,1,18.24,18.24,0
ORD0259706,SKU0103,1,19.38,19.38,0
ORD0260367,SKU0218,1,40.37,40.37,0
ORD0260577,SKU0169,1,7.65,7.65,0
ORD0260783,SKU0011,1,22.22,22.22,0
ORD0260871,SKU0011,1,22.22,22.22,0
ORD0261326,SKU0122,1,19.13,19.13,0
ORD0261406,SKU0230,1,36.57,36.57,0
ORD0262196,SKU0239,1,61.98,61.98,0
ORD0262472,SKU0251,1,15.63,15.63,0
ORD0262486,SKU0122,1,19.13,19.13,0
ORD0262771,SKU0046,1,6.75,6.75,0
ORD0263272,SKU0176,1,25.64,25.64,0
ORD0263427,SKU0111,1,4.27,4.27,0
ORD0263703,SKU0094,1,20.54,20.54,0
ORD0263754,SKU0004,1,11.33,11.33,0
ORD0263836,SKU0016,1,25.15,25.15,0
ORD0263971,SKU0095,1,20.31,20.31,0
ORD0264133,SKU0135,1,21.67,21.67,0
ORD0264572,SKU0176,1,25.64,25.64,0
ORD0265475,SKU0081,1,72.8,72.8,0
ORD0265482,SKU0230,1,36.57,36.57,0
ORD0266242,SKU0049,1,6.02,6.02,0
ORD0266349,SKU0022,1,15.62,15.62,0
ORD0266801,SKU0266,1,71.05,71.05,0
ORD0267098,SKU0103,1,19.38,19.38,0
ORD0267547,SKU0145,1,22.29,22.29,0
ORD0267669,SKU0176,1,25.64,25.64,0
ORD0267845,SKU0187,1,16.27,16.27,0
ORD0268190,SKU0176,1,25.64,25.64,0
ORD0268418,SKU0209,1,19.61,19.61,1
ORD0268451,SKU0143,2,13.42,26.84,0
ORD0268649,SKU0146,1,25.2,25.2,0
ORD0268657,SKU0194,1,48.89,48.89,0
ORD0269096,SKU0161,2,9.34,18.68,0
ORD0269171,SKU0013,1,8.3,8.3,0
ORD0269220,SKU0176,1,25.64,25.64,0
ORD0269451,SKU0086,1,19.26,19.26,0
ORD0269592,SKU0114,1,30.24,30.24,0
ORD0269618,SKU0198,1,22.7,22.7,0
ORD0270143,SKU0127,1,24.74,24.74,0
ORD0270455,SKU0087,1,5.09,5.09,0
ORD0270643,SKU0015,1,23.68,23.68,0
ORD0271085,SKU0169,1,7.65,7.65,0
ORD0271139,SKU0030,1,3.91,3.91,0
ORD0271541,SKU0169,1,7.65,7.65,0
ORD0271701,SKU0117,1,9.15,9.15,0
ORD0272135,SKU0102,1,6.09,6.09,0
ORD0272162,SKU0002,1,15.74,15.74,0
ORD0272180,SKU0095,1,20.31,20.31,0
ORD0272337,SKU0220,1,45.37,45.37,0
ORD0272408,SKU0018,1,12.52,12.52,0
ORD0272476,SKU0143,1,13.42,13.42,0
ORD0272744,SKU0170,1,7.0,7.0,0
ORD0273283,SKU0116,1,4.0,4.0,0
ORD0273342,SKU0169,1,7.65,7.65,0
ORD0273529,SKU0143,1,13.42,13.42,0
ORD0273549,SKU0092,1,20.36,20.36,0
ORD0273883,SKU0197,1,33.28,33.28,0
ORD0274030,SKU0172,1,56.41,56.41,0
ORD0274372,SKU0143,1,13.42,13.42,0
ORD0274941,SKU0132,1,3.24,3.24,0
ORD0274952,SKU0035,1,20.86,20.86,0
ORD0275263,SKU0172,1,56.41,56.41,0
ORD0275307,SKU0167,1,31.79,31.79,0
ORD0275674,SKU0127,1,24.74,24.74,0
ORD0275741,SKU0070,1,23.41,23.41,0
ORD0275767,SKU0198,1,22.7,22.7,0
ORD0276066,SKU0161,1,9.34,9.34,0
ORD0276496,SKU0209,1,19.61,19.61,1
ORD0276735,SKU0236,1,11.16,11.16,0
ORD0276815,SKU0105,1,25.21,25.21,0
ORD0276853,SKU0121,1,24.71,24.71,0
ORD0276858,SKU0043,1,31.63,31.63,0
ORD0277381,SKU0092,1,20.36,20.36,0
ORD0277531,SKU0023,1,9.17,9.17,1
ORD0277538,SKU0094,1,20.54,20.54,0
ORD0277646,SKU0032,1,25.5,25.5,0
ORD0277753,SKU0226,1,27.93,27.93,0
ORD0279284,SKU0135,1,21.67,21.67,0
ORD0279427,SKU0261,1,12.53,12.53,0
ORD0279434,SKU0195,1,14.17,14.17,0
ORD0279559,SKU0073,1,17.37,17.37,0
ORD0279960,SKU0117,1,9.15,9.15,0
ORD0280298,SKU0176,1,25.64,25.64,0
ORD0280698,SKU0161,1,9.34,9.34,0
ORD0280942,SKU0176,1,25.64,25.64,0
ORD0280967,SKU0219,1,35.96,35.96,0
ORD0281428,SKU0176,1,25.64,25.64,0
ORD0281771,SKU0106,1,18.54,18.54,0
ORD0282540,SKU0240,1,10.18,10.18,0
ORD0282771,SKU0218,1,40.37,40.37,0
ORD0282815,SKU0186,1,48.62,48.62,0
ORD0282860,SKU0127,1,24.74,24.74,0
ORD0283165,SKU0259,1,39.71,39.71,0
ORD0283383,SKU0043,1,31.63,31.63,0
ORD0283683,SKU0127,1,24.74,24.74,0
ORD0283774,SKU0251,1,15.63,15.63,0
ORD0283799,SKU0135,1,21.67,21.67,0
ORD0283962,SKU0050,1,18.79,18.79,0
ORD0284213,SKU0226,1,27.93,27.93,0
ORD0284269,SKU0167,1,31.79,31.79,0
ORD0284308,SKU0240,1,10.18,10.18,0
ORD0284485,SKU0076,1,14.84,14.84,0
ORD0284716,SKU0204,1,25.72,25.72,0
ORD0285011,SKU0086,1,19.26,19.26,0
ORD0285058,SKU0132,1,3.24,3.24,0
ORD0285134,SKU0067,1,51.91,51.91,0
ORD0285278,SKU0094,1,20.54,20.54,0
ORD0285341,SKU0116,1,4.0,4.0,0
ORD0285546,SKU0257,1,40.39,40.39,0
ORD0285960,SKU0181,1,13.82,13.82,0
ORD0286623,SKU0226,1,27.93,27.93,0
ORD0286729,SKU0026,1,5.46,5.46,1
ORD0286840,SKU0212,1,22.78,22.78,0
ORD0287534,SKU0219,1,35.96,35.96,0
ORD0287611,SKU0266,1,71.05,71.05,0
ORD0287881,SKU0066,1,32.55,32.55,0
ORD0287898,SKU0156,1,10.8,10.8,0
ORD0288042,SKU0044,1,14.55,14.55,0
ORD0288211,SKU0172,1,56.41,56.41,0
ORD0288315,SKU0096,1,11.06,11.06,0
ORD0288572,SKU0113,1,31.57,31.57,0
ORD0288828,SKU0016,1,25.15,25.15,1
ORD0288910,SKU0059,1,28.76,28.76,0
ORD0289012,SKU0172,1,56.41,56.41,0
ORD0289521,SKU0096,1,11.06,11.06,0
ORD0289529,SKU0161,1,9.34,9.34,0
ORD0289675,SKU0219,1,35.96,35.96,0
ORD0290062,SKU0145,1,22.29,22.29,0
ORD0290250,SKU0050,1,18.79,18.79,0
ORD0290660,SKU0072,1,69.33,69.33,0
ORD0290681,SKU0063,1,55.12,55.12,0
ORD0291091,SKU0012,1,18.24,18.24,1
ORD0291153,SKU0251,1,15.63,15.63,0
ORD0291571,SKU0170,1,7.0,7.0,0
ORD0291727,SKU0106,1,18.54,18.54,0
ORD0292325,SKU0149,1,5.61,5.61,0
ORD0292368,SKU0094,1,20.54,20.54,0
ORD0292649,SKU0046,1,6.75,6.75,0
ORD0293190,SKU0204,1,25.72,25.72,0
ORD0293327,SKU0012,2,18.24,36.48,0
ORD0293543,SKU0172,1,56.41,56.41,0
ORD0293661,SKU0076,1,14.84,14.84,0
ORD0293683,SKU0161,1,9.34,9.34,0
ORD0294013,SKU0081,1,72.8,72.8,0
ORD0294089,SKU0252,1,16.35,16.35,0
ORD0294239,SKU0131,1,24.39,24.39,0
ORD0294398,SKU0117,1,9.15,9.15,0
ORD0294402,SKU0134,1,4.96,4.96,0
ORD0294509,SKU0012,1,18.24,18.24,0
ORD0294954,SKU0061,1,9.32,9.32,0
ORD0295105,SKU0194,1,48.89,48.89,0
ORD0295359,SKU0099,1,16.26,16.26,0
ORD0295444,SKU0225,1,24.7,24.7,0
ORD0296054,SKU0050,1,18.79,18.79,0
ORD0296110,SKU0050,1,18.79,18.79,0
ORD0296117,SKU0066,1,32.55,32.55,0
ORD0296214,SKU0218,1,40.37,40.37,0
ORD0296345,SKU0156,1,10.8,10.8,0
ORD0296548,SKU0012,1,18.24,18.24,0
ORD0296776,SKU0242,1,18.51,18.51,0
ORD0297193,SKU0147,1,11.65,11.65,0
ORD0297303,SKU0138,1,19.97,19.97,0
ORD0297307,SKU0025,1,18.38,18.38,1
ORD0297605,SKU0081,1,72.8,72.8,0
ORD0297917,SKU0169,1,7.65,7.65,0
ORD0298043,SKU0256,1,28.09,28.09,0
ORD0298314,SKU0134,1,4.96,4.96,0
ORD0298356,SKU0094,1,20.54,20.54,0
ORD0298438,SKU0176,1,25.64,25.64,0
ORD0299058,SKU0085,1,17.61,17.61,0
ORD0299135,SKU0028,1,7.24,7.24,0
ORD0299178,SKU0095,1,20.31,20.31,0
ORD0299289,SKU0132,1,3.24,3.24,0
ORD0299519,SKU0176,2,25.64,51.28,0
ORD0299614,SKU0013,1,8.3,8.3,1
ORD0299704,SKU0161,1,9.34,9.34,0
ORD0300427,SKU0138,1,19.97,19.97,0
ORD0300471,SKU0134,1,4.96,4.96,0
ORD0300631,SKU0213,1,19.5,19.5,0
ORD0300650,SKU0165,1,16.74,16.74,0
ORD0300795,SKU0013,1,8.3,8.3,1
ORD0300814,SKU0160,1,42.55,42.55,0
ORD0300955,SKU0076,1,14.84,14.84,0
ORD0301010,SKU0242,1,18.51,18.51,0
ORD0301023,SKU0122,1,19.13,19.13,0
ORD0301042,SKU0122,1,19.13,19.13,0
ORD0301278,SKU0147,1,11.65,11.65,0
ORD0301806,SKU0240,1,10.18,10.18,0
ORD0302404,SKU0001,1,5.48,5.48,0
ORD0302421,SKU0266,1,71.05,71.05,0
ORD0302749,SKU0094,1,20.54,20.54,0
ORD0302922,SKU0159,1,48.84,48.84,0
ORD0302949,SKU0094,1,20.54,20.54,0
ORD0303325,SKU0013,1,8.3,8.3,0
ORD0303378,SKU0103,1,19.38,19.38,0
ORD0303447,SKU0127,1,24.74,24.74,0
ORD0303724,SKU0238,1,53.34,53.34,0
ORD0303756,SKU0222,1,46.0,46.0,0
ORD0304250,SKU0256,1,28.09,28.09,0
ORD0304376,SKU0032,1,25.5,25.5,0
ORD0304808,SKU0195,1,14.17,14.17,0
ORD0304889,SKU0135,1,21.67,21.67,0
ORD0305211,SKU0092,1,20.36,20.36,0
ORD0305377,SKU0106,1,18.54,18.54,0
ORD0305479,SKU0100,1,6.92,6.92,0
ORD0305947,SKU0264,1,50.01,50.01,0
ORD0306346,SKU0022,1,15.62,15.62,0
ORD0306753,SKU0219,1,35.96,35.96,0
ORD0306784,SKU0128,1,27.56,27.56,0
ORD0306875,SKU0240,1,10.18,10.18,0
ORD0306996,SKU0209,1,19.61,19.61,0
ORD0307099,SKU0087,1,5.09,5.09,0
ORD0307111,SKU0016,1,25.15,25.15,0
ORD0307357,SKU0266,1,71.05,71.05,0
ORD0307404,SKU0025,1,18.38,18.38,0
ORD0307609,SKU0191,1,40.43,40.43,0
ORD0307745,SKU0144,1,20.93,20.93,0
ORD0308040,SKU0222,1,46.0,46.0,0
ORD0308677,SKU0018,1,12.52,12.52,0
ORD0308986,SKU0236,1,11.16,11.16,0
ORD0309340,SKU0096,1,11.06,11.06,0
ORD0309494,SKU0095,1,20.31,20.31,0
ORD0309697,SKU0122,1,19.13,19.13,0
ORD0309835,SKU0103,1,19.38,19.38,0
ORD0310056,SKU0106,1,18.54,18.54,0
ORD0310165,SKU0156,1,10.8,10.8,0
ORD0310318,SKU0172,1,56.41,56.41,0
ORD0310358,SKU0252,1,16.35,16.35,0
ORD0310843,SKU0061,1,9.32,9.32,0
ORD0311054,SKU0257,1,40.39,40.39,0
ORD0311409,SKU0025,1,18.38,18.38,0
ORD0311964,SKU0012,1,18.24,18.24,0
ORD0312563,SKU0143,1,13.42,13.42,0
ORD0313537,SKU0176,3,25.64,76.92,0
ORD0314457,SKU0026,1,5.46,5.46,0
ORD0314655,SKU0161,1,9.34,9.34,0
ORD0314669,SKU0186,1,48.62,48.62,0
ORD0314767,SKU0261,1,12.53,12.53,0
ORD0314806,SKU0142,1,20.0,20.0,0
ORD0314922,SKU0156,1,10.8,10.8,0
ORD0315268,SKU0261,1,12.53,12.53,0
ORD0315566,SKU0002,1,15.74,15.74,0
ORD0315860,SKU0115,1,3.05,3.05,0
ORD0315979,SKU0085,1,17.61,17.61,0
ORD0316042,SKU0149,1,5.61,5.61,0
ORD0316164,SKU0159,1,48.84,48.84,0
ORD0316276,SKU0242,1,18.51,18.51,0
ORD0316718,SKU0016,1,25.15,25.15,0
ORD0317509,SKU0156,1,10.8,10.8,0
ORD0317741,SKU0260,1,50.74,50.74,0
ORD0318091,SKU0016,1,25.15,25.15,0
ORD0318249,SKU0266,1,71.05,71.05,0
ORD0318263,SKU0030,1,3.91,3.91,0
ORD0318631,SKU0190,1,35.71,35.71,0
ORD0318633,SKU0035,1,20.86,20.86,0
ORD0319255,SKU0094,1,20.54,20.54,0
ORD0319301,SKU0034,1,12.45,12.45,1
ORD0319355,SKU0213,1,19.5,19.5,0
ORD0319743,SKU0242,1,18.51,18.51,0
ORD0319869,SKU0161,1,9.34,9.34,0
ORD0320068,SKU0251,1,15.63,15.63,0
ORD0320071,SKU0114,1,30.24,30.24,0
ORD0320509,SKU0218,1,40.37,40.37,0
ORD0320967,SKU0122,1,19.13,19.13,0
ORD0321022,SKU0002,1,15.74,15.74,0
ORD0321057,SKU0236,1,11.16,11.16,0
ORD0321401,SKU0161,1,9.34,9.34,0
ORD0321568,SKU0047,1,21.12,21.12,0
ORD0321698,SKU0063,1,55.12,55.12,0
ORD0322087,SKU0162,1,17.72,17.72,0
ORD0322509,SKU0236,1,11.16,11.16,0
ORD0322731,SKU0173,1,52.63,52.63,0
ORD0323188,SKU0006,1,20.69,20.69,0
ORD0323278,SKU0266,1,71.05,71.05,0
ORD0323528,SKU0266,1,71.05,71.05,0
ORD0323664,SKU0181,1,13.82,13.82,0
ORD0323733,SKU0095,1,20.31,20.31,1
ORD0323852,SKU0016,1,25.15,25.15,0
ORD0324199,SKU0076,1,14.84,14.84,0
ORD0324561,SKU0147,1,11.65,11.65,0
ORD0324628,SKU0012,1,18.24,18.24,0
ORD0324628,SKU0034,1,12.45,12.45,1
ORD0324821,SKU0079,1,46.3,46.3,0
ORD0324989,SKU0172,1,56.41,56.41,0
ORD0325843,SKU0261,1,12.53,12.53,0
ORD0326283,SKU0003,1,14.69,14.69,0
ORD0326872,SKU0219,1,35.96,35.96,0
ORD0326922,SKU0195,1,14.17,14.17,0
ORD0326947,SKU0179,1,29.61,29.61,0
ORD0327096,SKU0138,1,19.97,19.97,0
ORD0327182,SKU0172,1,56.41,56.41,0
ORD0327182,SKU0225,1,24.7,24.7,0
ORD0328286,SKU0094,1,20.54,20.54,0
ORD0328630,SKU0085,1,17.61,17.61,0
ORD0328719,SKU0181,1,13.82,13.82,0
ORD0328876,SKU0169,1,7.65,7.65,0
ORD0328890,SKU0005,1,7.42,7.42,1
ORD0329067,SKU0127,1,24.74,24.74,0
ORD0329495,SKU0225,1,24.7,24.7,0
ORD0329642,SKU0195,1,14.17,14.17,0
ORD0329659,SKU0032,1,25.5,25.5,0
ORD0329987,SKU0176,1,25.64,25.64,0
ORD0330415,SKU0063,1,55.12,55.12,0
ORD0330622,SKU0161,1,9.34,9.34,0
ORD0331179,SKU0113,1,31.57,31.57,0
ORD0331357,SKU0236,1,11.16,11.16,0
ORD0331649,SKU0127,1,24.74,24.74,0
ORD0332561,SKU0046,1,6.75,6.75,0
ORD0333446,SKU0261,1,12.53,12.53,0
ORD0333795,SKU0176,1,25.64,25.64,0
ORD0334413,SKU0195,1,14.17,14.17,0
ORD0334531,SKU0242,1,18.51,18.51,0
ORD0334608,SKU0181,1,13.82,13.82,0
ORD0334673,SKU0046,1,6.75,6.75,0
ORD0334862,SKU0135,1,21.67,21.67,0
ORD0335125,SKU0106,1,18.54,18.54,0
ORD0335129,SKU0066,1,32.55,32.55,0
ORD0335195,SKU0076,1,14.84,14.84,1
ORD0335332,SKU0046,1,6.75,6.75,0
ORD0335335,SKU0181,1,13.82,13.82,0
ORD0335617,SKU0195,1,14.17,14.17,0
ORD0335666,SKU0038,1,23.38,23.38,0
ORD0336111,SKU0043,1,31.63,31.63,0
ORD0336209,SKU0212,1,22.78,22.78,0
ORD0336517,SKU0122,1,19.13,19.13,0
ORD0336611,SKU0135,1,21.67,21.67,0
ORD0336733,SKU0261,1,12.53,12.53,0
ORD0336745,SKU0161,1,9.34,9.34,0
ORD0337181,SKU0154,1,8.44,8.44,0
ORD0337345,SKU0077,1,17.99,17.99,0
ORD0337860,SKU0188,1,54.08,54.08,0
ORD0338678,SKU0095,1,20.31,20.31,1
ORD0339220,SKU0028,1,7.24,7.24,0
ORD0339540,SKU0030,1,3.91,3.91,0
ORD0339672,SKU0044,1,14.55,14.55,0
ORD0339733,SKU0113,1,31.57,31.57,0
ORD0339749,SKU0032,1,25.5,25.5,0
ORD0339999,SKU0161,1,9.34,9.34,0
ORD0340662,SKU0156,1,10.8,10.8,0
ORD0340674,SKU0076,1,14.84,14.84,0
ORD0341472,SKU0161,1,9.34,9.34,0
ORD0341485,SKU0011,1,22.22,22.22,0
ORD0341784,SKU0252,1,16.35,16.35,0
ORD0341944,SKU0218,1,40.37,40.37,0
ORD0342028,SKU0085,1,17.61,17.61,0
ORD0342270,SKU0076,1,14.84,14.84,0
ORD0342528,SKU0169,1,7.65,7.65,0
ORD0342957,SKU0136,1,29.6,29.6,0
ORD0343179,SKU0096,1,11.06,11.06,0
ORD0343285,SKU0004,1,11.33,11.33,0
ORD0343536,SKU0095,1,20.31,20.31,0
ORD0343677,SKU0032,1,25.5,25.5,0
ORD0343832,SKU0232,1,42.42,42.42,0
ORD0343954,SKU0261,2,12.53,25.06,0
ORD0344188,SKU0095,1,20.31,20.31,0
ORD0344868,SKU0261,1,12.53,12.53,0
ORD0346241,SKU0161,2,9.34,18.68,0
ORD0346560,SKU0043,1,31.63,31.63,0
ORD0346606,SKU0256,1,28.09,28.09,0
ORD0346921,SKU0219,1,35.96,35.96,0
ORD0347000,SKU0181,1,13.82,13.82,0
ORD0347705,SKU0009,1,6.16,6.16,0
ORD0347764,SKU0191,1,40.43,40.43,0
ORD0347932,SKU0143,1,13.42,13.42,0
ORD0348014,SKU0266,1,71.05,71.05,0
ORD0348633,SKU0043,1,31.63,31.63,0
ORD0348794,SKU0061,1,9.32,9.32,0
ORD0348944,SKU0095,1,20.31,20.31,0
ORD0349244,SKU0186,1,48.62,48.62,0
ORD0349297,SKU0161,1,9.34,9.34,0
ORD0349842,SKU0231,1,17.79,17.79,0
ORD0349865,SKU0089,1,20.22,20.22,0
ORD0350038,SKU0077,1,17.99,17.99,0
ORD0350080,SKU0169,1,7.65,7.65,0
ORD0350095,SKU0012,1,18.24,18.24,0
ORD0350700,SKU0161,1,9.34,9.34,0
ORD0350900,SKU0266,1,71.05,71.05,0
ORD0350994,SKU0127,1,24.74,24.74,0
ORD0351434,SKU0256,1,28.09,28.09,0
ORD0351581,SKU0250,1,10.33,10.33,0
ORD0351603,SKU0076,1,14.84,14.84,0
ORD0351618,SKU0143,2,13.42,26.84,0
ORD0351660,SKU0022,1,15.62,15.62,0
ORD0351854,SKU0106,1,18.54,18.54,0
ORD0352321,SKU0013,1,8.3,8.3,0
ORD0352828,SKU0070,1,23.41,23.41,0
ORD0352843,SKU0094,1,20.54,20.54,0
ORD0352943,SKU0013,1,8.3,8.3,0
ORD0354104,SKU0035,1,20.86,20.86,0
ORD0354768,SKU0169,1,7.65,7.65,0
ORD0354813,SKU0172,2,56.41,112.82,0
ORD0355046,SKU0181,1,13.82,13.82,0
ORD0355242,SKU0215,1,36.32,36.32,0
ORD0355278,SKU0194,1,48.89,48.89,0
ORD0355480,SKU0069,1,67.92,67.92,0
ORD0355545,SKU0076,1,14.84,14.84,0
ORD0356612,SKU0261,1,12.53,12.53,0
ORD0357247,SKU0091,1,19.26,19.26,0
ORD0357364,SKU0061,1,9.32,9.32,0
ORD0357725,SKU0198,1,22.7,22.7,0
ORD0357777,SKU0256,1,28.09,28.09,0
ORD0358001,SKU0122,1,19.13,19.13,0
ORD0358101,SKU0266,1,71.05,71.05,0
ORD0358267,SKU0259,1,39.71,39.71,0
ORD0358311,SKU0161,1,9.34,9.34,0
ORD0358432,SKU0076,1,14.84,14.84,0
ORD0359012,SKU0172,1,56.41,56.41,0
ORD0359143,SKU0095,1,20.31,20.31,0
ORD0359234,SKU0135,1,21.67,21.67,0
ORD0359386,SKU0127,1,24.74,24.74,0
ORD0359411,SKU0113,1,31.57,31.57,0
ORD0359506,SKU0104,1,18.19,18.19,0
ORD0359552,SKU0240,1,10.18,10.18,0
ORD0360145,SKU0034,1,12.45,12.45,1
ORD0360254,SKU0117,1,9.15,9.15,0
ORD0360464,SKU0104,1,18.19,18.19,0
ORD0360688,SKU0172,1,56.41,56.41,0
ORD0360777,SKU0023,1,9.17,9.17,0
ORD0360946,SKU0209,1,19.61,19.61,0
ORD0360961,SKU0261,1,12.53,12.53,0
ORD0360993,SKU0050,1,18.79,18.79,0
ORD0361106,SKU0176,1,25.64,25.64,0
ORD0361562,SKU0122,1,19.13,19.13,0
ORD0362408,SKU0122,1,19.13,19.13,0
ORD0362560,SKU0086,1,19.26,19.26,0
ORD0362599,SKU0179,1,29.61,29.61,0
ORD0362732,SKU0219,1,35.96,35.96,0
ORD0362764,SKU0061,1,9.32,9.32,0
ORD0362949,SKU0068,1,71.63,71.63,0
ORD0363003,SKU0161,1,9.34,9.34,0
ORD0363029,SKU0050,1,18.79,18.79,0
ORD0363081,SKU0094,1,20.54,20.54,0
ORD0363417,SKU0016,1,25.15,25.15,0
ORD0363483,SKU0012,1,18.24,18.24,1
ORD0364010,SKU0061,1,9.32,9.32,0
ORD0364033,SKU0226,1,27.93,27.93,0
ORD0364548,SKU0121,1,24.71,24.71,0
ORD0364754,SKU0113,1,31.57,31.57,0
ORD0364778,SKU0085,1,17.61,17.61,0
ORD0364929,SKU0012,1,18.24,18.24,1
ORD0365966,SKU0266,1,71.05,71.05,0
ORD0366228,SKU0194,1,48.89,48.89,0
ORD0366274,SKU0061,1,9.32,9.32,0
ORD0366567,SKU0008,1,5.98,5.98,0
ORD0366610,SKU0168,1,42.03,42.03,0
ORD0367136,SKU0176,2,25.64,51.28,0
ORD0367341,SKU0236,1,11.16,11.16,0
ORD0367412,SKU0121,1,24.71,24.71,0
ORD0367651,SKU0121,2,24.71,49.42,0
ORD0367679,SKU0095,1,20.31,20.31,0
ORD0367925,SKU0222,1,46.0,46.0,0
ORD0367944,SKU0081,1,72.8,72.8,0
ORD0368041,SKU0050,1,18.79,18.79,0
ORD0368315,SKU0179,1,29.61,29.61,0
ORD0369147,SKU0054,1,19.75,19.75,0
ORD0369624,SKU0076,1,14.84,14.84,0
ORD0369796,SKU0132,1,3.24,3.24,0
ORD0369977,SKU0116,1,4.0,4.0,0
ORD0369994,SKU0179,1,29.61,29.61,0
ORD0370101,SKU0132,1,3.24,3.24,0
ORD0370105,SKU0183,1,17.57,17.57,0
ORD0370211,SKU0073,1,17.37,17.37,0
ORD0370531,SKU0143,1,13.42,13.42,0
ORD0370622,SKU0261,1,12.53,12.53,0
ORD0371190,SKU0122,1,19.13,19.13,0
ORD0371377,SKU0260,1,50.74,50.74,0
ORD0371664,SKU0013,1,8.3,8.3,1
ORD0371990,SKU0094,1,20.54,20.54,0
ORD0372377,SKU0116,1,4.0,4.0,1
ORD0372455,SKU0095,1,20.31,20.31,1
ORD0372645,SKU0156,1,10.8,10.8,0
ORD0372695,SKU0210,1,41.76,41.76,0
ORD0372873,SKU0013,1,8.3,8.3,0
ORD0373097,SKU0219,1,35.96,35.96,0
ORD0373395,SKU0100,1,6.92,6.92,0
ORD0373662,SKU0010,1,13.39,13.39,0
ORD0373849,SKU0256,1,28.09,28.09,0
ORD0374326,SKU0082,1,36.44,36.44,0
ORD0375036,SKU0212,1,22.78,22.78,0
ORD0375347,SKU0207,1,25.01,25.01,0
ORD0375652,SKU0128,1,27.56,27.56,0
ORD0375862,SKU0218,1,40.37,40.37,0
ORD0376477,SKU0169,1,7.65,7.65,0
ORD0376902,SKU0002,1,15.74,15.74,0
ORD0377124,SKU0127,1,24.74,24.74,0
ORD0377165,SKU0198,1,22.7,22.7,0
ORD0377759,SKU0257,1,40.39,40.39,0
ORD0378265,SKU0172,1,56.41,56.41,0
ORD0378757,SKU0138,1,19.97,19.97,0
ORD0378792,SKU0209,1,19.61,19.61,0
ORD0378814,SKU0138,1,19.97,19.97,1
ORD0379057,SKU0236,1,11.16,11.16,0
ORD0379320,SKU0127,1,24.74,24.74,0
ORD0379426,SKU0116,1,4.0,4.0,0
ORD0379803,SKU0103,1,19.38,19.38,0
ORD0380187,SKU0095,1,20.31,20.31,0
ORD0380264,SKU0042,1,26.23,26.23,0
ORD0380357,SKU0172,1,56.41,56.41,0
ORD0380428,SKU0012,1,18.24,18.24,0
ORD0380477,SKU0091,1,19.26,19.26,0
ORD0380496,SKU0076,1,14.84,14.84,0
ORD0380868,SKU0117,1,9.15,9.15,0
ORD0381058,SKU0172,1,56.41,56.41,0
ORD0381210,SKU0134,1,4.96,4.96,0
ORD0381480,SKU0209,1,19.61,19.61,0
ORD0382190,SKU0209,1,19.61,19.61,0
ORD0382280,SKU0185,1,12.72,12.72,0
ORD0382530,SKU0266,1,71.05,71.05,0
ORD0382879,SKU0106,1,18.54,18.54,0
ORD0383500,SKU0261,1,12.53,12.53,0
ORD0383587,SKU0117,1,9.15,9.15,0
ORD0383921,SKU0087,1,5.09,5.09,0
ORD0384178,SKU0032,1,25.5,25.5,0
ORD0384459,SKU0117,1,9.15,9.15,0
ORD0384606,SKU0134,1,4.96,4.96,0
ORD0384662,SKU0069,1,67.92,67.92,0
ORD0384892,SKU0127,1,24.74,24.74,0
ORD0384932,SKU0172,1,56.41,56.41,0
ORD0385171,SKU0045,1,10.44,10.44,0
ORD0385198,SKU0191,1,40.43,40.43,0
ORD0385268,SKU0147,1,11.65,11.65,0
ORD0385350,SKU0113,1,31.57,31.57,0
ORD0385385,SKU0117,1,9.15,9.15,0
ORD0385429,SKU0103,1,19.38,19.38,0
ORD0385444,SKU0257,1,40.39,40.39,0
ORD0385550,SKU0085,1,17.61,17.61,0
ORD0385731,SKU0161,1,9.34,9.34,0
ORD0385800,SKU0018,2,12.52,25.04,0
ORD0385812,SKU0210,1,41.76,41.76,1
ORD0385889,SKU0225,1,24.7,24.7,0
ORD0385953,SKU0044,1,14.55,14.55,0
ORD0386237,SKU0169,1,7.65,7.65,0
ORD0386327,SKU0095,1,20.31,20.31,0
ORD0386367,SKU0046,1,6.75,6.75,0
ORD0386381,SKU0122,1,19.13,19.13,0
ORD0386796,SKU0190,1,35.71,35.71,0
ORD0386999,SKU0045,1,10.44,10.44,0
ORD0387009,SKU0021,1,23.97,23.97,0
ORD0387640,SKU0114,1,30.24,30.24,0
ORD0387686,SKU0091,1,19.26,19.26,0
ORD0388027,SKU0266,1,71.05,71.05,0
ORD0388595,SKU0143,1,13.42,13.42,0
ORD0389366,SKU0132,1,3.24,3.24,0
ORD0389442,SKU0261,1,12.53,12.53,0
ORD0389616,SKU0219,1,35.96,35.96,0
ORD0389935,SKU0117,1,9.15,9.15,0
ORD0390007,SKU0218,1,40.37,40.37,0
ORD0390032,SKU0261,1,12.53,12.53,0
ORD0390080,SKU0176,1,25.64,25.64,0
ORD0390098,SKU0010,1,13.39,13.39,1
ORD0390558,SKU0136,1,29.6,29.6,0
ORD0390816,SKU0181,1,13.82,13.82,0
ORD0391076,SKU0042,1,26.23,26.23,0
ORD0391968,SKU0061,1,9.32,9.32,0
ORD0392476,SKU0117,1,9.15,9.15,0
ORD0392483,SKU0261,1,12.53,12.53,0
ORD0392501,SKU0161,1,9.34,9.34,0
ORD0392502,SKU0159,1,48.84,48.84,0
ORD0392639,SKU0260,1,50.74,50.74,0
ORD0392658,SKU0122,1,19.13,19.13,0
ORD0393334,SKU0122,1,19.13,19.13,0
ORD0393643,SKU0051,1,25.45,25.45,0
ORD0394172,SKU0094,1,20.54,20.54,0
ORD0394174,SKU0047,1,21.12,21.12,0
ORD0394390,SKU0096,1,11.06,11.06,0
ORD0394579,SKU0094,1,20.54,20.54,0
ORD0394940,SKU0069,1,67.92,67.92,0
ORD0395217,SKU0130,1,9.97,9.97,0
ORD0395333,SKU0051,1,25.45,25.45,0
ORD0395417,SKU0212,1,22.78,22.78,0
ORD0395886,SKU0049,1,6.02,6.02,0
ORD0395999,SKU0253,1,21.15,21.15,0
ORD0396214,SKU0106,1,18.54,18.54,0
ORD0396282,SKU0013,1,8.3,8.3,0
ORD0397005,SKU0117,1,9.15,9.15,0
ORD0397035,SKU0143,1,13.42,13.42,0
ORD0397154,SKU0230,1,36.57,36.57,0
ORD0397271,SKU0222,1,46.0,46.0,0
ORD0398554,SKU0209,1,19.61,19.61,0
ORD0398656,SKU0135,1,21.67,21.67,0
ORD0398746,SKU0195,1,14.17,14.17,0
ORD0398786,SKU0261,1,12.53,12.53,0
ORD0398916,SKU0122,1,19.13,19.13,0
ORD0399239,SKU0209,1,19.61,19.61,0
ORD0399239,SKU0218,1,40.37,40.37,0
ORD0400378,SKU0261,1,12.53,12.53,0
ORD0401127,SKU0061,1,9.32,9.32,0
ORD0401140,SKU0191,1,40.43,40.43,0
ORD0401305,SKU0218,1,40.37,40.37,0
ORD0401628,SKU0127,1,24.74,24.74,0
ORD0401634,SKU0219,1,35.96,35.96,0
ORD0401782,SKU0266,1,71.05,71.05,0
ORD0402237,SKU0161,1,9.34,9.34,0
ORD0402310,SKU0066,1,32.55,32.55,0
ORD0402636,SKU0176,1,25.64,25.64,0
ORD0402692,SKU0144,1,20.93,20.93,0
ORD0402814,SKU0068,1,71.63,71.63,0
ORD0402962,SKU0172,1,56.41,56.41,0
ORD0402972,SKU0035,1,20.86,20.86,0
ORD0403051,SKU0095,1,20.31,20.31,1
ORD0403413,SKU0012,1,18.24,18.24,1
ORD0403461,SKU0179,1,29.61,29.61,0
ORD0403589,SKU0204,1,25.72,25.72,0
ORD0403659,SKU0061,1,9.32,9.32,0
ORD0404148,SKU0230,1,36.57,36.57,0
ORD0404176,SKU0127,1,24.74,24.74,0
ORD0404204,SKU0195,1,14.17,14.17,0
ORD0404564,SKU0032,1,25.5,25.5,0
ORD0405097,SKU0172,1,56.41,56.41,0
ORD0405343,SKU0035,1,20.86,20.86,0
ORD0405730,SKU0046,1,6.75,6.75,0
ORD0406075,SKU0132,1,3.24,3.24,0
ORD0406125,SKU0094,1,20.54,20.54,0
ORD0406310,SKU0161,1,9.34,9.34,0
ORD0406380,SKU0127,1,24.74,24.74,0
ORD0407245,SKU0198,1,22.7,22.7,0
ORD0407274,SKU0212,1,22.78,22.78,1
ORD0407712,SKU0207,1,25.01,25.01,0
ORD0408134,SKU0256,1,28.09,28.09,0
ORD0408167,SKU0023,1,9.17,9.17,1
ORD0408247,SKU0122,1,19.13,19.13,0
ORD0408381,SKU0251,1,15.63,15.63,0
ORD0408643,SKU0172,1,56.41,56.41,0
ORD0409125,SKU0046,1,6.75,6.75,0
ORD0409433,SKU0095,1,20.31,20.31,0
ORD0410521,SKU0047,1,21.12,21.12,0
ORD0410829,SKU0090,1,13.65,13.65,0
ORD0411060,SKU0081,1,72.8,72.8,0
ORD0411539,SKU0181,1,13.82,13.82,0
ORD0411558,SKU0210,1,41.76,41.76,0
ORD0411598,SKU0176,1,25.64,25.64,0
ORD0411653,SKU0012,1,18.24,18.24,0
ORD0411846,SKU0134,1,4.96,4.96,0
ORD0412002,SKU0147,1,11.65,11.65,0
ORD0412211,SKU0230,1,36.57,36.57,0
ORD0412588,SKU0230,1,36.57,36.57,0
ORD0412967,SKU0219,1,35.96,35.96,0
ORD0413323,SKU0207,1,25.01,25.01,0
ORD0414669,SKU0180,1,56.07,56.07,0
ORD0414689,SKU0161,1,9.34,9.34,0
ORD0414694,SKU0180,1,56.07,56.07,0
ORD0414828,SKU0184,1,34.4,34.4,0
ORD0414859,SKU0009,1,6.16,6.16,0
ORD0415076,SKU0181,1,13.82,13.82,0
ORD0415127,SKU0070,1,23.41,23.41,0
ORD0415154,SKU0127,1,24.74,24.74,0
ORD0415175,SKU0046,1,6.75,6.75,0
ORD0415492,SKU0035,1,20.86,20.86,0
ORD0415556,SKU0094,1,20.54,20.54,0
ORD0415767,SKU0261,1,12.53,12.53,0
ORD0416263,SKU0242,1,18.51,18.51,0
ORD0416277,SKU0122,1,19.13,19.13,0
ORD0416387,SKU0185,1,12.72,12.72,0
ORD0416561,SKU0195,1,14.17,14.17,0
ORD0416578,SKU0035,1,20.86,20.86,0
ORD0416853,SKU0161,1,9.34,9.34,0
ORD0416906,SKU0172,1,56.41,56.41,0
ORD0416926,SKU0256,1,28.09,28.09,0
ORD0417315,SKU0127,1,24.74,24.74,0
ORD0417566,SKU0122,1,19.13,19.13,0
ORD0417570,SKU0076,1,14.84,14.84,0
ORD0418038,SKU0079,1,46.3,46.3,1
ORD0418683,SKU0172,1,56.41,56.41,0
ORD0419231,SKU0185,1,12.72,12.72,0
ORD0419398,SKU0226,1,27.93,27.93,0
ORD0419558,SKU0130,1,9.97,9.97,0
ORD0419880,SKU0114,1,30.24,30.24,0
ORD0420071,SKU0176,1,25.64,25.64,0
ORD0420161,SKU0127,1,24.74,24.74,0
ORD0420286,SKU0209,1,19.61,19.61,0
ORD0421019,SKU0117,1,9.15,9.15,0
ORD0421020,SKU0094,1,20.54,20.54,0
ORD0421153,SKU0205,1,37.16,37.16,0
ORD0422079,SKU0076,1,14.84,14.84,0
ORD0422187,SKU0106,2,18.54,37.08,0
ORD0423109,SKU0117,1,9.15,9.15,0
ORD0423374,SKU0219,1,35.96,35.96,0
ORD0423485,SKU0095,1,20.31,20.31,1
ORD0423537,SKU0110,1,2.6,2.6,0
ORD0423602,SKU0092,1,20.36,20.36,1
ORD0423906,SKU0122,1,19.13,19.13,0
ORD0424041,SKU0094,1,20.54,20.54,0
ORD0425113,SKU0008,1,5.98,5.98,1
ORD0425397,SKU0176,1,25.64,25.64,0
ORD0425420,SKU0029,1,27.88,27.88,0
ORD0425430,SKU0184,1,34.4,34.4,0
ORD0425646,SKU0251,1,15.63,15.63,0
ORD0425952,SKU0114,1,30.24,30.24,0
ORD0426021,SKU0169,1,7.65,7.65,0
ORD0426085,SKU0169,1,7.65,7.65,0
ORD0426255,SKU0051,1,25.45,25.45,0
ORD0426585,SKU0008,1,5.98,5.98,0
ORD0426689,SKU0172,1,56.41,56.41,0
ORD0427021,SKU0185,1,12.72,12.72,0
ORD0427239,SKU0176,1,25.64,25.64,0
ORD0427697,SKU0018,1,12.52,12.52,0
ORD0427914,SKU0023,1,9.17,9.17,0
ORD0428048,SKU0195,1,14.17,14.17,0
ORD0428090,SKU0159,1,48.84,48.84,0
ORD0428187,SKU0190,1,35.71,35.71,0
ORD0428469,SKU0073,1,17.37,17.37,0
ORD0429187,SKU0122,1,19.13,19.13,0
ORD0429988,SKU0015,1,23.68,23.68,0
ORD0430094,SKU0061,1,9.32,9.32,0
ORD0430782,SKU0219,1,35.96,35.96,0
ORD0430976,SKU0180,1,56.07,56.07,0
ORD0431098,SKU0061,1,9.32,9.32,0
ORD0431473,SKU0003,1,14.69,14.69,0
ORD0431969,SKU0053,1,23.79,23.79,0
ORD0432344,SKU0261,1,12.53,12.53,0
ORD0432353,SKU0143,1,13.42,13.42,0
ORD0432458,SKU0034,1,12.45,12.45,0
ORD0432594,SKU0210,1,41.76,41.76,0
ORD0432599,SKU0261,2,12.53,25.06,0
ORD0432847,SKU0169,1,7.65,7.65,0
ORD0432895,SKU0012,1,18.24,18.24,0
ORD0433140,SKU0117,2,9.15,18.3,0
ORD0433256,SKU0264,1,50.01,50.01,0
ORD0433530,SKU0106,1,18.54,18.54,0
ORD0433778,SKU0161,1,9.34,9.34,0
ORD0433802,SKU0013,1,8.3,8.3,1
ORD0433955,SKU0089,1,20.22,20.22,0
ORD0434063,SKU0067,1,51.91,51.91,0
ORD0434063,SKU0018,1,12.52,12.52,1
ORD0434215,SKU0218,1,40.37,40.37,0
ORD0434313,SKU0195,1,14.17,14.17,0
ORD0434384,SKU0130,1,9.97,9.97,0
ORD0434847,SKU0128,1,27.56,27.56,0
ORD0434888,SKU0023,1,9.17,9.17,0
ORD0434908,SKU0081,1,72.8,72.8,0
ORD0435505,SKU0176,1,25.64,25.64,0
ORD0435598,SKU0218,1,40.37,40.37,0
ORD0435808,SKU0122,1,19.13,19.13,0
ORD0435929,SKU0002,1,15.74,15.74,0
ORD0436484,SKU0087,1,5.09,5.09,0
ORD0436565,SKU0132,1,3.24,3.24,0
ORD0437144,SKU0135,1,21.67,21.67,0
ORD0437411,SKU0023,1,9.17,9.17,1
ORD0437754,SKU0062,1,31.95,31.95,0
ORD0438431,SKU0086,1,19.26,19.26,0
ORD0438550,SKU0023,1,9.17,9.17,0
ORD0439074,SKU0010,1,13.39,13.39,0
ORD0439101,SKU0194,1,48.89,48.89,0
ORD0439102,SKU0082,1,36.44,36.44,0
ORD0439140,SKU0087,1,5.09,5.09,0
ORD0439142,SKU0134,1,4.96,4.96,0
ORD0439176,SKU0012,1,18.24,18.24,0
ORD0439287,SKU0142,1,20.0,20.0,1
ORD0439331,SKU0001,1,5.48,5.48,0
ORD0439648,SKU0094,1,20.54,20.54,0
ORD0440029,SKU0134,1,4.96,4.96,0
ORD0440133,SKU0045,1,10.44,10.44,0
ORD0440269,SKU0035,1,20.86,20.86,0
ORD0440372,SKU0042,1,26.23,26.23,0
ORD0440372,SKU0266,1,71.05,71.05,0
ORD0440921,SKU0122,1,19.13,19.13,0
ORD0440949,SKU0266,1,71.05,71.05,0
ORD0441122,SKU0259,1,39.71,39.71,0
ORD0441218,SKU0013,1,8.3,8.3,0
ORD0441248,SKU0079,1,46.3,46.3,0
ORD0441389,SKU0021,1,23.97,23.97,0
ORD0442048,SKU0134,1,4.96,4.96,0
ORD0442056,SKU0061,1,9.32,9.32,0
ORD0442351,SKU0266,1,71.05,71.05,0
ORD0442420,SKU0069,1,67.92,67.92,0
ORD0442616,SKU0161,1,9.34,9.34,0
ORD0442652,SKU0045,1,10.44,10.44,0
ORD0442716,SKU0018,1,12.52,12.52,0
ORD0442828,SKU0266,1,71.05,71.05,0
ORD0442974,SKU0122,1,19.13,19.13,0
ORD0443050,SKU0028,1,7.24,7.24,0
ORD0443275,SKU0197,1,33.28,33.28,0
ORD0443289,SKU0099,1,16.26,16.26,0
ORD0443580,SKU0256,1,28.09,28.09,0
ORD0443733,SKU0092,1,20.36,20.36,0
ORD0443944,SKU0061,1,9.32,9.32,0
ORD0443948,SKU0117,1,9.15,9.15,0
ORD0443965,SKU0029,1,27.88,27.88,0
ORD0444236,SKU0094,1,20.54,20.54,0
ORD0444625,SKU0079,1,46.3,46.3,0
ORD0444949,SKU0213,1,19.5,19.5,1
ORD0445032,SKU0106,1,18.54,18.54,0
ORD0445324,SKU0095,1,20.31,20.31,0
ORD0445443,SKU0066,1,32.55,32.55,0
ORD0445468,SKU0226,1,27.93,27.93,0
ORD0445484,SKU0028,1,7.24,7.24,0
ORD0445774,SKU0070,1,23.41,23.41,0
ORD0445961,SKU0049,1,6.02,6.02,0
ORD0445964,SKU0054,1,19.75,19.75,0
ORD0447779,SKU0142,1,20.0,20.0,0
ORD0447821,SKU0122,1,19.13,19.13,0
ORD0448073,SKU0069,1,67.92,67.92,0
ORD0448304,SKU0030,1,3.91,3.91,1
ORD0448568,SKU0050,1,18.79,18.79,0
ORD0448593,SKU0115,1,3.05,3.05,0
ORD0449045,SKU0195,1,14.17,14.17,0
ORD0449157,SKU0181,1,13.82,13.82,0
ORD0449214,SKU0239,1,61.98,61.98,0
ORD0449539,SKU0095,1,20.31,20.31,0
ORD0449655,SKU0213,1,19.5,19.5,0
ORD0449781,SKU0240,1,10.18,10.18,0
ORD0450189,SKU0100,1,6.92,6.92,0
ORD0450308,SKU0254,1,11.92,11.92,0
ORD0450424,SKU0127,1,24.74,24.74,0
ORD0450662,SKU0094,1,20.54,20.54,0
ORD0450968,SKU0260,1,50.74,50.74,0
ORD0451125,SKU0122,1,19.13,19.13,0
ORD0451320,SKU0050,1,18.79,18.79,0
ORD0451525,SKU0180,1,56.07,56.07,0
ORD0451535,SKU0076,1,14.84,14.84,0
ORD0451780,SKU0190,1,35.71,35.71,0
ORD0452251,SKU0257,1,40.39,40.39,0
ORD0452504,SKU0181,1,13.82,13.82,0
ORD0453147,SKU0176,1,25.64,25.64,0
ORD0453455,SKU0061,1,9.32,9.32,0
ORD0453675,SKU0114,1,30.24,30.24,0
ORD0454844,SKU0043,1,31.63,31.63,0
ORD0454945,SKU0079,1,46.3,46.3,0
ORD0455538,SKU0122,1,19.13,19.13,0
ORD0455734,SKU0226,1,27.93,27.93,0
ORD0456145,SKU0172,1,56.41,56.41,0
ORD0456438,SKU0225,1,24.7,24.7,0
ORD0456581,SKU0106,1,18.54,18.54,0
ORD0457080,SKU0154,1,8.44,8.44,0
ORD0457194,SKU0070,1,23.41,23.41,0
ORD0457288,SKU0161,1,9.34,9.34,0
ORD0457550,SKU0251,1,15.63,15.63,0
ORD0458113,SKU0018,1,12.52,12.52,0
ORD0458465,SKU0142,1,20.0,20.0,0
ORD0458499,SKU0012,1,18.24,18.24,0
ORD0458733,SKU0037,1,22.48,22.48,0
ORD0459583,SKU0012,1,18.24,18.24,0
ORD0459650,SKU0076,1,14.84,14.84,0
ORD0459909,SKU0053,1,23.79,23.79,0
ORD0460039,SKU0261,1,12.53,12.53,0
ORD0460515,SKU0184,1,34.4,34.4,0
ORD0460836,SKU0104,1,18.19,18.19,0
ORD0461257,SKU0188,1,54.08,54.08,0
ORD0461435,SKU0122,1,19.13,19.13,0
ORD0461655,SKU0181,1,13.82,13.82,0
ORD0461838,SKU0181,1,13.82,13.82,0
ORD0462088,SKU0095,1,20.31,20.31,0
ORD0462298,SKU0242,1,18.51,18.51,0
ORD0462414,SKU0259,1,39.71,39.71,0
ORD0462549,SKU0005,1,7.42,7.42,0
ORD0462567,SKU0225,1,24.7,24.7,0
ORD0463185,SKU0059,1,28.76,28.76,0
ORD0463531,SKU0181,1,13.82,13.82,0
ORD0463565,SKU0012,1,18.24,18.24,0
ORD0463772,SKU0117,1,9.15,9.15,0
ORD0463938,SKU0176,1,25.64,25.64,0
ORD0463962,SKU0086,1,19.26,19.26,0
ORD0464009,SKU0035,1,20.86,20.86,0
ORD0464140,SKU0050,1,18.79,18.79,0
ORD0464165,SKU0122,1,19.13,19.13,0
ORD0464553,SKU0106,1,18.54,18.54,0
ORD0464569,SKU0260,1,50.74,50.74,0
ORD0464952,SKU0185,1,12.72,12.72,0
ORD0465615,SKU0226,1,27.93,27.93,0
ORD0465926,SKU0207,1,25.01,25.01,0
ORD0466035,SKU0066,1,32.55,32.55,0
ORD0466095,SKU0127,1,24.74,24.74,0
ORD0466182,SKU0018,1,12.52,12.52,0
ORD0466231,SKU0046,1,6.75,6.75,0
ORD0466482,SKU0225,1,24.7,24.7,0
ORD0466520,SKU0099,1,16.26,16.26,0
ORD0466933,SKU0002,1,15.74,15.74,0
ORD0466935,SKU0266,1,71.05,71.05,0
ORD0467325,SKU0179,1,29.61,29.61,0
ORD0468299,SKU0081,1,72.8,72.8,0
ORD0468393,SKU0261,1,12.53,12.53,0
ORD0468458,SKU0063,1,55.12,55.12,0
ORD0468650,SKU0099,1,16.26,16.26,0
ORD0469088,SKU0219,1,35.96,35.96,0
ORD0469147,SKU0207,1,25.01,25.01,1
ORD0469158,SKU0079,1,46.3,46.3,0
ORD0469528,SKU0043,1,31.63,31.63,0
ORD0469589,SKU0129,2,26.06,52.12,0
ORD0469684,SKU0161,1,9.34,9.34,0
ORD0469805,SKU0132,1,3.24,3.24,0
ORD0469948,SKU0050,1,18.79,18.79,0
ORD0470120,SKU0091,1,19.26,19.26,0
ORD0470177,SKU0266,1,71.05,71.05,0
ORD0470185,SKU0135,1,21.67,21.67,0
ORD0470748,SKU0018,1,12.52,12.52,0
ORD0471195,SKU0198,1,22.7,22.7,0
ORD0471247,SKU0218,1,40.37,40.37,0
ORD0471328,SKU0095,1,20.31,20.31,0
ORD0471739,SKU0165,1,16.74,16.74,0
ORD0471814,SKU0127,1,24.74,24.74,0
ORD0472053,SKU0103,1,19.38,19.38,0
ORD0472333,SKU0117,1,9.15,9.15,0
ORD0472473,SKU0093,1,5.95,5.95,0
ORD0472586,SKU0086,1,19.26,19.26,0
ORD0473113,SKU0179,1,29.61,29.61,0
ORD0473618,SKU0094,1,20.54,20.54,0
ORD0474215,SKU0259,2,39.71,79.42,0
ORD0474385,SKU0176,1,25.64,25.64,0
ORD0474406,SKU0017,1,21.35,21.35,0
ORD0474742,SKU0134,1,4.96,4.96,0
ORD0475209,SKU0135,1,21.67,21.67,0
ORD0475222,SKU0154,1,8.44,8.44,0
ORD0475249,SKU0266,1,71.05,71.05,0
ORD0475342,SKU0264,1,50.01,50.01,0
ORD0475839,SKU0156,1,10.8,10.8,0
ORD0475996,SKU0106,1,18.54,18.54,0
ORD0476061,SKU0143,1,13.42,13.42,0
ORD0476304,SKU0212,1,22.78,22.78,1
ORD0476311,SKU0049,1,6.02,6.02,0
ORD0476539,SKU0043,1,31.63,31.63,0
ORD0476641,SKU0068,1,71.63,71.63,0
ORD0476809,SKU0106,1,18.54,18.54,0
ORD0477410,SKU0018,1,12.52,12.52,0
ORD0477520,SKU0176,1,25.64,25.64,0
ORD0477639,SKU0136,1,29.6,29.6,0
ORD0477665,SKU0012,1,18.24,18.24,0
ORD0477910,SKU0169,1,7.65,7.65,0
ORD0477911,SKU0207,1,25.01,25.01,0
ORD0478337,SKU0257,1,40.39,40.39,0
ORD0478387,SKU0113,1,31.57,31.57,0
ORD0478494,SKU0261,3,12.53,37.59,0
ORD0478972,SKU0022,1,15.62,15.62,0
ORD0479166,SKU0142,1,20.0,20.0,0
ORD0479246,SKU0066,1,32.55,32.55,0
ORD0479517,SKU0095,1,20.31,20.31,1
ORD0479524,SKU0127,1,24.74,24.74,0
ORD0479929,SKU0156,1,10.8,10.8,0
ORD0479953,SKU0219,1,35.96,35.96,0
ORD0480694,SKU0012,1,18.24,18.24,0
ORD0480870,SKU0156,1,10.8,10.8,0
ORD0481119,SKU0179,1,29.61,29.61,0
ORD0481398,SKU0032,1,25.5,25.5,0
ORD0481712,SKU0188,1,54.08,54.08,0
ORD0481879,SKU0169,1,7.65,7.65,0
ORD0481968,SKU0266,1,71.05,71.05,0
ORD0482196,SKU0085,1,17.61,17.61,0
ORD0482532,SKU0042,1,26.23,26.23,0
ORD0483041,SKU0176,1,25.64,25.64,0
ORD0483211,SKU0023,1,9.17,9.17,0
ORD0483550,SKU0181,1,13.82,13.82,0
